penyebut,pembilang,penyebut m(x),pembilang m(x),tau(x),sigma(x),maks orbit(penyebut),maks orbit(pembilang),banyaknya n,banyaknya kenaikan,mutlak selisih maksimum(penyebut),mutlak selisih maksimum(pembilang),klasifikasi
2,1,2,1,4,4,1,1,1,2,2,1,1
3762,1897,418,283,73,44,1,1,35,59,3762,1897,1
1822,919,911,622,73,52,3644,3703,35,59,1822,919,1
3638,1835,3638,2485,73,43,1819,1850,35,59,3638,1835,1
1778,897,889,611,73,52,3556,3659,35,59,1778,897,1
2758,1395,2758,2045,73,52,1379,1630,35,59,2758,1395,1
2706,1369,902,673,73,52,41,49,35,59,2706,1369,1
1998,1015,6,5,73,36,111,160,35,59,222,139,1
1938,985,646,545,73,35,17,25,35,59,646,417,1
902,459,451,392,73,20,164,253,35,59,1804,1251,1
842,429,421,377,73,19,1684,2723,35,59,1684,1251,1
202,103,808,737,73,52,1616,2689,35,59,1616,1251,1
402,205,268,245,73,52,536,895,35,59,536,417,1
100,51,800,733,73,52,1600,2681,35,59,1600,1251,1
398,203,796,731,73,52,1592,2677,35,59,1592,1251,1
198,101,88,81,73,52,16,27,35,59,176,139,1
394,201,788,727,73,52,1576,2669,35,59,1576,1251,1
49,25,784,725,73,52,1568,2665,35,59,1568,1251,1
390,199,260,241,73,52,520,887,35,59,520,417,1
194,99,776,721,73,52,1552,2657,35,59,1552,1251,1
774,395,43,40,73,34,172,295,35,59,172,139,1
386,197,772,719,73,52,1544,2653,35,59,1544,1251,1
96,49,256,239,73,52,512,883,35,59,512,417,1
382,195,764,715,73,52,1528,2645,35,59,1528,1251,1
190,97,760,713,73,52,80,139,35,59,1520,1251,1
378,193,84,79,73,52,168,293,35,59,168,139,1
754,385,377,355,73,33,1508,2635,35,59,1508,1251,1
370,189,20,19,73,24,1480,2621,35,59,1480,1251,1
354,181,236,229,73,23,472,863,35,59,472,417,1
350,179,700,683,73,12,1400,2581,35,59,1400,1251,1
174,89,232,227,73,26,464,859,35,59,464,417,1
686,351,343,338,73,28,1372,2567,35,59,1372,1251,1
674,345,337,335,73,52,1348,2555,35,59,1348,1251,1
84,43,224,223,73,25,448,851,35,59,448,417,1
670,343,335,334,73,52,1340,2551,35,59,1340,1251,1
666,341,1,1,73,27,148,283,35,59,148,139,1
48610,24889,24305,24307,75,52,97220,185923,36,60,97220,91323,1
47278,24207,23639,23641,75,52,8596,16439,36,59,94556,88821,1
48606,24887,8101,8102,75,52,32404,61973,36,59,32404,30441,1
47274,24205,7879,7880,75,52,31516,60275,36,59,31516,29607,1
48602,24885,24301,24305,75,52,5116,9785,36,59,97204,91323,1
47270,24203,23635,23639,75,52,94540,180821,36,59,94540,88821,1
48594,24881,8099,8101,75,52,32396,61969,36,59,32396,30441,1
47262,24199,7877,7879,75,52,31508,60271,36,59,31508,29607,1
48586,24877,24293,24301,75,52,97172,185899,36,59,97172,91323,1
47254,24195,23627,23635,75,52,94508,180805,36,59,94508,88821,1
48578,24873,24289,24299,75,52,97156,185891,36,59,97156,91323,1
47246,24191,23623,23633,75,52,94492,180797,36,59,94492,88821,1
48570,24869,8095,8099,75,52,32380,61961,36,59,32380,30441,1
47238,24187,7873,7877,75,52,31492,60263,36,59,31492,29607,1
48562,24865,24281,24295,75,52,97124,185875,36,59,97124,91323,1
47230,24183,23615,23629,75,52,94460,180781,36,59,94460,88821,1
48558,24863,8093,8098,75,52,32372,61957,36,59,32372,30441,1
47226,24181,7871,7876,75,52,31484,60259,36,59,31484,29607,1
48554,24861,24277,24293,75,52,8828,16897,36,59,97108,91323,1
47222,24179,23611,23627,75,52,94444,180773,36,59,94444,88821,1
48550,24859,24275,24292,75,52,97100,185863,36,59,97100,91323,1
47218,24177,23609,23626,75,52,94436,180769,36,59,94436,88821,1
48546,24857,2697,2699,75,52,10788,20651,36,59,10788,10147,1
47214,24175,2623,2625,75,52,10492,20085,36,59,10492,9869,1
48538,24853,24269,24289,75,52,97076,185851,36,59,97076,91323,1
47206,24171,23603,23623,75,52,94412,180757,36,59,94412,88821,1
48534,24851,8089,8096,75,52,32356,61949,36,59,32356,30441,1
47202,24169,7867,7874,75,52,31468,60251,36,59,31468,29607,1
48530,24849,24265,24287,75,52,97060,185843,36,59,97060,91323,1
47198,24167,23599,23621,75,52,94396,180749,36,59,94396,88821,1
48522,24845,8087,8095,75,52,32348,61945,36,59,32348,30441,1
47190,24163,7865,7873,75,52,2860,5477,36,59,31460,29607,1
47186,24161,23593,23618,75,52,94372,180737,36,59,94372,88821,1
48514,24841,24257,24283,75,52,97028,185827,36,59,97028,91323,1
48510,24839,2695,2698,75,52,980,1877,36,59,10780,10147,1
47158,24147,23579,23611,75,52,4964,9511,36,59,94316,88821,1
48482,24825,24241,24275,75,52,96964,185795,36,59,96964,91323,1
15938,8161,15938,15961,75,52,15938,30541,36,59,7969,7506,1
23574,12071,15716,15739,75,52,31432,60233,36,59,31432,29607,1
24238,12411,48476,48547,75,52,96952,185789,36,59,96952,91323,1
47810,24481,47810,47881,75,52,47810,91621,36,59,23905,22518,1
48470,24819,655,656,75,52,96940,185783,36,60,96940,91323,1
47138,24137,637,638,75,52,94276,180689,36,60,94276,88821,1
48442,24805,24221,24265,75,52,96884,185755,36,60,96884,91323,1
48438,24803,2691,2696,75,52,10764,20639,36,60,10764,10147,1
47110,24123,23555,23599,75,52,94220,180661,36,60,94220,88821,1
47106,24121,2617,2622,75,52,10468,20073,36,60,10468,9869,1
48430,24799,24215,24262,75,52,96860,185743,36,60,96860,91323,1
47098,24117,23549,23596,75,52,94196,180649,36,60,94196,88821,1
48422,24795,24211,24260,75,52,8804,16885,36,60,96844,91323,1
47094,24115,7849,7865,75,52,31396,60215,36,60,31396,29607,1
48418,24793,24209,24259,75,52,96836,185731,36,60,96836,91323,1
47090,24113,23545,23594,75,52,94180,180641,36,60,94180,88821,1
48414,24791,8069,8086,75,52,32276,61909,36,60,32276,30441,1
47082,24109,7847,7864,75,52,1652,3169,36,60,31388,29607,1
48406,24787,24203,24256,75,52,96812,185719,36,60,96812,91323,1
47078,24107,23539,23591,75,52,94156,180629,36,60,94156,88821,1
48402,24785,2689,2695,75,52,10756,20635,36,60,10756,10147,1
47074,24105,23537,23590,75,52,94148,180625,36,60,94148,88821,1
48398,24783,24199,24254,75,52,96796,185711,36,60,96796,91323,1
47070,24103,2615,2621,75,52,10460,20069,36,60,10460,9869,1
48394,24781,24197,24253,75,52,96788,185707,36,60,96788,91323,1
47066,24101,23533,23588,75,52,94132,180617,36,60,94132,88821,1
48390,24779,8065,8084,75,52,32260,61901,36,60,32260,30441,1
47058,24097,7843,7862,75,52,2852,5473,36,60,31372,29607,1
5,3,5,12,35,23,80,437,16,26,80,207,1
127734269,76640563,4087496608,9835253879,1179,106,2043748304,11163841821,588,1005,157211408,406773155,1
125680399,75408241,4021772768,9677516663,1179,105,2010886384,10984333583,588,1005,154683568,400232369,1
11787333,7072400,3017557248,7267399415,1179,90,188597328,1030196243,588,1005,188597328,487977121,1
11567183,6940310,2961198848,7132139255,1179,89,8046736,43954571,588,1005,185074928,478862911,1
8839913,5303948,2263017728,5456504567,1179,78,141438608,772591735,588,1005,2111024,5461999,1
8650843,5190506,2214615808,5340339959,1179,77,138413488,756067017,588,1005,138413488,358126435,1
267809891,160685941,2142479128,5167211927,1179,294,4284958256,23406051315,588,1005,4284958256,11086738601,1
266750581,160050355,2134004648,5146873175,1179,293,4268009296,23313467621,588,1005,4268009296,11042883167,1
264880601,158928367,2119044808,5110969559,1179,374,4238089616,23150031369,588,1005,4238089616,10965465995,1
264101011,158460613,2112808088,5096001431,1179,373,4225616176,23081895203,588,1005,4225616176,10933190969,1
127786333,76671803,2044581328,4932257207,1179,106,2044581328,11168258925,588,1005,2044581328,5290058743,1
7889383,4733630,2019682048,4872498935,1179,74,126230128,689515413,588,1005,126230128,326601991,1
125732463,75439481,2011719408,4853388599,1179,105,2011719408,10988750687,588,1005,2011719408,5205028525,1
7710673,4626404,1973932288,4762699511,1179,73,123370768,673896159,588,1005,123370768,319203397,1
121761083,73056653,1948177328,4700887607,1179,298,1948177328,10641652075,588,1005,1948177328,5040613393,1
121323373,72794027,8704816,21004841,1179,297,1941173968,10603396221,588,1005,1941173968,5022492199,1
28769397,17261639,1841241408,4444241399,1179,212,460310352,2514378653,588,1005,460310352,1190979175,1
14308941,8585365,1831544448,4420968695,1179,211,228943056,1250568121,588,1005,228943056,592353227,1
911150369,546690247,1822300738,4398783791,1179,496,14578405904,79632409617,588,1005,14578405904,37719261731,1
909469459,545681701,1818938918,4390715423,1179,495,14551511344,79485498083,588,1005,14551511344,37649672057,1
27997577,16798547,1791844928,4325689847,1179,278,447961232,2446921585,588,1005,447961232,1159025827,1
6990653,4194392,1789607168,4320319223,1179,70,111850448,610966411,588,1005,111850448,289394569,1
55789249,33473551,1785255968,4309876343,1179,277,892627984,4875847073,588,1005,892627984,2309527187,1
6822303,4093382,1746509568,4216884983,1179,69,109156848,596252621,588,1005,109156848,282424879,1
27013377,16208027,1728856128,4174516727,1179,166,432214032,2360902505,588,1005,432214032,1118279947,1
1728209923,1036926005,1728209923,4172965835,1179,444,27651358768,151041282003,588,1005,27651358768,71543163721,1
1724829973,1034898035,1724829973,4164853955,1179,443,27597279568,150745874373,588,1005,27597279568,71403233791,1
53660269,32196163,1717128608,4146370679,1179,165,858564304,4689774221,588,1005,66043408,170875955,1
53517819,32110693,1712570208,4135430519,1179,118,856285104,4677324091,588,1005,856285104,2215489985,1
213352551,128011537,1706820408,4121630999,1179,274,3413640816,18646479799,588,1005,3413640816,8832204725,1
212588501,127553107,1700708008,4106961239,1179,273,3401416016,18579701829,588,1005,3401416016,8800573055,1
52955789,31773475,1694585248,4092266615,1179,117,847292624,4628202669,588,1005,847292624,2192221943,1
211601711,126961033,1692813688,4088014871,1179,310,3385627376,18493456383,588,1005,3385627376,8759719949,1
211451491,126870901,1691611928,4085130647,1179,282,3383223856,18480327155,588,1005,3383223856,8753500841,1
210972341,126583411,1687778728,4075930967,1179,309,3375557456,18438449445,588,1005,3375557456,8733664031,1
210734061,126440443,1685872488,4071355991,1179,281,3371744976,18417623773,588,1005,3371744976,8723799239,1
210192751,126115657,1681542008,4060962839,1179,354,3363084016,18370313279,588,1005,3363084016,8701389005,1
419972397,251983451,1679889588,4056997031,1179,258,6719558352,36704521181,588,1005,516889104,1337359651,1
209666981,125800195,1677335848,4050868055,1179,353,3354671696,18324360981,588,1005,3354671696,8679622127,1
209654031,125792425,1677232248,4050619415,1179,198,3354464496,18323229151,588,1005,3354464496,8679085997,1
418379547,251027741,1673518188,4041705671,1179,257,6694072752,36565306091,588,1005,6694072752,17319731473,1
208537741,125122651,1668301928,4029186647,1179,197,3336603856,18225665405,588,1005,3336603856,8632871591,1
208006791,124804081,1664054328,4018992407,1179,142,3328108656,18179260375,588,1005,3328108656,8610890261,1
1651294693,990776867,1651294693,3988369283,1179,452,26420715088,144318890901,588,1005,26420715088,68358873199,1
206331061,123798643,1650648488,3986818391,1179,141,3301296976,18032801573,588,1005,3301296976,8541515039,1
1648329143,988997537,1648329143,3981251963,1179,451,26373266288,144059701831,588,1005,26373266288,68236099429,1
25425707,15255425,1627245248,3930650615,1179,96,406811312,2222140147,588,1005,406811312,1052550409,1
100670713,60402431,1610731408,3891017399,1179,154,1610731408,8798353737,588,1005,123902416,320574775,1
50223339,30134005,1607146848,3882414455,1179,370,803573424,4389386539,588,1005,803573424,2079098513,1
25070877,15042527,1604536128,3876148727,1179,95,401134032,2191128005,588,1005,30856464,79835419,1
50111969,30067183,1603583008,3873861239,1179,369,801791504,4379652801,588,1005,801791504,2074487795,1
99963643,59978189,1599418288,3863865911,1179,153,1599418288,8736555819,588,1005,123032176,318323029,1
6143723,3686234,1572793088,3799965431,1179,66,98299568,536944729,588,1005,98299568,254331667,1
12006431,7203859,1536823168,3713637623,1179,86,192102896,1049328747,588,1005,192102896,497029313,1
5985733,3591440,1532347648,3702896375,1179,65,95771728,523136403,588,1005,7367056,19060837,1
95397473,57238487,1526359568,3688524983,1179,130,1526359568,8337472561,588,1005,1526359568,3949159939,1
5957243,3574346,1525054208,3685392119,1179,338,95315888,520646377,588,1005,95315888,246611395,1
47547869,28528723,1521531808,3676938359,1179,337,760765904,4155550461,588,1005,760765904,1968334055,1
94597163,56758301,1513554608,3657793079,1179,129,1513554608,8267525467,588,1005,1513554608,3916027105,1
189136051,113481637,1513088408,3656674199,1179,216,3026176816,16529957699,588,1005,232782832,602280125,1
11807001,7084201,1511296128,3652372727,1179,85,188912016,1031898565,588,1005,188912016,488772911,1
11793841,7076305,1509611648,3648329975,1179,90,188701456,1030748381,588,1005,188701456,488228087,1
753916649,452350015,1507833298,3644061935,1179,424,12062666384,65890182489,588,1005,12062666384,31209785723,1
188335741,113001451,1506685928,3641308247,1179,215,3013371856,16460010605,588,1005,3013371856,7796508791,1
752650139,451590109,1505300278,3637982687,1179,423,12042402224,65779489515,588,1005,12042402224,31157352209,1
186895701,112137427,1495165608,3613659479,1179,326,2990331216,16334151109,588,1005,2990331216,7736891135,1
186457991,111874801,1491663928,3605255447,1179,325,2983327856,16295895255,588,1005,2983327856,7718769941,1
11573691,6944215,1481432448,3580699895,1179,89,185179056,1011507271,588,1005,185179056,479113877,1
184520671,110712409,1476165368,3568058903,1179,436,2952330736,16126573487,588,1005,2952330736,7638564893,1
368682627,221209589,1474730508,3564615239,1179,318,5898922032,32221795283,588,1005,5898922032,15262278985,1
184233181,110539915,1473865448,3562539095,1179,435,2947730896,16101446861,588,1005,2947730896,7626662807,1
367809797,220685891,1471239188,3556236071,1179,317,5884956752,32145509941,588,1005,5884956752,15226143823,1
22900457,13740275,1465629248,3542772215,1179,102,366407312,2001433297,588,1005,366407312,948005059,1
2896820561,1738092439,2896820561,7002893386,1179,832,46349128976,253173586497,588,1005,46349128976,119918917043,1
22623327,13573997,1447892928,3500205047,1179,101,361973232,1977212135,588,1005,361973232,936531877,1
2895181091,1737108757,2895181091,6998958658,1179,832,46322897456,253030296819,588,1005,46322897456,119851042985,1
90323663,54194201,1445178608,3493690679,1179,358,1445178608,7894021567,588,1005,1445178608,3739104205,1
90147543,54088529,1442360688,3486927671,1179,357,1442360688,7878628679,588,1005,1442360688,3731812837,1
1410919383,846551681,1410919383,3411468539,1179,394,981509136,5361308209,588,1005,22574710128,58407335365,1
1408637593,845182607,1408637593,3405992243,1179,393,22538201488,123110660361,588,1005,22538201488,58312869259,1
175699131,105419485,1405593048,3398685335,1179,202,2811186096,15355570891,588,1005,2811186096,7273353137,1
174950621,104970379,1399604968,3384313943,1179,201,2799209936,15290151117,588,1005,2799209936,7242364823,1
692958409,415775071,1385916818,3351462383,1179,788,11087334544,60562432313,588,1005,852871888,2206624199,1
692468899,415481365,1384937798,3349112735,1179,787,11079502384,60519649139,588,1005,11079502384,28665848873,1
21639127,12983477,1384904128,3349031927,1179,286,346226032,1891193055,588,1005,346226032,895785997,1
21584737,12950843,1381423168,3340677623,1179,285,345355792,1886439369,588,1005,345355792,893534251,1
5348593,3209156,1369239808,3311437559,1179,62,85577488,467450367,588,1005,85577488,221413285,1
338418477,203051099,1353673908,3274079399,1179,402,5414695632,29576708573,588,1005,5414695632,14009343175,1
337934147,202760501,1351736588,3269429831,1179,401,235084624,1284103397,588,1005,5406946352,13989291913,1
84211263,50526761,1347380208,3258974519,1179,290,1347380208,7359797807,588,1005,1347380208,3486050845,1
84014423,50408657,1344230768,3251415863,1179,289,58444816,319243217,588,1005,1344230768,3477901669,1
5212618,3127571,1334430208,3227894519,1179,84,10425236,56945769,588,1005,5212618,13486495,1
5200963,3120578,1331446528,3220733687,1179,61,83215408,454547505,588,1005,83215408,215301403,1
166411391,99846841,1331291128,3220360727,1179,224,2662582256,14543822415,588,1005,2662582256,6888840701,1
41518349,24911011,1328587168,3213871223,1179,246,664293584,3628570413,588,1005,664293584,1718711927,1
165849361,99509623,1326794888,3209569751,1179,223,2653589776,14494700993,588,1005,2653589776,6865572659,1
41396619,24837973,1324691808,3204522359,1179,245,28797648,157301357,588,1005,662345904,1713672305,1
1318420123,791052125,1318420123,3189470315,1179,390,21094721968,115225653483,588,1005,21094721968,54577866001,1
1316578633,789947231,1316578633,3185050739,1179,389,21065258128,115064707257,588,1005,21065258128,54501628315,1
5127148,3076289,1312549888,3175381751,1179,83,41017184,224048037,588,1005,3155168,8163287,1
7,4,28,41,21,12,56,135,9,16,56,43,1
1781915,1018244,7127660,10783273,189,100,14255320,34354011,93,141,2851064,2186659,1
1752809,1001612,7011236,10612795,189,99,14022472,33792681,93,141,14022472,10754501,1
1784555,1019756,7138220,10971907,189,100,14276440,34399179,93,141,2855288,2188627,1
593237,338996,2372948,3647845,189,68,4745896,11435253,93,141,4745896,3637793,1
1755449,1003124,7021796,10801429,189,99,14043592,33837849,93,141,14043592,10764341,1
579223,330988,2316892,3565763,189,67,4633784,11164983,93,141,4633784,3551707,1
2244281,1282460,690548,1064443,189,76,17954248,43259577,93,141,17954248,13760789,1
552427,315676,2209708,3408815,189,60,4419416,10648203,93,141,4419416,3387103,1
733053,418892,2932212,4524491,189,75,5864424,14129789,93,141,1954808,1498179,1
537181,306964,2148724,3319517,189,59,4297448,10354173,93,141,4297448,3293449,1
1784747,1019868,7138988,11088479,189,100,14277976,34399051,93,141,14277976,10940063,1
1755641,1003236,7022564,10918001,189,99,14045128,33837721,93,141,14045128,10761269,1
446783,255308,1787132,2790043,189,56,3574264,8610783,93,141,3574264,2738147,1
433693,247828,133444,208721,189,55,3469544,8358333,93,141,3469544,2657737,1
1763995,1008012,7055980,11082379,189,100,14111960,33995003,93,141,2822392,2161667,1
133453,76260,533812,839377,189,99,1067624,2571821,93,141,1067624,817657,1
594557,339752,1189114,1871081,189,68,4756456,11457837,93,141,4756456,3642713,1
580543,331744,580543,915020,189,67,4644344,11187567,93,141,4644344,3556627,1
2249561,1285484,8998244,14215027,189,76,17996488,43349913,93,141,17996488,13780469,1
987551,564324,3950204,6246017,189,140,7900408,19030303,93,141,7900408,6049379,1
553747,316432,553747,875783,189,60,4429976,10670787,93,141,4429976,3392023,1
980621,560364,3922484,6205427,189,139,7844968,18896653,93,141,7844968,6006809,1
734813,419900,2939252,4650247,189,75,5878504,14159901,93,141,5878504,4501097,1
538501,307720,1077002,1706917,189,59,4308008,10376757,93,141,138968,106399,1
2858395,1633396,11433580,18127397,189,136,22867160,55080219,93,141,4573432,3501539,1
2838221,1621868,11352884,18009235,189,135,22705768,54691149,93,141,22705768,17383769,1
587241,335572,2348964,3728173,189,100,4697928,11315785,93,141,1565976,1198903,1
465247,265860,1860988,2955913,189,80,3721976,8964959,93,141,3721976,2849443,1
577539,330028,2310156,3671347,189,99,4620312,11128675,93,141,1540104,1179037,1
2757217,1575580,11028868,17534783,189,132,22057736,53128929,93,141,22057736,16886173,1
458317,261900,1833268,2915323,189,79,3666536,8831309,93,141,3666536,2806873,1
912553,521468,3650212,5806743,189,131,7300424,17583913,93,141,7300424,5588677,1
594653,339808,594653,950112,189,68,4757224,11457773,93,141,4757224,3641177,1
5171245,2955052,20684980,33059459,189,166,41369960,99639213,93,141,8273992,6332837,1
5146759,2941060,20587036,32916041,189,165,41174072,99166983,93,141,41174072,31513771,1
580639,331800,1161278,1859183,189,67,4645112,11187503,93,141,4645112,3555091,1
1790307,1023052,7161228,11467387,189,100,14322456,34494787,93,141,4774152,3653821,1
52583,30048,52583,84212,189,44,420664,1013143,93,141,420664,321947,1
830471,474564,3321884,5325977,189,120,6643768,16000903,93,141,6643768,5084459,1
1761201,1006420,541908,868993,189,99,14089608,33933457,93,141,4696536,3594223,1
2473703,1413572,9894812,15874201,189,119,19789624,47661159,93,141,19789624,15144587,1
617675,352964,2470700,3964153,189,158,4941400,11900811,93,141,31880,24397,1
614749,351292,2458996,3947015,189,157,4917992,11844381,93,141,4917992,3763561,1
2249945,1285708,8999780,14448171,189,76,17999560,43349657,93,141,3599912,2754865,1
50581,28904,101162,162561,189,43,404648,974533,93,141,404648,309649,1
303101,173204,1212404,1948477,189,48,2424808,5839773,93,141,2424808,1855529,1
553843,316488,1107686,1780709,189,60,4430744,10670723,93,141,4430744,3390487,1
2204823,1259924,8819292,14183885,189,75,17638584,42479447,93,141,5879528,4499049,1
2402555,1372916,9610220,15457477,189,116,19220440,46289019,93,141,3844088,2941507,1
448103,256064,448103,721090,189,56,3584824,8633367,93,141,3584824,2743067,1
2385461,1363148,733988,1181335,189,115,19083688,45959349,93,141,19083688,14602529,1
538597,307776,538597,868030,189,59,4308776,10376693,93,141,4308776,3296833,1
97697,55828,390788,629949,189,47,781576,1882241,93,141,781576,598013,1
1170901,669100,4683604,7550819,189,150,9367208,22558677,93,141,302168,231199,1
1554143,888100,6216572,10026417,189,167,12433144,29942111,93,141,12433144,9512867,1
1165511,666020,4662044,7519249,189,149,9324088,22454727,93,141,9324088,7134059,1
24251,13858,194008,312945,189,88,194008,467219,93,141,194008,148439,1
4645643,2654708,18582572,29980933,189,167,37165144,89502603,93,141,37165144,28435487,1
435013,248584,870026,1403845,189,55,3480104,8380917,93,141,3480104,2662657,1
772259,441300,3089036,4985021,189,112,6178072,14878243,93,141,6178072,4726871,1
47963,27408,47963,77447,189,87,383704,924043,93,141,383704,293567,1
2300299,1314484,9201196,14858549,189,111,18402392,44316939,93,141,18402392,14079391,1
1791283,1023612,551164,891427,189,100,14330264,34509779,93,141,14330264,10963207,1
1119311,639620,4477244,7248649,189,128,8954488,21563727,93,141,8954488,6850259,1
559001,319436,2236004,3620491,189,167,4472008,10769241,93,141,4472008,3421109,1
744693,425548,2978772,4823563,189,108,5957544,14346613,93,141,1985848,1519179,1
185769,106156,743076,1203523,189,167,1486152,3578857,93,141,495384,378967,1
1113151,636100,342508,554813,189,127,8905208,21444927,93,141,8905208,6812419,1
1762177,1006980,7048708,11418073,189,99,14097416,33948449,93,141,14097416,10784413,1
2218217,1267580,8872868,14377783,189,107,17745736,42733929,93,141,17745736,13575173,1
584277,333880,1168554,1898699,189,68,4674216,11255749,93,141,1558072,1191771,1
4297603,2455828,17190412,27942413,189,167,34380824,82790403,93,141,34380824,26297527,1
44729,25560,89458,145423,189,160,357832,861673,93,141,357832,273701,1
4284205,2448172,17136820,27863939,189,167,34273640,82532013,93,141,6854728,5243045,1
44575,25472,44575,72486,189,159,356600,858703,93,141,71320,54551,1
88303,50460,353212,574927,189,66,706424,1701071,93,141,706424,540307,1
570263,325872,570263,928829,189,67,4562104,10985479,93,141,4562104,3489227,1
260135,148652,1040540,1696819,189,65,2081080,5011143,93,141,416216,318319,1
86455,49404,345820,564103,189,167,691640,1665431,93,141,138328,105791,1
258749,147860,1034996,1688701,189,167,2069992,4984413,93,141,2069992,1583081,1
2048971,1170868,8195884,13386485,189,167,16391768,39469899,93,141,16391768,12535519,1
2043581,1167788,8174324,13354915,189,167,16348648,39365949,93,141,16348648,12502409,1
127411,72808,254822,416425,189,40,1019288,2454339,93,141,1019288,779479,1
2208441,1261996,8833764,14435971,189,76,17667528,42541561,93,141,5889176,4503623,1
167443,95684,669772,1096185,189,144,1339544,3225427,93,141,1339544,1024327,1
543467,310560,543467,889592,189,60,4347736,10468699,93,141,4347736,3324623,1
500635,286084,2002540,3278633,189,143,4005080,9643611,93,141,801016,612515,1
2163319,1236212,8653276,14171685,189,75,17306552,41671351,93,141,17306552,13233691,1
1788219,1021864,3576438,5857457,189,100,14305752,34445899,93,141,4768584,3646357,1
330357,188780,1321428,2165843,189,140,2642856,6363509,93,141,880952,673611,1
328047,187460,1312188,2152313,189,139,2624376,6318959,93,141,874792,668881,1
1759113,1005232,1759113,2886109,189,99,14072904,33884569,93,141,4690968,3586759,1
448199,256120,896398,1471323,189,56,3585592,8633303,93,141,3585592,2741531,1
122021,69728,122021,200320,189,39,976168,2350389,93,141,976168,746369,1
528221,301848,1056442,1734535,189,59,4225768,10174669,93,141,4225768,3230969,1
242579,138620,970316,1593991,189,167,1940632,4672563,93,141,1940632,1483751,1
242117,138356,968468,1591285,189,167,1936936,4663653,93,141,1936936,1480913,1
2868955,1639444,11475820,18881933,189,136,22951640,55260891,93,141,4590328,3509411,1
119095,68056,238190,392071,189,98,952760,2293959,93,141,190552,145679,1
2848781,1627916,876548,1443367,189,135,54392,130959,93,141,22790248,17423129,1
8,5,8,17,27,13,32,145,12,19,32,65,1
8564712,5352953,2854904,6114209,227,200,11419616,51770023,112,185,11419616,23220983,1
8504664,5315423,2834888,6071675,227,200,11339552,51407233,112,185,11339552,23058353,1
3753480,2345929,312790,670621,227,154,5004640,22689719,112,185,5004640,10178119,1
3718488,2324059,619748,1328849,227,153,4957984,22478309,112,185,4957984,10083349,1
199614,124759,56032,120319,227,130,15656,70987,112,185,15656,31847,1
796944,498091,1062592,2281777,227,58,1062592,4817981,112,185,1062592,2161501,1
790032,493771,1053376,2262193,227,129,1053376,4776221,112,185,1053376,2142781,1
774048,483781,1032064,2216905,227,57,1032064,4679651,112,185,1032064,2099491,1
2873064,1795669,119711,257357,227,100,3830752,17370539,112,185,3830752,7793659,1
2833752,1771099,472292,1015505,227,99,3778336,17133029,112,185,3778336,7687189,1
1388472,867797,925648,1990771,227,114,1851296,8394907,112,185,1851296,3766667,1
1372488,857807,914992,1968127,227,113,1829984,8298337,112,185,1829984,3723377,1
681600,426001,908800,1954969,227,54,908800,4121111,112,185,908800,1849111,1
2673912,1671199,445652,958895,227,94,3565216,16167329,112,185,3565216,7254289,1
660432,412771,880576,1894993,227,53,880576,3993221,112,185,880576,1791781,1
2635464,1647169,219622,472639,227,93,3513952,15935039,112,185,3513952,7150159,1
2481672,1551049,206806,445405,227,194,3308896,15005879,112,185,3308896,6733639,1
2480808,1550509,103367,222626,227,90,3307744,15000659,112,185,3307744,6731299,1
2467416,1542139,21644,46619,227,193,3289888,14919749,112,185,3289888,6695029,1
1229496,768437,819664,1765555,227,62,1639328,7434427,112,185,1639328,3336107,1
2444088,1527559,407348,877499,227,89,3258784,14778809,112,185,3258784,6631849,1
1199688,749807,799792,1723327,227,61,1599584,7254337,112,185,1599584,3255377,1
574896,359311,766528,1652641,227,50,766528,3476441,112,185,766528,1560121,1
555456,347161,740608,1597561,227,49,740608,3358991,112,185,740608,1507471,1
8566440,5354041,2855480,6162971,227,200,11421920,51805351,112,185,11421920,23250551,1
8543400,5339641,2847800,6146651,227,200,11391200,51666151,112,185,11391200,23188151,1
8506392,5316511,2835464,6120437,227,200,667168,3026033,112,185,667168,1358113,1
8483352,5302111,2827784,6104117,227,200,11311136,51303361,112,185,11311136,23025521,1
1989192,1243249,165766,358195,227,78,2652256,12030479,112,185,2652256,5399839,1
1974072,1233799,329012,711035,227,150,2632096,11939129,112,185,2632096,5358889,1
1961544,1225969,163462,353299,227,149,2615392,11863439,112,185,2615392,5324959,1
1957656,1223539,326276,705221,227,77,2610208,11839949,112,185,2610208,5314429,1
476832,298021,635776,1374793,227,46,635776,2883971,112,185,635776,1294531,1
952152,595097,634768,1372651,227,64,1269536,5758807,112,185,1269536,2584967,1
3754344,2346473,1251448,2706865,227,154,5005792,22707383,112,185,5005792,10192903,1
3742824,2339273,1247608,2698705,227,154,4990432,22637783,112,185,4990432,10161703,1
932712,582947,621808,1345111,227,63,1243616,5641357,112,185,1243616,2532317,1
3719352,2324603,1239784,2682079,227,153,4959136,22495973,112,185,4959136,10098133,1
3707832,2317403,1235944,2673919,227,153,4943776,22426373,112,185,4943776,10066933,1
459120,286951,612160,1324609,227,45,612160,2776961,112,185,612160,1246561,1
1830648,1144159,305108,660239,227,74,2440864,11072609,112,185,2440864,4970449,1
1800840,1125529,150070,324841,227,73,2401120,10892519,112,185,2401120,4889719,1
1680744,1050469,70031,151787,227,70,2240992,10166939,112,185,2240992,4564459,1
1660872,1038049,138406,300055,227,126,2214496,10046879,112,185,2214496,4510639,1
1652664,1032919,275444,597203,227,69,2203552,9997289,112,185,2203552,4488409,1
1650072,1031299,275012,596285,227,125,2200096,9981629,112,185,2200096,4481389,1
199668,124793,532448,1155221,227,130,266224,1207883,112,185,266224,542323,1
797160,498227,531440,1153079,227,58,1062880,4822397,112,185,1062880,2165197,1
198948,124343,530528,1151141,227,130,265264,1203533,112,185,265264,540373,1
794280,496427,529520,1148999,227,58,1059040,4804997,112,185,1059040,2157397,1
790248,493907,27728,60173,227,129,1053664,4780637,112,185,1053664,2146477,1
787368,492107,524912,1139207,227,129,1049824,4763237,112,185,1049824,2138677,1
8621496,5388457,1915888,4158415,227,200,62816,285009,112,185,62816,127969,1
8561448,5350927,1902544,4130059,227,200,3805088,17264619,112,185,3805088,7751899,1
387408,242131,516544,1121425,227,42,516544,2343701,112,185,516544,1052341,1
774264,483917,516176,1120643,227,57,1032352,4684067,112,185,1032352,2103187,1
771384,482117,514256,1116563,227,57,1028512,4666667,112,185,1028512,2095387,1
762936,476837,508624,1104595,227,200,1017248,4615627,112,185,1017248,2072507,1
761208,475757,507472,1102147,227,200,1014944,4605187,112,185,1014944,2067827,1
371424,232141,495232,1076137,227,41,495232,2247131,112,185,495232,1009051,1
1439256,899539,239876,521621,227,82,1919008,8707949,112,185,1919008,3910429,1
2873928,1796213,957976,2083237,227,100,3831904,17388203,112,185,3831904,7808443,1
2862408,1789013,954136,2075077,227,100,3816544,17318603,112,185,3816544,7777243,1
2858424,1786523,952808,2072255,227,198,3811232,17294533,112,185,3811232,7766453,1
2851944,1782473,950648,2067665,227,197,3802592,17255383,112,185,3802592,7748903,1
1423272,889549,59303,128990,227,81,1897696,8611379,112,185,1897696,3867139,1
88590,55369,472480,1027789,227,200,118120,536009,112,185,118120,240709,1
2834616,1771643,944872,2055391,227,99,3779488,17150693,112,185,3779488,7701973,1
707208,442007,471472,1025647,227,200,942944,4278937,112,185,942944,1921577,1
2823096,1764443,49528,107749,227,99,3764128,17081093,112,185,3764128,7670773,1
87294,54559,465568,1013101,227,86,116392,528179,112,185,116392,237199,1
1388904,868069,57871,125947,227,114,1851872,8403739,112,185,1851872,3774059,1
1383144,864469,57631,125437,227,114,1844192,8368939,112,185,1844192,3758459,1
86430,54019,460960,1003309,227,85,115240,522959,112,185,115240,234859,1
3781872,2363681,1680832,3658921,227,154,1680832,7627677,112,185,1680832,3425597,1
1372920,858079,228820,498127,227,113,107680,488657,112,185,107680,219457,1
1367160,854479,227860,496087,227,113,1822880,8272369,112,185,1822880,3715169,1
681816,426137,454544,989675,227,54,909088,4125527,112,185,909088,1852807,1
3746880,2341811,1665280,3625873,227,153,1665280,7557207,112,185,1665280,3394007,1
678936,424337,452624,985595,227,54,905248,4108127,112,185,905248,1845007,1
2674776,1671743,891592,1942171,227,94,3566368,16184993,112,185,3566368,7269073,1
2663256,1664543,887752,1934011,227,94,3551008,16115393,112,185,3551008,7237873,1
660648,412907,440432,959687,227,53,880864,3997637,112,185,880864,1795477,1
2636328,1647713,878776,1914937,227,93,3515104,15952703,112,185,3515104,7164943,1
657768,411107,438512,955607,227,53,877024,3980237,112,185,877024,1787677,1
2624808,1640513,874936,1906777,227,93,3499744,15883103,112,185,3499744,7133743,1
39003,24377,416032,907837,227,200,13001,59008,112,185,26002,53011,1
311808,194881,415744,907225,227,200,415744,1886951,112,185,415744,847591,1
155796,97373,415456,906613,227,200,207728,942823,112,185,207728,423503,1
311376,194611,415168,906001,227,200,415168,1884341,112,185,415168,846421,1
2482536,1551593,827512,1806001,227,194,3310048,15023543,112,185,3310048,6748423,1
2481672,1551053,827224,1805389,227,90,3308896,15018323,112,185,3308896,6746083,1
310080,193801,21760,47491,227,200,24320,110383,112,185,24320,49583,1
154932,96833,413152,901717,227,200,206576,937603,112,185,206576,421163,1
309648,193531,412864,901105,227,200,412864,1873901,112,185,412864,841741,1
77358,48349,412576,900493,227,200,103144,468149,112,185,103144,210289,1
309216,193261,412288,899881,227,200,412288,1871291,112,185,412288,840571,1
154500,96563,412000,899269,227,200,206000,934993,112,185,206000,419993,1
1235784,772369,102982,224779,227,108,1647712,7478639,112,185,1647712,3359359,1
2471016,1544393,823672,1797841,227,194,3294688,14953943,112,185,3294688,6717223,1
9,5,4,5,15,11,8,23,6,10,8,13,1
888979,493879,3555916,4502763,261,86,7111832,20442677,129,192,7111832,11548119,1
872941,484969,94372,119529,261,85,6983528,20073803,129,192,6983528,11339625,1
858091,476719,3432364,4348323,261,50,6864728,19732253,129,192,6864728,11146575,1
829381,460769,3317524,4204773,261,49,6635048,19071923,129,192,6635048,10773345,1
675535,375299,2702140,3435543,261,98,1080856,3106693,129,192,5404280,8773347,1
666229,370129,2664916,3389013,261,97,5329832,15319427,129,192,5329832,8652369,1
295697,164277,1182788,1507419,261,86,2365576,6799111,129,192,2365576,3839757,1
290351,161307,1161404,1480689,261,85,2322808,6676153,129,192,2322808,3770259,1
285401,158557,1141604,1455939,261,50,2283208,6562303,129,192,2283208,3705909,1
827493,459721,1103324,1408089,261,49,2206648,6342193,129,192,2206648,3581499,1
275447,153027,1101788,1406169,261,42,2203576,6333361,129,192,2203576,3576507,1
134209,74561,134209,171378,261,104,1073672,3085847,129,192,1073672,1742565,1
33181,18434,530896,678087,261,103,265448,762923,129,192,265448,430815,1
264953,147197,1059812,1353699,261,41,2119624,6091999,129,192,2119624,3440085,1
1800547,1000311,7202188,9234207,261,74,14404376,41397221,129,192,14404376,23372679,1
14376161,7986813,57504644,73732581,261,173,115009288,330528823,129,192,115009288,186614637,1
673647,374251,39052,50073,261,98,1796392,5162707,129,192,1796392,2914833,1
14311811,7951063,57247244,73410831,261,173,114494488,329048773,129,192,114494488,185778087,1
221447,123027,885788,1136169,261,97,1771576,5091361,129,192,1771576,2874507,1
1771441,984141,7085764,9088677,261,73,14171528,40727783,129,192,14171528,22994301,1
217829,121017,871316,1118079,261,34,1742632,5008147,129,192,1742632,2827473,1
6685507,3714199,26742028,34353423,261,173,53484056,153705221,129,192,53484056,86773863,1
6659569,3699789,26638276,34223733,261,173,53276552,153108647,129,192,53276552,86436669,1
207335,115187,829340,1065609,261,33,331736,953357,129,192,1658680,2691051,1
12630197,7016833,2196556,2826207,261,173,101041576,290371651,129,192,101041576,163917105,1
1575025,875021,6300100,8106597,261,173,2520040,7242043,129,192,12600200,20440893,1
12588023,6993403,50352092,64791891,261,173,100704184,289401649,129,192,100704184,163368843,1
196049,108917,784196,1009179,261,173,1568392,4507207,129,192,1568392,2544333,1
49146767,27303987,5313164,6841647,261,173,393174136,1129884121,129,192,393174136,637806147,1
49010741,27228417,196042964,252460809,261,173,392085928,1126755523,129,192,392085928,636037809,1
274503,152503,2473,3189,261,42,732008,2103563,129,192,732008,1187361,1
133737,74299,356632,460257,261,104,356632,1024837,129,192,356632,578451,1
88471,49151,176942,228411,261,30,707768,2033873,129,192,707768,1147971,1
45297053,25165257,181188212,233892369,261,173,362376424,1041340699,129,192,362376424,587759865,1
45196667,25109487,180786668,233390439,261,173,361573336,1039031821,129,192,361573336,586454847,1
66126,36737,352672,455307,261,103,88168,253363,129,192,22042,35751,1
88003,48891,176006,227241,261,41,704024,2023109,129,192,704024,1141887,1
5547205,3081809,22188820,28661913,261,173,8875528,25504855,129,192,44377640,71975937,1
5534731,3074879,22138924,28599543,261,173,44277848,127237373,129,192,44277848,71813775,1
5506417,3059149,22025668,28457973,261,132,44051336,126586151,129,192,44051336,71445693,1
5481271,3045179,21925084,28332243,261,131,43850168,126007793,129,192,43850168,71118795,1
337351,187419,1349404,1744623,261,114,2698808,7755233,129,192,2698808,4376955,1
42107,23393,336856,435537,261,106,336856,967981,129,192,336856,546315,1
2691779,1495447,10767116,13921839,261,173,21534232,61880197,129,192,21534232,34924263,1
335569,186429,1342276,1735713,261,113,2684552,7714247,129,192,2684552,4353789,1
2684453,1491377,631636,816777,261,173,21475624,61711699,129,192,21475624,34829025,1
83719,46511,167438,216531,261,105,669752,1924577,129,192,669752,1086195,1
83521,46401,4913,6354,261,29,668168,1920023,129,192,668168,1083621,1
166943,92747,667772,863649,261,90,1335544,3837769,129,192,1335544,2165955,1
165557,91977,662228,856719,261,89,1324456,3805891,129,192,1324456,2147937,1
656783,364883,2627132,3399651,261,56,5254264,15098329,129,192,5254264,8520963,1
163577,90877,17684,22887,261,70,1308616,3760351,129,192,1308616,2122197,1
161399,89667,645596,835929,261,69,1291192,3710257,129,192,1291192,2093883,1
20641945,11467861,82567780,106913277,261,173,33027112,94903795,129,192,165135560,267794373,1
644705,358173,2578820,3339261,261,55,1031528,2964107,129,192,5157640,8363949,1
20603731,11446631,82414924,106722207,261,173,164829848,473640053,129,192,164829848,267297591,1
1286341,714641,5145364,6663177,261,173,10290728,29570483,129,192,10290728,16688001,1
1283767,713211,5135068,6650307,261,173,10270136,29511281,129,192,10270136,16654539,1
159617,88677,638468,827019,261,82,1276936,3669271,129,192,1276936,2070717,1
158033,87797,27484,35613,261,81,1264264,3632839,129,192,1264264,2050125,1
2488829,1382697,9955316,12907089,261,148,19910632,57212347,129,192,19910632,32285913,1
2481503,1378627,9926012,12870459,261,147,19852024,57043849,129,192,19852024,32190675,1
2457941,1365537,427468,554463,261,120,19663528,56501923,129,192,19663528,31884369,1
9803549,5446473,39214196,50869521,261,173,78428392,225358747,129,192,78428392,127170681,1
9799391,5444163,39197564,50848731,261,173,78395128,225263113,129,192,78395128,127116627,1
2448635,1360367,9794540,12706119,261,119,3917816,11257577,129,192,19589080,31763391,1
9788105,5437893,39152420,50792301,261,173,15660968,45000707,129,192,78304840,126969909,1
9783155,5435143,39132620,50767551,261,173,15653048,44977937,129,192,78265240,126905559,1
601541,334193,2406164,3123441,261,160,4812328,13827763,129,192,4812328,7802817,1
601145,333973,2404580,3121461,261,94,961832,2763731,129,192,4809160,7797669,1
600155,333423,2400620,3116511,261,159,960248,2759177,129,192,4801240,7784799,1
299533,166409,1198132,1555533,261,96,2396264,6885419,129,192,2396264,3885321,1
149717,83177,598868,777519,261,110,1197736,3441571,129,192,1197736,1942017,1
1792995,996119,2390660,3104061,261,74,956264,2747723,129,192,4781320,7752429,1
597383,331883,2389532,3102651,261,93,4779064,13732129,129,192,4779064,7748763,1
149123,82847,596492,774549,261,109,1192984,3427909,129,192,1192984,1934295,1
14315745,7953277,19087660,24785463,261,173,7635064,21938521,129,192,38175320,61897167,1
297751,165419,1191004,1546623,261,95,2382008,6844433,129,192,2382008,3862155,1
14251395,7917527,19001860,24678213,261,173,7600744,21839851,129,192,38003720,61618317,1
295681,164269,69572,90369,261,86,2365448,6796823,129,192,2365448,3835245,1
1763889,979949,2351852,3055551,261,73,4703704,13515469,129,192,4703704,7626303,1
291613,162009,1166452,1515933,261,142,2332904,6703259,129,192,2332904,3782361,1
9317261,5176313,37269044,48438081,261,173,74538088,214174123,129,192,74538088,120848937,1
36365,20203,290920,378117,261,141,58184,167183,129,192,290920,471669,1
9302807,5168283,37211228,48365811,261,173,74422456,213841681,129,192,74422456,120661035,1
290335,161299,1161340,1509543,261,85,464536,1334773,129,192,2322680,3765747,1
216885,120493,144590,187971,261,34,115672,332365,129,192,578360,937683,1
2306669,1281497,9226676,11996289,261,128,18453352,53022667,129,192,18453352,29917833,1
575801,319893,2303204,2994741,261,168,4606408,13235743,129,192,4606408,7468197,1
2300531,1278087,9202124,11965599,261,127,18404248,52881493,129,192,18404248,29838039,1
574811,319343,2299244,2989791,261,167,4598488,13212973,129,192,4598488,7455327,1
9193115,5107343,36772460,47817351,261,173,14708984,42263753,129,192,73544920,119235039,1
9186185,5103493,36744740,47782701,261,173,14697896,42231875,129,192,73489480,119144949,1
285385,158549,1141540,1484793,261,50,456616,1312003,129,192,2283080,3701397,1
4551661,2528729,18206644,23684193,261,126,36413288,104626763,129,192,36413288,59033865,1
4539979,2522239,18159916,23625783,261,125,36319832,104358077,129,192,36319832,58881999,1
4528693,2515969,18114772,23569353,261,173,36229544,104098499,129,192,36229544,58735281,1
2262515,1256967,9050060,11775519,261,173,3620024,10401425,129,192,18100120,29343831,1
18033691,10018831,72134764,93872007,261,173,144269528,414529133,129,192,144269528,233887071,1
18020029,10011241,72080116,93803697,261,173,144160232,414214907,129,192,144160232,233709465,1
11,6,4,7,37,24,176,615,17,26,16,29,1
3728721,2033848,3818210304,6694544993,1253,108,59659536,208469593,625,945,59659536,108133025,1
3670663,2002180,3758758912,6590505057,1253,107,58730608,205223623,625,945,58730608,106449343,1
6726855,3669194,3444149760,6039939041,1253,210,107629680,376092731,625,945,107629680,195079027,1
6680237,3643766,3420281344,5998169313,1253,209,106883792,373486361,625,945,3685648,6680245,1
6667367,3636746,3413691904,5986637793,1253,200,106677872,372766811,625,945,106677872,193353875,1
6618461,3610070,3388652032,5942818017,1253,199,105895376,370032521,625,945,105895376,191935601,1
6222351,3394010,3185843712,5587903457,1253,172,3211536,11222141,625,945,99557616,180448411,1
6168869,3364838,3158460928,5539983585,1253,171,98701904,344896241,625,945,98701904,178897433,1
2687967,1466164,2752478208,4829513825,1253,96,43007472,150281983,625,945,43007472,77951159,1
2641921,1441048,2705327104,4746999393,1253,95,42270736,147707593,625,945,42270736,76615825,1
2640205,1440112,2703569920,4743924321,1253,104,42243280,147611653,625,945,42243280,76566061,1
2599879,1418116,2662276096,4671660129,1253,103,41598064,145357063,625,945,1434416,2599883,1
40738205,22220842,2607245120,4575355921,1253,272,38341840,133978769,625,945,651811280,1181409801,1
40555451,22121158,2595548864,4554887473,1253,271,648887216,2267421463,625,945,648887216,1176109935,1
1238873,675749,2537211904,4452797793,1253,108,19821968,69264359,625,945,19821968,35927375,1
3658561,1995579,7492732928,13150313507,1253,107,58536976,204547107,625,945,58536976,106098443,1
2418555,1319212,2476600320,4346727521,1253,92,38696880,135219403,625,945,38696880,70138211,1
2375369,1295656,2432377856,4269338209,1253,91,38005904,132804913,625,945,38005904,68885817,1
4512357,2461286,2310326784,4055748833,1253,268,72197712,252282161,625,945,72197712,130858585,1
2246669,1225456,2300589056,4038707809,1253,267,2114512,7388789,625,945,35946704,65153517,1
2246383,1225300,2300296192,4038195297,1253,136,35942128,125593423,625,945,35942128,65145223,1
2234217,1218664,2287838208,4016393825,1253,210,35747472,124913233,625,945,35747472,64792409,1
2223789,1212976,2277159936,3997706849,1253,135,35580624,124330213,625,945,35580624,64489997,1
6656033,3630564,6815777792,11965642019,1253,209,106496528,372133329,625,945,106496528,193025305,1
6643163,3623544,6802598912,11942578979,1253,200,106290608,371413779,625,945,106290608,192652075,1
4411399,2406218,2258636288,3965290465,1253,158,70582384,246637691,625,945,70582384,127930803,1
8799203,4799566,2252595968,3954719905,1253,244,140787248,491956207,625,945,140787248,255177351,1
6594257,3596868,6752519168,11854939427,1253,199,105508112,368679489,625,945,105508112,191233801,1
8773749,4785682,2246079744,3943316513,1253,196,140379984,490533097,625,945,140379984,254439185,1
8758305,4777258,2242126080,3936397601,1253,243,140132880,489669637,625,945,140132880,253991309,1
4375077,2386406,2240039424,3932745953,1253,157,70001232,244606961,625,945,70001232,126877465,1
8719695,4756198,2232241920,3919100321,1253,195,139515120,487510987,625,945,139515120,252871619,1
17018255,9282686,2178336640,3824766081,1253,262,272292080,951476699,625,945,272292080,493530323,1
33923969,18503986,2171134016,3812161489,1253,352,542783504,1896661333,625,945,542783504,983796957,1
16947613,9244154,2169294464,3808942273,1253,261,271161808,947527169,625,945,271161808,491481705,1
33824727,18449854,2164782528,3801046385,1253,351,541195632,1891112803,625,945,541195632,980918939,1
2066049,1126936,2115634176,3715036769,1253,172,33056784,115511113,625,945,33056784,59915537,1
1026023,559649,2101295104,3689943393,1253,80,16416368,57364109,625,945,16416368,29754725,1
6144665,3351636,6292136960,11049270563,1253,171,3171440,11082039,625,945,3390160,6144677,1
16123075,8794406,2063753600,3624245761,1253,144,257969200,901427999,625,945,257969200,467570103,1
1004573,547949,2057365504,3613066593,1253,79,16073168,56164859,625,945,16073168,29132675,1
15980933,8716874,2045559424,3592405953,1253,143,255694928,893480969,625,945,255694928,463447985,1
7790481,4249354,1994363136,3502812449,1253,192,124647696,435559477,625,945,124647696,225924413,1
7745007,4224550,1982721792,3482440097,1253,191,123920112,433017067,625,945,123920112,224605667,1
3798215,2071754,1944686080,3415877601,1253,114,60771440,212355131,625,945,60771440,110148467,1
3753885,2047574,1921989120,3376157921,1253,113,60062160,209876681,625,945,60062160,108862897,1
918201,500837,1880475648,3303509345,1253,76,14691216,51335879,625,945,14691216,26627887,1
897895,489761,1838888960,3230732641,1253,75,14366320,50200589,625,945,14366320,26039013,1
891955,486521,1826723840,3209443681,1253,96,14271280,49868489,625,945,14271280,25866753,1
2629819,1434447,5385869312,9463302179,1253,95,42077104,147031077,625,945,42077104,76264925,1
2628103,1433511,5382354944,9457152035,1253,104,42049648,146935137,625,945,42049648,76215161,1
2587777,1411515,72599552,127570187,1253,103,41404432,144680547,625,945,41404432,75045707,1
1707845,931552,1748833280,3073135201,1253,84,27325520,95484253,625,945,27325520,49527621,1
1690399,922036,1730968576,3041871969,1253,120,872464,3048673,625,945,27046384,49021687,1
40544573,22115226,5189705344,9120015235,1253,272,648713168,2266814817,625,945,648713168,1175795401,1
40361819,22015542,5166312832,9079078339,1253,271,645789104,2256597207,625,945,645789104,1170495535,1
1676099,914236,1716325376,3016246369,1253,83,26817584,93709363,625,945,26817584,48606987,1
1673239,912676,1713396736,3011121249,1253,119,26771824,93549463,625,945,26771824,48524047,1
6579843,3589006,1684439808,2960446625,1253,128,3396048,11866897,625,945,105277488,190815911,1
816099,445145,1671370752,2937575777,1253,72,13057584,45627449,625,945,13057584,23666929,1
6519497,3556090,1668991232,2933411617,1253,127,104311952,364499917,625,945,104311952,189065877,1
6519211,3555934,1668918016,2933283489,1253,228,6135728,21440231,625,945,104307376,189057583,1
6494901,3542674,1662694656,2922392609,1253,227,6112848,21360281,625,945,103918416,188352593,1
802151,437537,1642805248,2887586145,1253,92,12834416,44847629,625,945,12834416,23262437,1
51022415,27830414,1632717280,2869932201,1253,344,816358640,2852622971,625,945,816358640,1479653747,1
796937,434693,1632126976,2868899169,1253,71,12750992,44556119,625,945,12750992,23111231,1
50915737,27772226,1629303584,2863958233,1253,343,814651792,2846658701,625,945,814651792,1476560085,1
2363267,1289055,4839970816,8507979811,1253,91,37812272,132128397,625,945,37812272,68534917,1
1527093,832960,1563743232,2749227617,1253,314,1437264,5022269,625,945,24433488,44285813,1
761902,415583,1560375296,2743333729,1253,313,380951,1331167,625,945,761902,1380951,1
3044891,1660850,1558984192,2740899297,1253,360,48718256,170237471,625,945,48718256,88302071,1
3042603,1659602,1557812736,2738849249,1253,176,48681648,170109551,625,945,48681648,88235719,1
3039457,1657886,1556201984,2736030433,1253,359,1568752,5481731,625,945,48631312,88144485,1
3026873,1651022,1549758976,2724755169,1253,175,48429968,169230101,625,945,48429968,87779549,1
1496051,816028,1531956224,2693600353,1253,268,1408048,4920179,625,945,23936816,43385595,1
2234567,1218855,4576393216,8046719011,1253,267,35753072,124932897,625,945,35753072,64802617,1
2234281,1218699,4575807488,8045693987,1253,136,35748496,124916907,625,945,35748496,64794323,1
47651047,25991486,1524833504,2681135593,1253,348,762416752,2664132851,625,945,762416752,1381884075,1
47565533,25944842,1522097056,2676346809,1253,347,761048528,2659351841,625,945,761048528,1379404169,1
3715647,2026717,7609645056,13380263653,1253,108,59450352,207738925,625,945,59450352,107754053,1
737229,402125,1509844992,2654905697,1253,135,11795664,41217899,625,945,11795664,21379699,1
11743843,6405734,1503211904,2643297793,1253,148,187901488,656589119,625,945,187901488,340572375,1
3657589,1995049,7490742272,13172183781,1253,107,58521424,204492955,625,945,58521424,106070371,1
4387195,2393016,4492487680,7899884323,1253,158,70195120,245284659,625,945,70195120,127229003,1
8750795,4773162,4480407040,7878743203,1253,244,140012720,489250143,625,945,140012720,253773751,1
11666337,6363458,1493291136,2625936449,1253,147,186661392,652255829,625,945,186661392,338324701,1
2908447,1586426,1489124864,2618645473,1253,196,46535152,162609011,625,945,46535152,84345195,1
2903299,1583618,1486489088,2614032865,1253,243,46452784,162321191,625,945,46452784,84195903,1
1450291,791068,20343808,35775321,1253,157,23204656,81084643,625,945,23204656,42058555,1
5796203,3161566,1483827968,2609375905,1253,180,92739248,324061207,625,945,92739248,168090351,1
2890429,1576598,1479899648,2602501345,1253,195,46246864,161601641,625,945,46246864,83822673,1
5769033,3146746,1476872448,2597203745,1253,179,92304528,322542157,625,945,92304528,167302421,1
719717,392573,1473980416,2592142689,1253,68,11515472,40238819,625,945,11515472,20871851,1
91627995,49978918,1466047920,2578260821,1253,612,1466047920,5122850167,625,945,1466047920,2657219279,1
91561929,49942882,20068368,35293301,1253,612,1464990864,5119156477,625,945,1464990864,2655303365,1
183025903,99832334,1464207224,2575039603,1253,554,2928414448,10232836379,625,945,2928414448,5307766035,1
182855733,99739514,1462845864,2572657223,1253,553,2925691728,10223322329,625,945,2925691728,5302831105,1
16921439,9229878,4331888384,7618835555,1253,262,270743024,946064571,625,945,270743024,490723123,1
33730337,18398370,4317483136,7593626371,1253,352,539685392,1885837077,625,945,539685392,978182557,1
16850797,9191346,4313804032,7587187939,1253,261,269612752,942115041,625,945,269612752,488674505,1
11,7,22,29,13,8,4,9,5,8,44,31,1
262781,167233,525562,746999,259,128,1051124,2363589,128,197,1051124,739753,1
259943,165427,519886,739517,259,127,1039772,2338047,128,197,1039772,731755,1
254201,161773,508402,724379,259,124,1016804,2286369,128,197,1016804,715573,1
252551,160723,505102,720029,259,148,1010204,2271519,128,197,1010204,710923,1
251363,159967,502726,716897,259,123,1005452,2260827,128,197,1005452,707575,1
250307,159295,500614,714113,259,147,1001228,2251323,128,197,1001228,704599,1
54269,34537,54269,78313,259,40,217076,488061,128,197,217076,152737,1
1729909,1100921,3459818,4994371,259,172,6919636,15557661,128,197,6919636,4868705,1
1718359,1093571,3436718,4963921,259,171,6873436,15453711,128,197,6873436,4836155,1
51959,33067,51959,75268,259,39,207836,467271,128,197,207836,146227,1
3265019,2077879,6530038,9475181,259,209,13060076,29362131,128,197,13060076,9188431,1
3250169,2068429,6500338,9436031,259,209,13000676,29228481,128,197,13000676,9146581,1
1507225,959213,602890,881459,259,168,1205780,2710701,128,197,6028900,4241141,1
1497919,953291,2995838,4382761,259,167,5991676,13469751,128,197,5991676,4214915,1
736535,468739,294614,431725,259,142,589228,1324611,128,197,2946140,2072443,1
730925,465169,292370,428767,259,141,584740,1314513,128,197,2923700,2056633,1
89497,56957,178994,263053,259,94,357988,804753,128,197,11548,8123,1
88309,56201,176618,259921,259,93,353236,794061,128,197,353236,248465,1
87935,55963,35174,51787,259,128,70348,158139,128,197,351740,247411,1
86989,55361,173978,256441,259,127,347956,782181,128,197,347956,244745,1
85075,54143,34030,50279,259,124,68060,152991,128,197,340300,239351,1
28175,17931,11270,16663,259,148,22540,50667,128,197,112700,79267,1
28043,17847,56086,82967,259,123,112172,252147,128,197,112172,78895,1
83777,53317,167554,247973,259,147,335108,753273,128,197,335108,235693,1
323437,205841,646874,961123,259,88,1293748,2908053,128,197,1293748,909881,1
320335,203867,128134,190589,259,112,256268,576027,128,197,1281340,901139,1
319015,203027,127606,189893,259,87,255212,573651,128,197,1276060,897419,1
317233,201893,634466,944767,259,111,1268932,2852217,128,197,1268932,892397,1
297169,189125,594338,891871,259,76,1188676,2671641,128,197,1188676,835853,1
292483,186143,584966,879517,259,75,1169932,2629467,128,197,1169932,822647,1
18175,11567,14540,21877,259,40,14540,32679,128,197,72700,51119,1
579367,368723,1158734,1744273,259,172,2317468,5208543,128,197,2317468,1629515,1
263901,167953,175934,265043,259,128,31988,71893,128,197,351868,247411,1
191839,122091,383678,578041,259,171,767356,1724631,128,197,767356,539555,1
261063,166147,174042,262549,259,127,31644,71119,128,197,348084,244745,1
8807,5605,70456,106427,259,190,35228,79173,128,197,35228,24769,1
140417,89365,280834,424403,259,189,561668,1262313,128,197,561668,394909,1
1115383,709859,2230766,3374257,259,209,4461532,10026927,128,197,4461532,3136859,1
255321,162493,170214,257503,259,124,30948,69553,128,197,340428,239351,1
17405,11077,13924,21065,259,39,13924,31293,128,197,69620,48949,1
1112677,708137,2225354,3367123,259,209,4450708,10002573,128,197,4450708,3129233,1
554903,353155,1109806,1679777,259,209,2219612,4988367,128,197,2219612,1560571,1
69301,44105,138602,209809,259,114,277204,622989,128,197,277204,194897,1
553649,352357,1107298,1676471,259,209,2214596,4977081,128,197,2214596,1557037,1
253671,161443,169114,256053,259,148,30748,69103,128,197,338228,237801,1
138107,87895,276214,418313,259,106,552428,1241523,128,197,552428,388399,1
252483,160687,168322,255009,259,123,30604,68779,128,197,336644,236685,1
17185,10937,13748,20833,259,113,13748,30897,128,197,68740,48329,1
251427,160015,167618,254081,259,147,30476,68491,128,197,335236,235693,1
136853,87097,273706,415007,259,105,547412,1230237,128,197,547412,384865,1
273607,174131,547214,829753,259,72,1094428,2459583,128,197,1094428,769451,1
1093801,696125,2187602,3317359,259,209,4375204,9832689,128,197,4375204,3076037,1
136259,86719,272518,413441,259,160,545036,1224891,128,197,545036,383191,1
1088851,692975,2177702,3304309,259,209,4355404,9788139,128,197,4355404,3062087,1
135665,86341,54266,82375,259,159,108532,243909,128,197,542660,381517,1
269185,171317,107674,163619,259,71,215348,483957,128,197,1076740,756989,1
4189,2666,67024,101903,259,46,4189,9414,128,197,4189,2945,1
66859,42551,133718,203371,259,176,267436,601011,128,197,267436,188015,1
133289,84829,266578,405611,259,209,533156,1198161,128,197,533156,374821,1
16657,10601,66628,101381,259,175,66628,149733,128,197,66628,46841,1
133091,84703,266182,405089,259,152,532364,1196379,128,197,532364,374263,1
132959,84619,265918,404741,259,209,531836,1195191,128,197,17156,12061,1
132497,84325,264994,403523,259,151,529988,1191033,128,197,529988,372589,1
33017,21013,33017,50299,259,162,132068,296793,128,197,132068,92845,1
527051,335431,1054102,1606349,259,164,2108204,4737699,128,197,2108204,1482079,1
32885,20929,6577,10025,259,161,26308,59121,128,197,131540,92473,1
525005,334129,210002,320191,259,163,420004,943857,128,197,2100020,1476313,1
16261,10349,65044,99293,259,45,65044,146169,128,197,65044,45725,1
2068901,1316713,4137802,6321779,259,209,8275604,18597069,128,197,8275604,5817553,1
517151,329131,1034302,1580249,259,198,2068604,4648599,128,197,2068604,1454179,1
2064611,1313983,4129222,6310469,259,209,8258444,18558459,128,197,8258444,5805463,1
515765,328249,206306,315319,259,197,412612,927225,128,197,2063060,1450273,1
2044217,1301005,4088434,6256703,259,209,8176868,18374913,128,197,8176868,5747989,1
255259,162455,510518,781381,259,84,1021036,2294451,128,197,1021036,717743,1
2039531,1298023,4079062,6244349,259,209,8158124,18332739,128,197,8158124,5734783,1
505139,321487,1010278,1548581,259,168,2020556,4540491,128,197,2020556,1420327,1
252157,160481,504314,773203,259,83,1008628,2266533,128,197,1008628,709001,1
251365,159977,100546,154223,259,68,201092,451881,128,197,1005460,706769,1
502037,319513,1004074,1540403,259,167,2008148,4512573,128,197,2008148,1411585,1
497615,316699,199046,305749,259,206,398092,894555,128,197,1990460,1399123,1
496493,315985,992986,1525787,259,205,1985972,4462677,128,197,1985972,1395961,1
247207,157331,494414,760153,259,67,988828,2221983,128,197,988828,695051,1
246877,157121,493754,759283,259,142,987508,2219013,128,197,987508,694121,1
1974323,1256527,3948646,6072437,259,209,7897292,17745867,128,197,7897292,5551015,1
1970165,1253881,788066,1212295,259,209,1576132,3541689,128,197,7880660,5539297,1
81669,51977,54446,83817,259,141,108892,244687,128,197,108892,76539,1
10001,6365,10001,15442,259,94,40004,89889,128,197,40004,28117,1
54549,34717,72732,112439,259,40,6612,14857,128,197,72732,51119,1
1738869,1106681,1159246,1793137,259,172,210772,473597,128,197,2318492,1629515,1
473921,301621,947842,1466279,259,194,1895684,4259529,128,197,1895684,1332349,1
9869,6281,9869,15268,259,93,39476,88701,128,197,39476,27745,1
472931,300991,945862,1463669,259,193,1891724,4250619,128,197,1891724,1329559,1
118175,75211,47270,73153,259,209,94540,212427,128,197,472700,332227,1
117977,75085,235954,365243,259,209,471908,1060353,128,197,471908,331669,1
1727319,1099331,1151546,1782987,259,171,209372,470447,128,197,2303092,1618665,1
58807,37427,117614,182143,259,44,235228,528543,128,197,7588,5333,1
58609,37301,117218,181621,259,102,234436,526761,128,197,234436,164765,1
3661,2330,58576,90767,259,130,3661,8226,128,197,3661,2573,1
934543,594779,1869086,2897497,259,209,3738172,8399367,128,197,3738172,2627219,1
933289,593981,1866578,2894191,259,209,3733156,8388081,128,197,3733156,2623685,1
12,7,1,1,9,5,8,15,3,6,8,7,1
30956,18063,7739,8031,51,46,61912,115973,24,37,61912,53773,1
29924,17461,7481,7773,51,46,59848,112103,24,37,59848,51967,1
4292,2505,1073,1146,51,20,8584,16067,24,37,8584,7411,1
3932,2295,983,1056,51,19,7864,14717,24,37,7864,6781,1
6508,3799,1627,1773,51,32,13016,24349,24,37,13016,11189,1
6244,3645,1561,1707,51,31,1784,3337,24,37,12488,10727,1
23116,13495,5779,6363,51,44,46232,86461,24,37,46232,39653,1
22564,13173,5641,6225,51,43,45128,84391,24,37,45128,38687,1
10484,6121,2621,2913,51,26,20968,39203,24,37,20968,17947,1
9980,5827,2495,2787,51,25,19960,37313,24,37,3992,3413,1
2444,1427,611,684,51,16,4888,9137,24,37,4888,4177,1
2180,1273,545,618,51,15,4360,8147,24,37,872,743,1
31452,18367,2621,2986,51,46,20968,39175,24,37,20968,17847,1
6084,3553,507,580,51,46,4056,7577,24,37,4056,3449,1
3964,2315,991,1137,51,46,7928,14809,24,37,7928,6737,1
3940,2301,985,1131,51,46,7880,14719,24,37,1576,1339,1
15700,9169,3925,4509,51,40,31400,58651,24,37,1256,1067,1
488,285,488,561,51,38,976,1823,24,37,976,829,1
15436,9015,3859,4443,51,39,30872,57661,24,37,30872,26213,1
1916,1119,479,552,51,37,3832,7157,24,37,3832,3253,1
7100,4147,1775,2067,51,36,14200,26513,24,37,568,481,1
6980,4077,1745,2037,51,35,13960,26063,24,37,2792,2363,1
3412,1993,853,999,51,42,6824,12739,24,37,6824,5771,1
844,493,422,495,51,41,1688,3151,24,37,1688,1427,1
330788,193221,82697,97005,53,46,661576,1234967,25,38,661576,559279,1
28684,16755,7171,8412,53,46,57368,107089,25,38,57368,48497,1
82676,48293,20669,24246,53,46,165352,308663,25,38,165352,139783,1
344196,201053,28683,33647,53,46,229464,428341,25,38,229464,193981,1
86028,50251,7169,8410,53,46,57352,107059,25,38,57352,48483,1
330524,193067,82631,96939,53,46,661048,1233977,25,38,661048,558817,1
343932,200899,28661,33625,53,46,229288,428011,25,38,229288,193827,1
82604,48251,20651,24228,53,46,165208,308393,25,38,165208,139657,1
171948,100439,14329,16811,53,46,16376,30569,25,38,114632,96903,1
165196,96495,41299,48453,53,46,330392,616741,25,38,330392,279293,1
85956,50209,7163,8404,53,46,57304,106969,25,38,57304,48441,1
171828,100369,14319,16801,53,46,114552,213833,25,38,114552,96833,1
165076,96425,41269,48423,53,46,330152,616291,25,38,330152,279083,1
168236,98271,42059,49359,53,46,336472,628085,25,38,336472,284413,1
164860,96299,41215,48369,53,46,329720,615481,25,38,65944,55741,1
171588,100229,14299,16781,53,46,114392,213533,25,38,114392,96693,1
168212,98257,42053,49353,53,46,336424,627995,25,38,336424,284371,1
164644,96173,41161,48315,53,46,329288,614671,25,39,329288,278327,1
57116,33363,14279,16761,53,46,114232,213233,25,39,114232,96553,1
21408,12505,7136,8377,53,46,14272,26641,25,39,14272,12063,1
164524,96103,41131,48285,53,46,329048,614221,25,39,329048,278117,1
171228,100019,14269,16751,53,46,114152,213083,25,39,114152,96483,1
5141,3003,20564,24141,53,46,10282,19193,25,39,20564,17381,1
342420,200017,28535,33499,53,46,228280,426121,25,39,45656,38589,1
46988,27447,11747,13791,53,46,93976,175421,25,39,93976,79429,1
42780,24989,7130,8371,53,46,28520,53237,25,39,5704,4821,1
114052,66621,28513,33477,53,46,228104,425791,25,39,228104,192791,1
41092,24003,20546,24123,53,46,82184,153409,25,39,82184,69461,1
21384,12491,7128,8369,53,46,14256,26611,25,39,14256,12049,1
328652,191975,82163,96471,53,46,657304,1226957,25,39,657304,555541,1
82148,47985,20537,24114,53,46,164296,306683,25,39,164296,138859,1
4524844,2643091,1131211,1328238,55,46,9049688,16892593,26,40,9049688,7648577,1
4360548,2547121,363379,426670,55,46,2907032,5426409,26,40,2907032,2456953,1
8050444,4702495,2012611,2363157,55,46,16100888,30054709,26,40,16100888,13608077,1
85500,49943,7125,8366,55,46,57000,106399,26,40,2280,1927,1
4025180,2351223,1006295,1181568,57,46,8050360,15027197,27,41,1610072,1360793,1
8365532,4886547,2091383,2455653,57,46,2390152,4461575,27,41,16731064,14140681,1
1681484,982203,420371,493590,57,46,480424,896783,27,41,3362968,2842297,1
4873452,2846723,406121,476858,57,46,3248968,6064683,27,41,3248968,2745947,1
5051156,2950525,1262789,1482738,57,46,10102312,18857471,27,41,10102312,8538223,1
4880156,2850639,1220039,1432542,57,46,9760312,18219077,27,41,9760312,8249173,1
4702428,2746823,391869,460124,57,46,3134952,5851855,27,42,3134952,2649583,1
4531428,2646937,377619,443392,57,46,3020952,5639057,27,42,3020952,2553233,1
4182724,2443249,1045681,1227816,57,46,1195064,2230765,27,42,8365448,7070267,1
8050180,4702341,2012545,2363091,57,46,16100360,30053719,27,42,3220072,2721523,1
8365268,4886393,2091317,2455587,57,46,16730536,31230035,27,42,16730536,14140219,1
4025036,2351139,1006259,1181532,57,46,8050072,15026657,27,42,8050072,6803713,1
1175568,686683,391856,460111,57,46,783712,1462915,27,42,783712,662373,1
755212,441141,377606,443379,57,46,1510424,2819431,27,42,1510424,1276571,1
836516,488633,209129,245556,57,46,1673032,3122963,27,42,1673032,1414003,1
783692,457777,391846,460101,57,46,223912,417965,27,42,1567384,1324711,1
566394,330847,377596,443369,57,46,377596,704839,27,42,188798,159567,1
14353,8384,57412,67413,57,46,14353,26792,27,42,57412,48523,1
388892,227163,97223,114159,57,46,111112,207407,27,42,777784,657361,1
4442084,2594749,1110521,1303971,57,46,8884168,16583615,27,42,8884168,7508647,1
2178292,1272403,1089146,1278873,57,46,4356584,8132209,27,42,4356584,3682061,1
5343,3121,7124,8365,57,46,3562,6649,27,42,7124,6021,1
2523572,1474091,1261786,1481589,59,46,5047144,9421241,28,43,5047144,4265701,1
2438084,1424155,1219042,1431399,59,46,4876168,9102089,28,43,4876168,4121197,1
87164,50915,21791,25587,59,46,24904,46487,28,43,174328,147337,1
1352296,789915,1352296,1587867,61,46,2704592,5048521,29,44,2704592,2285843,1
2617428,1528915,436238,512231,61,46,1744952,3257211,29,44,1744952,1474783,1
2706268,1580809,1353134,1588851,61,46,5412536,10103299,29,44,5412536,4574519,1
1309552,764947,1309552,1537677,61,46,2619104,4888945,29,44,2619104,2213591,1
1285660,750991,321415,377406,61,46,2571320,4799749,29,45,514264,434641,1
828052,483689,207013,243075,61,46,1656104,3091363,29,45,1656104,1399691,1
10285124,6007837,2571281,3019209,61,46,20570248,38397407,29,45,20570248,17385367,1
522972,305483,597,701,61,46,348648,650803,29,45,348648,294667,1
10285004,6007767,2571251,3019179,61,46,20570008,38396957,29,45,20570008,17385157,1
9936348,5804107,828029,972277,61,46,6624232,12365107,29,45,6624232,5598603,1
14309476,8358577,3577369,4200570,61,46,28618952,53421499,29,45,28618952,24187883,1
13960820,8154917,3490205,4098222,61,46,27921640,52119863,29,45,5584328,4719707,1
14467020,8450603,1205585,1415606,61,46,9644680,18003219,29,45,1928936,1630279,1
14118364,8246943,3529591,4144470,61,46,28236728,52708021,29,45,28236728,23864837,1
2012236,1175405,1006118,1181391,61,46,4024472,7512271,29,45,4024472,3401363,1
15157532,8853951,3789383,4449522,61,46,30315064,56587541,29,45,30315064,25621381,1
13,7,208,319,65,39,416,1189,31,55,32,43,1
630210579,339344158,6722246176,10320492219,689,280,20166738528,57639998009,343,526,20166738528,27099031243,1
626199429,337184308,6679460576,10254873919,689,279,20038381728,57273132059,343,526,20038381728,26926551793,1
3649706187,1965226409,19465099664,29896299031,689,336,116790597984,333807493987,343,526,116790597984,156937176809,1
3631809165,1955589551,19369648880,29749910569,689,335,116217893280,332170604821,343,526,116217893280,156167604863,1
1530970719,824368849,8165177168,12544342401,689,424,48991063008,140024812895,343,526,48991063008,65831646301,1
1525471797,821407891,8135849584,12499364039,689,423,48815097504,139521873029,343,526,48815097504,65595192655,1
1364982039,734990329,7279904208,11186640121,689,244,43679425248,124843232855,343,526,43679425248,58694133061,1
1355778273,730034455,7230817456,11111358035,689,243,43384904736,124001442257,343,526,43384904736,58298371123,1
1343919855,723649153,7167572560,11014362257,689,296,43005435360,122916853103,343,526,43005435360,57788459149,1
1336816473,719824255,7129687856,10956260235,689,295,42778127136,122267166857,343,526,42778127136,57483013723,1
2522441763,1358237873,13453022736,20675854127,689,228,80718136416,230706155515,343,526,80718136416,108464806577,1
626315985,337247069,1670175960,2566918543,689,280,20042111520,57283761349,343,526,20042111520,26931540047,1
2504165505,1348396811,13355549360,20526363709,689,227,80133296160,229034580841,343,526,80133296160,107678927483,1
622304835,335087219,207434945,318814246,689,279,19913754720,56916895399,343,526,19913754720,26759060597,1
618906999,333257615,825209332,1268308845,689,304,19805023968,56606124091,343,526,19805023968,26612953649,1
615829353,331600421,1642211608,2524030907,689,303,19706539296,56324637853,343,526,19706539296,26480614871,1
568643643,306192731,379095762,582763363,689,204,18196596576,52008960223,343,526,18196596576,24451629341,1
564019881,303703013,1504053016,2312143451,689,203,18048636192,51586063837,343,526,18048636192,24252807575,1
4500322509,2423250583,24001720048,36897478397,689,370,144010320288,411605922629,343,526,144010320288,193513489423,1
4483417335,2414147797,23911559120,36759202743,689,369,143469354720,410059749407,343,526,143469354720,192786566941,1
554859873,298770701,1479626328,2274681367,689,212,17755515936,50748275413,343,526,17755515936,23858927231,1
550586175,296469479,734114900,1128601519,689,211,17618757600,50357396419,343,526,17618757600,23675158217,1
8700428673,4684846211,46402286256,71339341049,689,505,278413717536,795753596473,343,526,278413717536,374117676011,1
8683698531,4675837673,46313058832,71202497067,689,505,277878352992,794223431947,343,526,277878352992,373398279905,1
269112270,144906607,2870530880,4413294241,689,452,2152898160,6153347783,343,526,2152898160,2892950989,1
268339212,144490345,2862284928,4400647805,689,451,4293427392,12271343029,343,526,4293427392,5769281231,1
986344065,531108343,5260501680,8089575667,689,505,31563010080,90212421233,343,526,31563010080,42412700179,1
492986061,265454033,1314629496,2021633341,689,352,15775553952,45089201377,343,526,15775553952,21198353315,1
984024891,529859557,5248132752,8070606013,689,505,31488796512,90000306011,343,526,31488796512,42312975697,1
491133639,264456575,654844852,1007028705,689,351,15716276448,44919776011,343,526,15716276448,21118699169,1
3911441931,2106161041,20861023632,32080737259,689,505,125166141792,357745998995,343,526,125166141792,168191624569,1
3904046829,2102179063,20821583088,32020249117,689,505,124929498528,357069631589,343,526,124929498528,167873635183,1
237613803,127945894,2534547232,3898011627,689,168,7603641696,21732492881,343,526,7603641696,10217369875,1
942542307,507522781,5026892304,7731299749,689,260,30161353824,86206245059,343,526,30161353824,40529224585,1
3763875369,2026702123,20074001968,30873718457,689,392,120444011808,344249334209,343,526,120444011808,161846262403,1
235236285,126665692,2509187040,3859117871,689,167,7527561120,21515041427,343,526,7527561120,10115136601,1
3751900263,2020253989,20010134736,30775768231,689,391,120060808416,343154072591,343,526,120060808416,161331332845,1
937247589,504671779,4998653808,7687991671,689,259,29991922848,85721982005,343,526,29991922848,40301551711,1
929823315,500674093,4959057680,7627264917,689,192,29754346080,85042946483,343,526,29754346080,39982307929,1
1852302579,997393697,9878947088,15194459263,689,476,59273682528,169414194763,343,526,59273682528,79648821665,1
1847737161,994935395,9854598192,15157116485,689,475,59127589152,168996634609,343,526,59127589152,79452508691,1
922019805,496472203,4917438960,7563436207,689,191,29504633760,84329225453,343,526,29504633760,39646756999,1
1838912631,990183725,9807534032,15084936355,689,500,58845204192,168189529519,343,526,58845204192,79073053901,1
1834668105,987898211,9784896560,15050218309,689,499,58709379360,167801318641,343,526,58709379360,78890539283,1
3618549435,1948449697,19298930320,29685026843,689,336,115793581920,330957600707,343,526,115793581920,155597247241,1
3600652413,1938812839,19203479536,29538638381,689,335,115220877216,329320711541,343,526,115220877216,154827675295,1
446850543,240611831,595800724,916475451,689,442,14299217376,40869575923,343,526,14299217376,19214526041,1
445669077,239975657,1188450872,1828119009,689,441,14261410464,40761517225,343,526,14261410464,19163723003,1
1768389321,952209635,9431409712,14508091845,689,505,56588458272,161739359089,343,526,56588458272,76040551571,1
1765019955,950395361,9413439760,14480532159,689,505,56480638560,161431191691,343,526,56480638560,75895668833,1
436640343,235114031,582187124,895596901,689,232,13972490976,39935735323,343,526,13972490976,18775487441,1
433854417,233613917,1156945112,1779800079,689,231,13883341344,39680930245,343,526,13883341344,18655692623,1
3431358327,1847654485,18300577744,28153899575,689,408,109803466464,313836813983,343,526,109803466464,147548029597,1
3421571121,1842384451,18248379312,28073845249,689,407,109490275872,312941661065,343,526,109490275872,147127179739,1
208708849,112381688,6678683168,10275468677,689,280,6678683168,19088801319,343,526,6678683168,8974456853,1
3328774989,1792417303,17753466608,27314820477,689,488,106520799648,304454384069,343,526,106520799648,143136946063,1
3321467403,1788482449,17714492816,27255048171,689,487,106286956896,303786021011,343,526,106286956896,142822719865,1
207371799,111661738,2211965856,3403283459,689,279,6635897568,18966512669,343,526,6635897568,8916963703,1
205087023,110431474,2187594912,3365906867,689,156,6562784736,18757543541,343,526,6562784736,8818718335,1
3261781491,1756343881,17396167952,26766848019,689,312,104377007712,298327055675,343,526,104377007712,140256225649,1
1627736523,876473513,8681261456,13357624087,689,505,52087568736,148875037795,343,526,52087568736,69992481257,1
1624892253,874941983,8666092016,13334359417,689,505,51996552096,148614896485,343,526,51996552096,69870177647,1
3248814537,1749361675,17327010864,26660784985,689,311,103962065184,297141078113,343,526,103962065184,139698646627,1
202884537,109245520,2164101728,3329876455,689,155,6492305184,18556100783,343,526,6492305184,8724011437,1
202687626,109139491,2162001344,3326655193,689,238,810750504,2317261375,343,526,810750504,1089443033,1
201476988,108487609,2149087872,3306850397,689,237,3223631808,9213682093,343,526,3223631808,4331743415,1
802210401,431959447,4278455472,6583456723,689,505,25670732832,73371273041,343,526,25670732832,34494952627,1
1601846373,862532663,8543180656,13145855937,689,505,51259083936,146507084845,343,526,51259083936,68879204807,1
800737215,431166193,4270598480,6571406817,689,505,25623590880,73236533183,343,526,25623590880,34431605629,1
1598827071,860906885,8527077712,13121159595,689,505,51162466272,146230934839,343,526,51162466272,68749374821,1
766824765,412905643,4089732080,6294020367,689,266,24538392480,70134848333,343,526,24538392480,32973370279,1
763017819,410855749,4069428368,6262881501,689,265,24416570208,69786659195,343,526,24416570208,32809671601,1
1515392343,815980493,8082092496,12438706307,689,424,48492554976,138599866255,343,526,48492554976,65161681517,1
1509893421,813019535,8052764912,12393727945,689,423,48316589472,138096926389,343,526,48316589472,64925227871,1
3019216311,1625731861,16102486992,24782789239,689,505,96614921952,276141671135,343,526,96614921952,129825922909,1
3014825925,1623367807,16079071600,24746878133,689,505,96474429600,275740119677,343,526,96474429600,129637136311,1
1506235143,811049693,8033254096,12363805107,689,348,48199524576,137762334655,343,526,48199524576,64767921917,1
1501378005,808434311,8007349360,12324076209,689,347,48044096160,137318093341,343,526,48044096160,64559064983,1
2967873591,1598085781,15828659152,24362832119,689,505,94971954912,271445786975,343,526,94971954912,127618185949,1
2962637217,1595266195,15800731824,24320001265,689,505,94804390944,270966860153,343,526,94804390944,127393021867,1
739534359,398210809,3944183248,6070798841,689,450,23665099488,67638825815,343,526,23665099488,31799882821,1
737915313,397339015,3935548336,6057555875,689,449,23613290016,67490745377,343,526,23613290016,31730263843,1
710989557,382840531,3791944304,5837316999,689,388,22751665824,65028074309,343,526,22751665824,30572456335,1
1419535959,764365517,7570858448,11654650243,689,380,45425150688,129832693903,343,526,45425150688,61039857005,1
2838918765,1528648567,15140900080,23308047773,689,505,90845400480,259651380197,343,526,90845400480,122073128431,1
709137135,381843073,3782064720,5822165137,689,387,22692388320,64858648943,343,526,22692388320,30492802189,1
2835403539,1526755753,15122152208,23279295027,689,505,90732913248,259329872219,343,526,90732913248,121921973713,1
1415729013,762315623,7550554736,11623511377,689,379,45303328416,129484504765,343,526,45303328416,60876158327,1
175010691,94236526,1866780704,2873888923,689,144,5600342112,16006715945,343,526,5600342112,7525436059,1
172983237,93144820,1845154528,2840721855,689,143,5535463584,15821281883,343,526,5535463584,7438255537,1
170999541,92076676,1823995104,2808270623,689,188,5471985312,15639849995,343,526,5471985312,7352956609,1
169869126,91467991,1811937344,2789778193,689,446,1358953008,3884115125,343,526,1358953008,1826087191,1
169643043,91346254,1809525792,2786079707,689,187,5428577376,15515782601,343,526,5428577376,7294627195,1
678141885,365153323,3616756720,5568639887,689,505,21700540320,62023775693,343,526,21700540320,29160006439,1
169526355,91283422,1808281120,2784170811,689,445,5424843360,15505110137,343,526,5424843360,7289609611,1
677339655,364721353,3612478160,5562078057,689,505,21674868960,61950402503,343,526,21674868960,29125510549,1
1352119467,728064329,7211303824,11103217911,689,290,382901088,1094395379,343,526,43267822944,58140947849,1
1351842333,727915103,7209825776,11100951097,689,358,43258954656,123641330725,343,526,43258954656,58129031087,1
1349403663,726601973,7196819536,11081004027,689,244,43180917216,123418286215,343,526,43180917216,58024168277,1
1348064559,725880917,7189677648,11070050843,689,357,43138065888,123295809703,343,526,43138065888,57966586805,1
13,8,26,81,171,119,208,1749,84,147,64,349,1
2691019769165513,1656012165640316,688901060906371328,2146922881582954387,1293,474,43056316306648208,362045660289542333,645,1040,172225265226592832,939165905025066141,1
1340737616162701,825069302253970,686457659475302912,2139310746355395091,1293,473,21451801858603216,180380776493488315,645,1040,85807207434412864,467917430833933701,1
2558454496294547,1574433536181260,654964351051404032,2041196977804017811,1293,462,40935271940712752,344210532424056215,645,1040,163741087762851008,892900624793099007,1
637288542338066,392177564515733,652583467354179584,2033779609362664723,1293,461,10196616677409056,85739820186359189,645,1040,2549154169352264,13900856417035035,1
17853674276479921,10986876477833800,571317576847357472,1780605104322180451,1293,450,285658788423678736,2402005874577840505,645,1040,1142635153694714944,6230932367181909261,1
17788266725511655,10946625677237944,569224535216372960,1774084474625651779,1293,449,284612267608186480,2393206043297571487,645,1040,1138449070432745920,6208105131893984427,1
526193389651145,323811316708397,538822031002772480,1679368980729434899,1293,418,2104773558604580,17698312314870089,645,1040,33676376937673280,183641494384825131,1
33616972880026619,20687367926170232,537871566080425904,1676407916932893643,1293,686,537871566080425904,4522775822081818931,645,1040,2151486264321703616,11732323624510123695,1
33543587805729305,20642207880448808,536697404891668880,1672749953229458299,1293,685,536697404891668880,4512902707085972609,645,1040,2146789619566675520,11706712233580361109,1
2096368667954333,1290073026433436,536670378996309248,1672665757170837907,1293,417,33541898687269328,282042215980438193,645,1040,134167594749077312,731632670702364321,1
8162002264479893,5022770624295320,522368144926713152,1628108797184788531,1293,434,130592036231678288,1098103230042277325,645,1040,522368144926713152,2848538812648691073,1
8131272519003203,5003860011694280,520401441216204992,1621981758702051571,1293,433,130100360304051248,1093968897362374955,645,1040,520401441216204992,2837814131477326263,1
994081666195855,611742563812834,508969813092277760,1586367840315970579,1293,406,15905306659133680,133742218301794957,645,1040,63621226636534720,346934504295504447,1
1980002651639291,1218463170239564,506880678819658496,1579859383543579795,1293,405,31680042426228656,266386511170052927,645,1040,126720169704914624,691020931008414663,1
7807735106030741,4804760065249688,499695046785967424,1557473376054003763,1293,430,124923761696491856,1050440671570926029,645,1040,499695046785967424,2724899574349937025,1
7778226410043191,4786600867718888,497806490242764224,1551589796054024563,1293,429,124451622560691056,1046470617010754879,645,1040,497806490242764224,2714601039450282075,1
122470652921984777,75366555644298344,489882611687939108,1526903866710146317,1293,698,1959530446751756432,16477013264626133297,645,1040,7838121787007025728,42742258227296021829,1
122217529362886055,75210787300237592,488870117451544220,1523749557742916089,1293,697,1955480469806176880,16442958410405851391,645,1040,7821921879224707520,42653918105170567851,1
30154564948621235,18556655352997688,482473039177939760,1503820198505917579,1293,634,482473039177939760,4056948785771971499,645,1040,1929892156711759040,10523943256449644679,1
30085331442586997,18514050118515080,481365303081391952,1500369174512826331,1293,633,481365303081391952,4047634216383211325,645,1040,1925461212325567808,10499780762843695617,1
468743011187108,288457237653605,479992843455598592,1496093434909393171,1293,394,7499888178993728,63063963726126455,645,1040,14999776357987456,81795656150438109,1
1867055573893841,1148957276242364,477966226916823296,1489779744923208595,1293,393,29872889182301456,251190785094915077,645,1040,119491556729205824,651602400875252613,1
882599847837373,543138367899922,451891122092734976,1408545764509702675,1293,382,14121597565397968,118743625970334571,645,1040,56486390261591872,308027349688394229,1
1757527434717983,1081555344441836,449927023287803648,1402426841309724307,1293,381,28120438955487728,236455037755024643,645,1040,112481755821950912,613377080302878171,1
28060465074746135,17267978507536088,448967441195938160,1399437374023527979,1293,578,448967441195938160,3775211810432929199,645,1040,1795869764783752640,9793102400467234779,1
27990498939018413,17224922424011336,447847983024294608,1395949831258023067,1293,577,447847983024294608,3765798674172330293,645,1040,1791391932097178432,9768684219098259801,1
6996429123796487,4305494845413224,447771463922975168,1395711444826989427,1293,442,111942865980743792,941288812884179087,645,1040,447771463922975168,2441753786550182379,1
6971723222466221,4290291213825368,446190286237838144,1390785468192524083,1293,441,111547571559459536,937964918928284069,645,1040,446190286237838144,2433131426985919545,1
1726797689241293,1062644731840796,442060208445771008,1377918687378776467,1293,378,27628763027860688,232320705075122273,645,1040,110515052111442752,602652399131513361,1
27558735839658509,16959222055174472,440939773434536144,1374428101382237083,1293,582,440939773434536144,3707709931035370901,645,1040,1763759093738144576,9617998897421653305,1
859603415791903,528986717410402,440116948885454336,1371864686440866835,1293,377,13753654652670448,115649721382063261,645,1040,55014618610681792,300001594904525199,1
27491211802909067,16917668801790200,439859388846545072,1371062287858111051,1293,581,439859388846545072,3698625351014234435,645,1040,1759437555386180288,9594433008596098047,1
422200674826055,259815799892957,432333491021880320,1347616221558193939,1293,374,3377605398608440,28401114697852393,645,1040,27020843188867520,147348036910868721,1
1681293244946009,1034641996889852,430411070706178304,1341627142882353043,1293,373,26900691919136144,226198607146472141,645,1040,107602767676544576,586771348072459245,1
53245419655042027,32766412095410488,425963357240336216,1327770804777229615,1293,736,851926714480672432,7163556862804821859,645,1040,3407706857922689728,18582651638371334751,1
53148102010757569,32706524314312360,425184816086060552,1325345349642755431,1293,735,850369632172121104,7150463896662243625,645,1040,3401478528688484416,18548687780516058909,1
1651214725863527,1016132138992940,422710969821062912,1317638367047955091,1293,370,26419435613816432,222151889463759755,645,1040,105677742455265728,576273944912673027,1
410946668701148,252890257662245,420809388749975552,1311714210634182931,1293,369,6575146699218368,55288132725515375,645,1040,13150293398436736,71710194386638089,1
6548792381077763,4030026080663240,419122712388976832,1306459565047994611,1293,422,104780678097244208,881064454190713835,645,1040,419122712388976832,2285528563341347703,1
6524493496243877,4015072920765464,417567583759608128,1301614741241115187,1293,421,104391895939902032,877795319608062557,645,1040,417567583759608128,2277048252534321489,1
208678150748168635,128417323537334584,208678150748168635,650478257864308757,1293,862,3338850411970698160,28075237432132589107,645,1040,13355401647882792640,72828675326157522927,1
208364218924510741,128224134722775880,208364218924510741,649500239490605318,1293,861,3333827502792171856,28033001527549692445,645,1040,13335310011168687424,72719113119700917921,1
807016884459607,496625775052066,413192644843318784,1287985123848059923,1293,366,12912270151353712,108574810358972053,645,1040,51649080605414848,281648895469553895,1
1606687121159555,988730536098188,411311903016846080,1282125889696356499,1293,365,25706993938552880,216161214030894599,645,1040,102827975754211520,560733810870986799,1
1577259828471281,970621432905404,403778516088647936,1258656491958508435,1293,362,25236157255540496,212202111345372197,645,1040,100944629022161984,550463685722779173,1
6281016228109361,3865240755759608,401985038598999104,1253069119779217843,1293,458,100496259649749776,845038262533657289,645,1040,401985038598999104,2192074685955375405,1
784997292005449,483075256618738,401918613506789888,1252862180068873747,1293,361,12559956672087184,105612328266485719,645,1040,50239826688348736,273964057703052753,1
6260624701640723,3852692124086600,400679980905006272,1249003363117163251,1293,457,100169995226251568,842294817934145915,645,1040,400679980905006272,2184958043217820743,1
24751054644329993,15231418242664616,396016874309279888,1234475992568938747,1293,534,396016874309279888,3329968822525403633,645,1040,1584067497237119552,8638118160252001221,1
24686461126354487,15191668385448920,394983378021671792,1231256254134467371,1293,533,394983378021671792,3321278509991622095,645,1040,1579933512086687168,8615575022478549627,1
385223226129932,237060446849189,394468583557050368,1229652471379300627,1293,358,6163571618078912,51827340336511007,645,1040,12327143236157824,67221453657960897,1
1533709063358621,943820962066844,392629520219806976,1223923081751734675,1293,357,24539345013737936,206342858408292017,645,1040,98157380054951744,535264468698460833,1
1504932997064555,926112613578188,385262847248526080,1200973062110436499,1293,354,24078927953032880,202471370719959599,645,1040,96315711812131520,525221621561831799,1
374457639800681,230435470646573,383444623155897344,1195308594744939283,1293,353,1497830559202724,12594738728553521,645,1040,23965288947243584,130685717687013195,1
11889946466571247,7316890133274616,380478286930279904,1186067316503592643,1293,714,190239143465139952,1599655109998588903,645,1040,760956573860559808,4149591361523782035,1
11868700205460211,7303815511052440,379798406574726752,1183949227703600131,1293,713,189899203287363376,1596796670715265675,645,1040,759596813149453504,4142176416396030471,1
734690053052881,452116955724850,376161307163075072,1172618264151916051,1293,350,11755040848846096,98844069733559455,645,1040,47020163395384384,256406831308606521,1
93766099426332743,57702215031589400,375064397705330972,1169200969302790201,1293,962,1500257590821323888,12615146798172640415,645,1040,6001030363285295552,32724369057313461963,1
93650221829813357,57630905741423624,374600887319253428,1167756956176933237,1293,961,1498403549277013712,12599556804610147637,645,1040,5993614197108054848,32683927776128196249,1
1462359071543207,899913274795820,374363922315060992,1167018719048487571,1293,349,23397745144691312,196743540278664395,645,1040,93590980578765248,510363321554881347,1
93204335258029067,57356514004940984,372817341032116268,1162200523513159777,1293,886,1491269364128465072,12539567911221630467,645,1040,5965077456513860288,32528313362575479039,1
93077793829304525,57278642356495112,372311175317218100,1160623622632130869,1293,885,1489244701268872400,12522543222080151701,645,1040,5956978805075489600,32484150403950613881,1
23158684005542519,14251497849564632,370538944088680304,1155102440727840043,1293,754,370538944088680304,3115733726583919631,645,1040,1482155776354721216,8082380807315172795,1
23120627963130989,14228078746542152,369930047410095824,1153205493383019163,1293,753,369930047410095824,3110613725185629941,645,1040,1479720189640383296,8069099248513548825,1
1434234231643349,882605681011292,367163963300697344,1144588077503739283,1293,346,22947747706293584,192959667587521961,645,1040,91790990825174336,500547752429830905,1
713647300190035,439167569347714,365387417697297920,1139053454662379539,1293,345,11418356803040560,96013010136858097,645,1040,45673427212162240,249062910559473267,1
5665037462487869,3486176899992536,362562397599223616,1130252430510686515,1293,618,90640599399805904,762165427066581173,645,1040,362562397599223616,1977098096753474697,1
5653274685742487,3478938268149224,361809579887519168,1127907113793453427,1293,617,90452394971879792,760582881179837087,645,1040,361809579887519168,1972992887669336379,1
5619410913243671,3458099023534568,359642298447594944,1121155198538304883,1293,470,89910574611898736,756026901325957919,645,1040,359642298447594944,1961174431067249595,1
11236440779983519,6914732787682168,359566104959472608,1120917826517616067,1293,484,179783052479736304,1511733460318439959,645,1040,719132209918945216,3921517876904664963,1
22423123793284583,13798845411252056,358769980692553328,1118437593224521387,1293,502,358769980692553328,3016772587257832703,645,1040,1435079922770213312,7825670293237153131,1
5602682535242453,3447804637072280,358571682255516992,1117819817324523571,1293,469,89642920563879248,753776291085640205,645,1040,358571682255516992,1955336227144824513,1
11204489985017689,6895070760010888,358543679520566048,1117732578034868707,1293,483,179271839760283024,1507434849518806369,645,1040,717087359041132096,3910367049461590293,1
349873843419329,215306980565741,358270815661392896,1116882502165906195,1293,342,1399495373677316,11767872192573047,645,1040,22391925978837056,122105972749921347,1
349507528572587,215081556044669,357895709258329088,1115713901448668947,1293,610,2796060228580696,23511102667186411,645,1040,22368481828645568,121978128868408389,1
22362437633674325,13761500082261128,357799002138789200,1115412621576256219,1293,501,357799002138789200,3008607964707191069,645,1040,1431196008555156800,7804490823533173089,1
348774898879103,214630707002525,357145496452201472,1113376700014194451,1293,609,2790199191032824,23461819231267045,645,1040,22321593528262592,121722441105382473,1
1392637145713313,857007474285116,5021339567642368,15653701430797397,1293,341,22282194331413008,187363259642011733,645,1040,89128777325652032,486030369440248341,1
22119448785335465,13611968483283368,353911180565367440,1103300562059057659,1293,498,353911180565367440,2975916618880678289,645,1040,1415644722261469760,7719687715462910949,1
22059251045520863,13574923720320536,352948016728333808,1100299936259068267,1293,497,352948016728333808,2967817707577929143,645,1040,1411792066913335232,7698678704267614851,1
175810184809395943,108190882959628312,175810184809395943,548081902439670755,1293,824,2812962956950335088,23653231860831555391,645,1040,11251851827801340352,61357755213525853419,1
175559259139377673,108036467162693992,175559259139377673,547300172467690760,1293,823,2808948146230042768,23619472707226789681,645,1040,11235792584920171072,61270182154689477189,1
1365163532207663,840100635204716,349481864245161728,1089501538138416787,1293,338,21842616515322608,183667001948059283,645,1040,87370466061290432,476442078326776491,1
21736405560592247,13376249575749080,347782488969475952,1084207330548780331,1293,866,347782488969475952,2924382572720994575,645,1040,1391129955877903808,7586005630027527867,1
339596676885734,208982570391221,347746997130991616,1084096759821194515,1293,337,5433546830171744,45688814595887753,645,1040,5433546830171744,29629810407424173,1
21707466687699629,13358441038584392,347319467003194064,1082764839038440603,1293,865,347319467003194064,2920489181283364661,645,1040,1389277868012776256,7575905963388004185,1
1345578381408475,828048234712908,344468065640569600,1073881627101033619,1293,474,21529254102535600,181032045890537759,645,1040,86117016410142400,469606860697859879,1
2681612225976839,1650222908293440,343246364925035392,1070075559487253971,1293,473,42905795615629424,360779984478509815,645,1040,171623182462517696,935882678038521019,1
2674179138739705,1645648700762896,342294929758682240,1067111473007461459,1293,468,42786866219835280,359779948357144633,645,1040,171147464879341120,933288530592761253,1
2666323720359571,1640814597144352,341289436206025088,1063978973862644947,1293,467,42661179525753136,358723092453540451,645,1040,170644718103012544,930546989578094487,1
665619353617195,409611909918274,340797109052003840,1062445185421271059,1293,334,10649909657875120,89551404094096777,645,1040,42599638631500480,232301157205552107,1
21219698118437837,13058275765192520,339515169895005392,1058451451893698971,1293,530,339515169895005392,2854865548388066645,645,1040,1358060679580021568,7405674732715638777,1
1324543285868939,815103560534732,339083081182448384,1057105329366117523,1293,333,21192692573903024,178202016498334031,645,1040,84770770295612096,462265612354561815,1
21167722111850111,13026290530369304,338683553789601776,1055860647873018475,1293,529,338683553789601776,2847872776424841047,645,1040,1354734215158407104,7387535106416522403,1
10514841233551417,6470671528339336,336474919473645344,1048979902504077283,1293,672,168237459736822672,1414650567494613313,645,1040,672949838947290688,3669679635199861365,1
10495996369769023,6459074689088632,335871883832608736,1047101214545463235,1293,671,167935941916304368,1412115208513428151,645,1040,671743767665217472,3663102777739805859,1
1297720898757497,798597476158460,332216550081919232,1035713444014469011,1293,330,20763534380119952,174593373801571565,645,1040,83054137520479808,452904599252668557,1
645553440345661,397263655597330,330523361456978432,1030438510221384211,1293,329,10328855045530576,86851766993180395,645,1040,41315420182122304,225298153473786741,1
10273236241300249,6321991533107848,328743559721607968,1024893743276576227,1293,538,164371779860803984,1382145403537129249,645,1040,657487119443215936,3585359492904203733,1
20535747597920885,12637383137182088,328571961566734160,1024359149024853979,1293,794,328571961566734160,2762847897589285949,645,1040,1314287846266936640,7166976001055222529,1
14,9,14,23,19,12,28,89,8,13,1,1,1
2608982,1677213,10435928,17546783,157,74,5217964,16580549,77,119,1304491,1303465,1
2549482,1638963,10197928,17155783,157,73,5098964,16202299,77,119,1274741,1273715,1
547718,352107,8763488,14799203,157,90,1095436,3480641,77,119,547718,547205,1
179446,115359,2871136,4850881,157,89,4324,13739,77,119,179446,179275,1
1008286,648189,8066288,13653803,157,106,2016572,6407257,77,119,504143,503630,1
497318,319707,7957088,13474403,157,105,994636,3160241,77,119,497318,496805,1
219364,141021,7019648,11934323,157,54,54841,174236,77,119,438728,438215,1
212504,136611,6800128,11573683,157,53,212504,675139,77,119,425008,424495,1
2600630,1671853,10402520,17849271,157,74,5201260,16522901,77,119,1300315,1298377,1
2541130,1633603,10164520,17458271,157,73,5082260,16144651,77,119,1270565,1268627,1
81997,52713,5247808,9023443,157,88,327988,1041893,77,119,327988,327475,1
80807,51948,5171648,8898323,157,87,323228,1026763,77,119,17012,16985,1
2609462,1677533,10437848,17996653,157,74,5218924,16577909,77,119,1304731,1302565,1
806198,518277,1612396,2782951,157,102,1612396,5121701,77,119,403099,402415,1
2549962,1639283,10199848,17605653,157,73,5099924,16199659,77,119,1274981,1272815,1
2392694,1538181,4785388,8263753,157,101,4785388,15200453,77,119,1196347,1194295,1
545630,350767,8730080,15101691,157,90,1091260,3466229,77,119,545630,544661,1
536250,344737,8580000,14855131,157,89,357500,1135533,77,119,178750,178427,1
22549,14496,1443136,2504881,157,64,90196,286481,77,119,90196,90025,1
1004110,645509,8032880,13956291,157,106,2008220,6378433,77,119,502055,501086,1
7353,4727,470592,817787,157,63,9804,31139,77,119,516,515,1
495230,318367,7923680,13776891,157,105,990460,3145829,77,119,495230,494261,1
130604,83961,4179328,7268083,157,42,65302,207407,77,119,261208,260695,1
547838,352187,8765408,15249073,157,90,1095676,3479981,77,119,547838,546755,1
258898,166437,4142368,7207363,157,66,517796,1644571,77,119,258898,258385,1
538458,346157,8615328,15002513,157,89,358972,1140117,77,119,179486,179125,1
2599574,1671181,10398296,18110361,157,74,5199148,16512773,77,119,1299787,1297165,1
253718,163107,4059488,7071203,157,65,507436,1611641,77,119,253718,253205,1
13936,8959,445952,777307,157,41,13936,44261,77,119,27872,27815,1
497986,320139,3983888,6947003,157,98,995972,3163207,77,119,248993,248480,1
110438,70997,441752,770407,157,73,220876,701501,77,119,55219,55105,1
493226,317079,3945808,6884443,157,97,986452,3132947,77,119,246613,246100,1
957542,615573,3830168,6694463,157,110,1915084,6082109,77,119,478771,477745,1
1008526,648349,8068208,14103673,157,106,2017052,6405937,77,119,504263,503180,1
950822,611253,3803288,6650303,157,109,1901644,6039389,77,119,475411,474385,1
236078,151767,3777248,6607523,157,100,472156,1499501,77,119,236078,235565,1
497438,319787,7959008,13924273,157,105,994876,3159581,77,119,497438,496355,1
39008,25077,1248256,2184721,157,99,39008,123883,77,119,78016,77845,1
218320,140351,6986240,12236811,157,54,218320,693341,77,119,436640,435671,1
1217246,782529,608623,1066888,157,134,2434492,7731377,77,119,608623,607255,1
403742,259553,201871,353981,157,133,807484,2564369,77,119,201871,201415,1
56657,36423,3626048,6359123,157,146,226628,719713,77,119,226628,226115,1
12536,8059,401152,703707,157,145,12536,39811,77,119,25072,25015,1
211460,135941,6766720,11876171,157,53,52865,167884,77,119,422920,421951,1
3561158,2289357,1780579,3126259,157,130,7122316,22618301,77,119,1780579,1776475,1
3543658,2278107,1771829,3111884,157,129,7087316,22507051,77,119,1771829,1767725,1
3473378,2232927,1736689,3054154,157,126,6946756,22060271,77,119,1736689,1732585,1
1152146,740679,576073,1013413,157,125,2304292,7317527,77,119,576073,574705,1
545366,350599,8725856,15362781,157,90,1090732,3463697,77,119,545366,544055,1
1129466,726099,564733,994783,157,122,2258932,7173347,77,119,564733,563365,1
1124006,722589,562003,990298,157,121,2248012,7138637,77,119,562003,560635,1
535986,344569,8575776,15116221,157,89,357324,1134689,77,119,178662,178225,1
34808,22377,1113856,1963921,157,38,34808,110533,77,119,3664,3655,1
6658846,4280769,6658846,11743621,157,153,13317692,42290257,77,119,3329423,3321215,1
219424,141061,7021568,12384193,157,54,219424,696779,77,119,438848,437765,1
6637706,4267179,6637706,11708891,157,153,13275412,42155867,77,119,3318853,3310645,1
1105666,710799,552833,975233,157,138,2211332,7022047,77,119,552833,551465,1
3304538,2124387,1652269,2915464,157,137,6609076,20986931,77,119,1652269,1648165,1
6489446,4171869,6489446,11465321,157,152,12978892,41213357,77,119,3244723,3236515,1
6469706,4159179,6469706,11432891,157,151,12939412,41087867,77,119,3234853,3226645,1
212564,136651,6802048,12023553,157,53,106282,337487,77,119,425128,424045,1
33268,21387,1064576,1882961,157,37,16634,52819,77,119,66536,66365,1
66326,42639,1061216,1877441,157,82,132652,421217,77,119,66326,66155,1
65626,42189,1050016,1859041,157,81,131252,416767,77,119,3454,3445,1
43634,28051,349072,618147,157,106,87268,277103,77,119,21817,21760,1
521998,335577,1043996,1849151,157,74,1043996,3315001,77,119,260999,260315,1
194638,125127,3114208,5518243,157,50,389276,1236061,77,119,194638,194125,1
494966,318199,7919456,14037981,157,105,989932,3143297,77,119,494966,493655,1
767002,493083,3068008,5442343,157,70,1534004,4870819,77,119,383501,382475,1
510098,327927,1020196,1810051,157,73,1020196,3239351,77,119,255049,254365,1
189178,121617,3026848,5374723,157,49,378356,1201351,77,119,189178,188665,1
755662,485793,3022648,5367823,157,69,1511324,4798729,77,119,377831,376805,1
2929478,1883277,1464739,2607379,157,118,5858956,18602621,77,119,1464739,1460635,1
973366,625749,486683,866558,157,117,1946732,6180997,77,119,486683,485315,1
724442,465723,2897768,5162663,157,140,1448884,4600259,77,119,362221,361195,1
722902,464733,2891608,5152543,157,139,1445804,4590469,77,119,361451,360425,1
2610182,1678013,5220364,9335729,157,74,5220364,16573949,77,119,68689,68485,1
81475,52378,5214400,9325931,157,88,325900,1034687,77,119,325900,324931,1
455638,292917,911276,1631111,157,144,911276,2893141,77,119,227819,227135,1
218188,140267,6982016,12497901,157,54,54547,173177,77,119,436376,435065,1
1365094,877581,2730188,4887353,157,143,2730188,8667853,77,119,682547,680495,1
80285,51613,5138240,9200811,157,87,321140,1019557,77,119,321140,320171,1
169718,109107,2715488,4863203,157,86,339436,1077641,77,119,169718,169205,1
2550682,1639763,5101364,9140229,157,73,5101364,16195699,77,119,1275341,1271465,1
168458,108297,2695328,4830083,157,85,336916,1069631,77,119,168458,167945,1
335866,215919,2686928,4816283,157,78,671732,2132587,77,119,167933,167420,1
13939,8961,892096,1599601,157,48,55756,177011,77,119,55756,55585,1
332926,214029,2663408,4777643,157,77,665852,2113897,77,119,166463,165950,1
211328,135857,6762496,12137261,157,53,211328,670903,77,119,422656,421345,1
109594,70455,876752,1574393,157,90,219188,695851,77,119,54797,54626,1
162998,104787,2607968,4686563,157,108,325996,1034921,77,119,162998,162485,1
325366,209169,2602928,4678283,157,107,650732,2065837,77,119,162683,162170,1
40627,26118,2600128,4673683,157,47,162508,515903,77,119,162508,161995,1
81044,52101,2593408,4662643,157,34,20261,64321,77,119,162088,161575,1
35906,23083,287248,516579,157,89,71812,227975,77,119,17953,17896,1
1274234,819171,2548468,4588813,157,116,2548468,8090243,77,119,637117,635065,1
1272694,818181,2545388,4583753,157,115,2545388,8080453,77,119,636347,634295,1
2401890,1544111,4803780,8651341,157,102,1601260,5083269,77,119,400315,399023,1
631622,406053,2526488,4552703,157,114,1263244,4010189,77,119,315811,314785,1
630922,405603,2523688,4548103,157,113,1261844,4005739,77,119,315461,314435,1
15,8,1,1,15,9,24,47,6,10,24,17,1
44797,23892,89594,90915,261,86,358376,701913,129,192,358376,253895,1
43987,23460,87974,89295,261,85,351896,689223,129,192,351896,249305,1
43237,23060,86474,87795,261,50,345896,677473,129,192,345896,245055,1
125361,66860,83574,84895,261,49,1002888,1964269,129,192,1002888,710515,1
102051,54428,68034,69355,261,98,816408,1599079,129,192,48024,34025,1
134383,71672,134383,137025,261,86,1075064,2105707,129,192,1075064,761685,1
33547,17892,67094,68415,261,97,268376,525663,129,192,268376,190145,1
131953,70376,131953,134595,261,85,1055624,2067637,129,192,1055624,747915,1
129703,69176,129703,132345,261,50,148232,290341,129,192,1037624,735165,1
125353,66856,125353,127995,261,49,1002824,1964237,129,192,1002824,710515,1
41583,22178,55444,56765,261,42,332664,651607,129,192,332664,235705,1
20259,10805,54024,55345,261,104,162072,317461,129,192,162072,114835,1
20034,10685,53424,54745,261,103,1431,2803,129,192,20034,14195,1
13331,7110,53324,54645,261,41,106648,208899,129,192,106648,75565,1
102043,54424,102043,104685,261,98,816344,1599047,129,192,816344,578425,1
100633,53672,100633,103275,261,97,805064,1576957,129,192,805064,570435,1
271599,144856,90533,93175,261,74,2172792,4256171,129,192,2172792,1539605,1
2168517,1156568,722839,743975,261,173,17348136,33982393,129,192,17348136,12292615,1
2158767,1151368,719589,740725,261,173,17270136,33829643,129,192,17270136,12237365,1
267189,142504,89063,91705,261,73,2137512,4187081,129,192,125736,89095,1
32853,17522,43804,45125,261,34,262824,514837,129,192,262824,186235,1
336037,179224,336037,346605,261,173,2688296,5266073,129,192,2688296,1904935,1
1004181,535576,334727,345295,261,173,8033448,15736649,129,192,8033448,5692535,1
10421,5558,41684,43005,261,33,83368,163309,129,192,4904,3475,1
41579,22176,41579,42900,261,42,332632,651591,129,192,332632,235705,1
20257,10804,40514,41835,261,104,162056,317453,129,192,162056,114835,1
5008,2671,40064,41385,261,103,20032,39241,129,192,20032,14195,1
39989,21328,39989,41310,261,41,319912,626681,129,192,319912,226695,1
1903977,1015480,634659,655795,261,173,15231816,29837933,129,192,15231816,10793555,1
237429,126632,79143,81785,261,173,1899432,3720841,129,192,1899432,1345975,1
1897587,1012072,632529,653665,261,173,15180696,29737823,129,192,15180696,10757345,1
9851,5254,39404,40725,261,173,78808,154379,129,192,78808,55845,1
7407723,3950888,2469241,2553785,261,173,59261784,116090167,129,192,59261784,41994505,1
7387113,3939896,2462371,2546915,261,173,59096904,115767277,129,192,59096904,41877715,1
13329,7109,35544,36865,261,30,106632,208891,129,192,106632,75565,1
6824433,3639800,2274811,2359355,261,173,7799352,15278851,129,192,54595464,38689195,1
6809223,3631688,2269741,2354285,261,173,54473784,106713667,129,192,54473784,38603005,1
835641,445688,278547,289115,261,173,6685128,13096189,129,192,6685128,4737475,1
833751,444680,277917,288485,261,173,6670008,13066579,129,192,6670008,4726765,1
276487,147464,276487,287055,261,132,2211896,4333123,129,192,2211896,1567485,1
825651,440360,275217,285785,261,131,6605208,12939679,129,192,6605208,4680865,1
271567,144840,271567,282135,261,74,2172536,4256043,129,192,2172536,1539605,1
2168261,1156440,2168261,2252805,261,173,17346088,33981369,129,192,17346088,12292615,1
50811,27100,33874,35195,261,114,406488,796319,129,192,406488,288065,1
4228,2255,33824,35145,261,106,2416,4733,129,192,16912,11985,1
405423,216232,135141,140425,261,173,3243384,6353867,129,192,3243384,2298485,1
2158511,1151240,2158511,2243055,261,173,17268088,33828619,129,192,17268088,12237365,1
50541,26956,33694,35015,261,113,404328,792089,129,192,23784,16855,1
134771,71880,134771,140055,261,173,154024,301737,129,192,1078168,764065,1
12609,6725,33624,34945,261,105,100872,197611,129,192,100872,71485,1
12579,6709,33544,34865,261,29,14376,28163,129,192,100632,71315,1
8381,4470,33524,34845,261,90,67048,131349,129,192,3944,2795,1
267157,142488,267157,277725,261,73,2137256,4186953,129,192,2137256,1514615,1
24933,13298,33244,34565,261,89,199464,390757,129,192,199464,141355,1
32969,17584,32969,34290,261,56,263752,516701,129,192,263752,186915,1
32849,17520,32849,34170,261,34,262792,514821,129,192,262792,186235,1
24633,13138,32844,34165,261,70,28152,55151,129,192,11592,8215,1
24303,12962,32404,33725,261,69,194424,380887,129,192,194424,137785,1
1036063,552584,1036063,1078335,261,173,1184072,2319661,129,192,8288504,5873925,1
97077,51776,32359,33680,261,55,776616,1521433,129,192,776616,550375,1
3102399,1654664,1034133,1076405,261,173,24819192,48622171,129,192,24819192,17588965,1
193689,103304,64563,67205,261,173,1549512,3035581,129,192,1549512,1098115,1
193299,103096,64433,67075,261,173,1546392,3029471,129,192,1546392,1095905,1
24033,12818,32044,33365,261,82,192264,376657,129,192,192264,136255,1
7931,4230,31724,33045,261,81,9064,17757,129,192,63448,44965,1
1007983,537608,1007983,1050255,261,173,8063864,15797707,129,192,8063864,5714805,1
1004053,535512,1004053,1046325,261,173,8032424,15736137,129,192,8032424,5692535,1
31259,16672,31259,32580,261,33,250072,489911,129,192,250072,177225,1
374673,199832,124891,130175,261,148,2997384,5872117,129,192,2997384,2124235,1
373563,199240,124521,129805,261,147,2988504,5854727,129,192,2988504,2117945,1
369993,197336,123331,128615,261,120,2959944,5798797,129,192,2959944,2097715,1
1475697,787064,491899,513035,261,173,11805576,23128213,129,192,11805576,8366635,1
1475067,786728,491689,512825,261,173,11800536,23118343,129,192,11800536,8363065,1
122861,65528,122861,128145,261,119,982888,1925569,129,192,982888,696575,1
1473357,785816,491119,512255,261,173,11786856,23091553,129,192,11786856,8353375,1
1472607,785416,490869,512005,261,173,11780856,23079803,129,192,11780856,8349125,1
30179,16096,30179,31500,261,160,241432,472991,129,192,241432,171105,1
90477,48256,30159,31480,261,94,723816,1418033,129,192,723816,512975,1
90327,48176,30109,31430,261,159,722616,1415683,129,192,722616,512125,1
45081,24044,30054,31375,261,96,360648,706549,129,192,360648,255595,1
7511,4006,30044,31365,261,110,8584,16817,129,192,60088,42585,1
29969,15984,29969,31290,261,93,239752,469701,129,192,239752,169915,1
7481,3990,29924,31245,261,109,59848,117249,129,192,59848,42415,1
44811,23900,29874,31195,261,95,358488,702319,129,192,358488,254065,1
1903721,1015352,1903721,1988265,261,173,15229768,29836909,129,192,15229768,10793555,1
237397,126616,237397,247965,261,173,1899176,3720713,129,192,1899176,1345975,1
1897331,1011944,1897331,1981875,261,173,15178648,29736799,129,192,15178648,10757345,1
29549,15760,29549,30870,261,173,236392,463121,129,192,236392,167535,1
43881,23404,29254,30575,261,142,351048,687749,129,192,351048,248795,1
467339,249256,467339,488475,261,173,3738712,7324631,129,192,3738712,2649705,1
10944,5837,29184,30505,261,141,43776,85763,129,192,43776,31025,1
1399827,746600,466609,487745,261,173,11198616,21939583,129,192,11198616,7936705,1
7406699,3950376,7406699,7744875,261,173,59253592,116086071,129,192,59253592,41994505,1
115691,61704,115691,120975,261,128,925528,1813239,129,192,925528,655945,1
86637,46208,28879,30200,261,168,693096,1357873,129,192,693096,491215,1
7386089,3939384,7386089,7724265,261,173,59088712,115763181,129,192,59088712,41877715,1
346143,184616,115381,120665,261,127,395592,775021,129,192,2769144,1962565,1
28829,15376,28829,30150,261,167,230632,451841,129,192,230632,163455,1
461069,245912,461069,482205,261,173,526936,1032343,129,192,3688552,2614175,1
1382157,737176,460719,481855,261,173,1579608,3094679,129,192,11057256,7836575,1
16,9,1,1,11,6,16,25,4,7,16,9,1
56512,31799,28256,30973,61,44,56512,88003,29,44,56512,31799,1
54944,30917,27472,30189,61,44,54944,85553,29,44,54944,30917,1
48608,27353,24304,27021,61,44,48608,75653,29,44,48608,27353,1
4288,2413,2144,2391,61,44,4288,6673,29,44,4288,2413,1
57616,32423,1108,1241,61,44,57616,89647,29,44,57616,32423,1
56048,31541,14012,15741,61,44,56048,87197,29,44,56048,31541,1
49712,27977,956,1089,61,44,49712,77297,29,44,49712,27977,1
6896,3881,1724,1971,61,44,6896,10721,29,44,6896,3881,1
56416,31751,28208,32407,61,44,56416,87691,29,44,56416,31751,1
54848,30869,27424,31623,61,44,54848,85241,29,44,54848,30869,1
57808,32535,14452,16675,61,44,57808,89839,29,44,57808,32535,1
56240,31653,740,857,61,44,56240,88271,29,44,56240,31653,1
48512,27305,24256,28455,61,44,97024,157527,29,44,48512,27305,1
49904,28089,12476,14699,61,44,49904,81935,29,44,49904,28089,1
47072,26495,23536,27735,61,44,94144,154647,29,44,47072,26495,1
30112,16949,15056,17773,61,38,60224,99373,29,44,30112,16949,1
48464,27279,932,1103,61,44,48464,80495,29,44,48464,27279,1
29056,16355,14528,17245,61,37,58112,97261,29,44,29056,16355,1
14456,8137,1112,1321,61,26,57824,96973,29,44,14456,8137,1
7044,3965,14088,16805,61,22,56352,95501,29,44,7044,3965,1
13592,7651,13592,16309,61,25,54368,93517,29,44,13592,7651,1
6500,3659,1000,1209,61,21,52000,91149,29,44,6500,3659,1
1549,872,12392,15109,61,44,49568,88717,29,44,1549,872,1
24768,13943,12384,15101,61,34,49536,88685,29,44,24768,13943,1
31216,17573,7804,9533,61,38,31216,56129,29,44,31216,17573,1
6052,3407,12104,14821,61,44,48416,87565,29,44,48416,27445,1
23840,13421,11920,14637,61,33,47680,86829,29,44,9536,5489,1
30160,16979,580,713,61,37,30160,55073,29,44,6032,3493,1
2144,1207,1072,1319,61,26,4288,7847,29,44,4288,2495,1
7320,4121,7320,9049,61,22,29280,54193,29,44,5856,3493,1
14144,7963,544,677,61,25,28288,53201,29,44,28288,17465,1
968,545,968,1215,61,21,3872,7431,29,44,3872,2495,1
10616,5977,10616,13333,61,28,42464,81613,29,44,42464,27445,1
10520,5923,10520,13237,61,44,42080,81229,29,44,8416,5489,1
10424,5869,10424,13141,61,44,41696,80845,29,44,41696,27445,1
1618,911,6472,8201,61,44,25888,50801,29,44,25888,17465,1
3696,2081,924,1171,61,34,3696,7255,29,44,3696,2495,1
10136,5707,10136,12853,61,27,40544,79693,29,44,40544,27445,1
904,509,904,1151,61,44,3616,7175,29,44,3616,2495,1
19744,11117,9872,12589,61,44,39488,78637,29,44,39488,27445,1
24944,14045,6236,7965,61,33,24944,49857,29,44,24944,17465,1
19584,11027,9792,12509,61,42,39168,78317,29,44,39168,27445,1
30016,16901,15008,19207,61,38,60032,120535,29,44,60032,42415,1
31408,17685,604,775,61,38,31408,63439,29,44,31408,22455,1
19168,10793,9584,12301,61,41,38336,77485,29,44,38336,27445,1
28960,16307,14480,18679,61,37,57920,118423,29,44,11584,8483,1
14408,8113,14408,18607,61,26,57632,118135,29,44,57632,42415,1
30352,17091,7588,9811,61,37,30352,62383,29,44,30352,22455,1
15104,8505,7552,9775,61,26,30208,62239,29,44,30208,22455,1
7020,3953,1080,1403,61,22,56160,116663,29,44,11232,8483,1
2456,1383,2456,3197,61,22,9824,20501,29,44,9824,7485,1
11168,6289,5584,7313,61,28,22336,47249,29,44,22336,17465,1
13544,7627,13544,17743,61,25,54176,114679,29,44,54176,42415,1
14240,8019,7120,9343,61,25,28480,60511,29,44,5696,4491,1
11072,6235,5536,7265,61,44,22144,47057,29,44,22144,17465,1
1568,883,784,1031,61,44,3136,6695,29,44,3136,2495,1
4260,2399,8520,11237,61,18,34080,73229,29,44,6816,5489,1
10688,6019,5344,7073,61,27,21376,46289,29,44,21376,17465,1
4196,2363,8392,11109,61,44,33568,72717,29,44,33568,27445,1
6476,3647,12952,17151,61,21,51808,112311,29,44,51808,42415,1
190,107,40,53,61,44,3040,6599,29,44,608,499,1
6824,3843,6824,9047,61,21,27296,59327,29,44,27296,22455,1
20848,11741,5212,6941,61,44,20848,45761,29,44,20848,17465,1
20688,11651,5172,6901,61,42,20688,45601,29,44,20688,17465,1
1543,869,12344,16543,61,44,49376,109879,29,44,49376,42415,1
24672,13895,12336,16535,61,34,49344,109847,29,44,49344,42415,1
815,459,6520,8743,61,44,26080,58111,29,44,5216,4491,1
2896,1631,724,971,61,34,2896,6455,29,44,2896,2495,1
6028,3395,12056,16255,61,44,48224,108727,29,44,48224,42415,1
6376,3591,6376,8599,61,44,25504,57535,29,44,25504,22455,1
3844,2165,7688,10405,61,17,30752,69901,29,44,30752,27445,1
23744,13373,11872,16071,63,33,47488,107991,30,45,47488,42415,1
25136,14157,6284,8507,63,33,25136,57167,30,45,25136,22455,1
226508,127573,453016,613319,63,44,1812064,4121855,30,45,1812064,1619255,1
234100,131849,468200,633937,63,44,1872800,4260889,30,45,374560,334829,1
452488,254849,452488,612791,63,44,1809952,4119743,30,44,1809952,1619255,1
467672,263401,467672,633409,63,44,1870688,4258777,30,44,1870688,1674145,1
452328,254759,452328,612631,63,44,1809312,4119103,30,44,1809312,1619255,1
233812,131687,467624,633361,63,44,1870496,4258585,30,44,1870496,1674145,1
226124,127357,452248,612551,63,44,1808992,4118783,30,44,1808992,1619255,1
233780,131669,467560,633297,63,44,1870240,4258329,30,44,374048,334829,1
226092,127339,452184,612487,63,44,1808736,4118527,30,44,1808736,1619255,1
467512,263311,467512,633249,63,44,1870048,4258137,30,44,1870048,1674145,1
233652,131597,467304,633041,63,44,1869216,4257305,30,44,1869216,1674145,1
225964,127267,451928,612231,63,44,1807712,4117503,30,44,1807712,1619255,1
451912,254525,451912,612215,63,44,1807648,4117439,30,44,1807648,1619255,1
467096,263077,24584,33307,63,44,1868384,4256473,30,44,1868384,1674145,1
87,49,696,943,63,10,2784,6343,30,44,2784,2495,1
11990,6753,47960,65003,63,44,191840,437411,30,44,38368,34431,1
111706,62915,446824,605645,63,44,1787296,4075733,30,44,1787296,1604285,1
152848,86087,38212,51797,63,44,152848,348593,30,44,152848,137225,1
450856,253931,450856,611159,63,44,1803424,4113215,30,44,1803424,1619255,1
42376,23867,42376,57443,63,44,169504,386603,30,44,169504,152195,1
152816,86069,38204,51789,63,44,152816,348561,30,44,152816,137225,1
80908,45569,161816,219367,63,44,647264,1476511,30,45,647264,581335,1
235036,132377,470072,637291,63,44,1880288,4289731,30,45,1880288,1689115,1
465176,261997,465176,630913,63,44,1860704,4248793,30,45,1860704,1674145,1
449800,253337,34600,46931,63,44,1799200,4108991,30,45,359840,323851,1
56223,31666,449784,610087,63,44,1799136,4108927,30,45,1799136,1619255,1
58121,32735,24472,33195,63,44,1859872,4247961,30,45,1859872,1674145,1
17,9,1,1,19,10,136,243,8,13,8,5,1
127493,67497,1019944,1046821,157,74,1019944,1822647,77,119,1019944,637585,1
124603,65967,996824,1023701,157,73,996824,1781337,77,119,996824,623135,1
637993,337765,300232,309191,157,74,5103944,9120947,77,119,300232,187685,1
623543,330115,293432,302391,157,73,4988344,8914397,77,119,293432,183435,1
133981,70932,4287392,4421777,157,90,1071848,1915449,77,119,1071848,670055,1
43901,23242,1404832,1449627,157,89,351208,627629,77,119,351208,219555,1
246797,130659,3948752,4083137,157,106,1974376,3528363,77,119,1974376,1234285,1
121741,64452,3895712,4030097,157,105,973928,1740489,77,119,973928,608855,1
134113,71002,252448,261407,157,90,153272,273911,77,119,63112,39455,1
131835,69796,248160,257119,157,89,210936,376963,77,119,12408,7757,1
247061,130799,232528,241487,157,106,1976488,3532219,77,119,116264,72685,1
121873,64522,229408,238367,157,105,974984,1742417,77,119,57352,35855,1
107512,56919,3440384,3574769,157,54,430048,768549,77,119,430048,268855,1
20836,11031,666752,693629,157,53,83344,148947,77,119,83344,52105,1
107644,56989,202624,211583,157,54,430576,769513,77,119,25328,15835,1
632761,334997,5062088,5286063,157,74,5062088,9046819,77,119,5062088,3164805,1
618311,327347,4946488,5170463,157,73,4946488,8840269,77,119,4946488,3092555,1
104312,55225,196352,205311,157,53,417248,745699,77,119,24544,15345,1
80618,42681,2579776,2714161,157,88,40309,72042,77,119,80618,50405,1
26561,14062,849952,894747,157,90,212488,379769,77,119,212488,132855,1
79462,42069,2542784,2677169,157,87,158924,284037,77,119,158924,99365,1
130527,69104,4176864,4400839,157,89,1044216,1866283,77,119,1044216,652885,1
632713,334973,5061704,5339433,157,74,5061704,9046627,77,119,5061704,3164805,1
618263,327323,4946104,5223833,157,73,4946104,8840077,77,119,4946104,3092555,1
198361,105017,793444,838239,157,102,1586888,2836219,77,119,1586888,992205,1
588793,311721,2355172,2489557,157,101,4710344,8418747,77,119,4710344,2945165,1
48889,25883,782224,827019,157,106,391112,699031,77,119,391112,244545,1
24113,12766,771616,816411,157,105,192904,344777,77,119,192904,120615,1
80750,42751,152000,160959,157,88,3230,5773,77,119,475,297,1
79594,42139,149824,158783,157,87,159188,284519,77,119,9364,5855,1
22226,11767,711232,756027,157,64,44452,79451,77,119,44452,27795,1
596139,315611,140268,149227,157,102,4769112,8524081,77,119,280536,175415,1
4350,2303,139200,148159,157,63,174,311,77,119,435,272,1
589849,312281,8164,8691,157,101,4718792,8434171,77,119,277576,173565,1
12880,6819,412160,439037,157,42,1472,2631,77,119,10304,6443,1
132793,70304,4249376,4527105,157,90,1062344,1898797,77,119,1062344,664275,1
632665,334949,5061320,5392803,157,74,1012264,1809287,77,119,1012264,632961,1
63839,33798,2042848,2177233,157,66,510712,912831,77,119,510712,319345,1
106336,56297,3402752,3626727,157,54,425344,760247,77,119,425344,265965,1
130515,69098,4176480,4454209,157,89,29832,53321,77,119,208824,130577,1
618215,327299,4945720,5277203,157,73,989144,1767977,77,119,989144,618511,1
62581,33132,2002592,2136977,157,65,500648,894849,77,119,500648,313055,1
20628,10921,660096,704891,157,41,82512,147481,77,119,82512,51595,1
103004,54533,3296128,3520103,157,53,412016,736433,77,119,412016,257635,1
122867,65049,1965872,2100257,157,98,982936,1756893,77,119,982936,614635,1
121711,64437,1947376,2081761,157,97,973688,1740369,77,119,973688,608855,1
244421,129403,3910736,4188465,157,106,1955368,3495059,77,119,1955368,1222725,1
236401,125157,1891208,2025593,157,110,1891208,3380379,77,119,1891208,1182605,1
66810,35371,125760,134719,157,64,26724,47767,77,119,1572,983,1
234769,124293,1878152,2012537,157,109,1878152,3357051,77,119,1878152,1174445,1
120553,63824,3857696,4135425,157,105,964424,1723837,77,119,964424,603075,1
58297,30864,1865504,1999889,157,100,466376,833613,77,119,466376,291635,1
19268,10201,616576,661371,157,99,77072,137761,77,119,77072,48195,1
65382,34615,123072,132031,157,63,32691,58433,77,119,3846,2405,1
64532,34165,121472,130431,157,42,258128,461389,77,119,15184,9495,1
63971,33868,120416,129375,157,66,511768,914759,77,119,30104,18825,1
300757,159229,601514,646309,157,134,2406056,4300703,77,119,2406056,1504585,1
59859,31691,119718,128677,157,133,478872,855961,77,119,478872,299455,1
56002,29649,1792064,1926449,157,146,56002,100101,77,119,28001,17510,1
18588,9841,594816,639611,157,145,74352,132901,77,119,74352,46495,1
62713,33202,224,241,157,65,71672,128111,77,119,29512,18455,1
632617,334925,163256,175683,157,74,5060936,9046243,77,119,5060936,3164805,1
880273,466041,1760546,1894931,157,130,7042184,12587667,77,119,7042184,4403765,1
876023,463791,1752046,1886431,157,129,7008184,12526917,77,119,7008184,4382515,1
62016,32833,116736,125695,157,41,248064,443407,77,119,14592,9125,1
123131,65189,115888,124847,157,98,985048,1760749,77,119,57944,36235,1
618167,327275,4945336,5330573,157,73,4945336,8839693,77,119,4945336,3092555,1
132781,70298,4248992,4580475,157,90,1062248,1898749,77,119,1062248,664275,1
121975,64577,114800,123759,157,97,5576,9967,77,119,11480,7179,1
171791,90951,343582,370459,157,126,1374328,2456589,77,119,1374328,859435,1
284947,150859,569894,614689,157,125,2279576,4074713,77,119,2279576,1425535,1
130503,69092,4176096,4507579,157,89,1044024,1866187,77,119,1044024,652885,1
279439,147943,558878,603673,157,122,2235512,3995981,77,119,2235512,1397995,1
236929,125437,111496,120455,157,110,270776,484013,77,119,111496,69725,1
278113,147241,556226,601021,157,121,2224904,3977027,77,119,2224904,1391365,1
235297,124573,110728,119687,157,109,1882376,3364763,77,119,110728,69245,1
17228,9121,551296,596091,157,38,68912,123181,77,119,68912,43095,1
58429,30934,109984,118943,157,100,66776,119363,77,119,27496,17195,1
1647989,872493,1647989,1782374,157,153,1883416,3366633,77,119,13183912,8244745,1
106324,56291,3402368,3680097,157,54,425296,760223,77,119,425296,265965,1
328571,173955,328571,355448,157,153,2628568,4698609,77,119,2628568,1643815,1
273659,144883,547318,592113,157,138,2189272,3913361,77,119,2189272,1369095,1
817951,433047,1635902,1770287,157,137,6543608,11696829,77,119,6543608,4092155,1
57936,30673,109056,118015,157,99,231744,414247,77,119,13632,8525,1
1606849,850713,1606849,1741234,157,152,12854792,22978371,77,119,12854792,8039045,1
320411,169635,320411,347288,157,151,366184,654567,77,119,2563288,1603015,1
904383,478807,106398,115357,157,134,7235064,12932957,77,119,425592,266155,1
102992,54527,3295744,3573473,157,53,411968,736409,77,119,411968,257635,1
899997,476485,105882,114841,157,133,1028568,1838609,77,119,423528,264865,1
244397,129391,3910352,4241835,157,106,1955176,3494963,77,119,1955176,1222725,1
56134,29719,105664,114623,157,146,28067,50171,77,119,3302,2065,1
3296,1745,105472,114431,157,37,13184,23567,77,119,13184,8245,1
55896,29593,105216,114175,157,145,223584,399667,77,119,13152,8225,1
16429,8698,525728,570523,157,82,18776,33563,77,119,131432,82195,1
120541,63818,3857312,4188795,157,105,964328,1723789,77,119,964328,603075,1
16259,8608,520288,565083,157,81,130072,232511,77,119,130072,81345,1
882385,467161,103810,112769,157,130,201688,360529,77,119,83048,51937,1
878135,464911,103310,112269,157,129,1405016,2511553,77,119,82648,51687,1
48233,25536,1543456,1677841,157,50,385864,689757,77,119,385864,241315,1
79442,42059,2542144,2766119,157,88,158884,284017,77,119,158884,99365,1
17,10,17,31,55,36,272,805,26,43,16,19,1
67565230,39744253,135130460,247073869,231,49,540521840,1599704989,114,174,540521840,641868539,1
66788602,39287413,133577204,244241461,231,49,534308816,1581317179,114,174,534308816,634490573,1
405418908,238481711,270279272,494401037,231,49,270279272,799906709,114,174,270279272,320955967,1
400759140,235740671,267172760,488736221,231,49,66793190,197678201,114,174,33396595,39658373,1
56978854,33516973,113957708,208464733,231,49,455830832,1349056969,114,174,455830832,541297967,1
56268322,33099013,112536644,205873381,231,49,40922416,121112189,114,174,450146576,534547913,1
101072439,59454376,33690813,61656022,231,49,539053008,1595357497,114,174,539053008,640123919,1
99907497,58769116,33302499,60947920,231,49,532839984,1576969687,114,174,532839984,632745953,1
392826231,231074254,130942077,239656063,231,49,2095073232,6200486113,114,174,2095073232,2487893351,1
341900652,201118031,227933768,417182765,231,49,227933768,674582699,114,174,227933768,270670681,1
388166463,228333214,129388821,236823655,231,49,2070221136,6126934873,114,174,2070221136,2458381487,1
337637460,198610271,225091640,412000061,231,49,112545820,333085627,114,174,112545820,133647827,1
47317822,27834013,94635644,173230381,231,49,378542576,1120317829,114,174,378542576,449518163,1
46826233,27544843,93652466,171437527,231,49,749219728,2217357473,114,174,749219728,889696135,1
46673386,27454933,93346772,170880085,231,49,373387088,1105059859,114,174,373387088,443396021,1
46355299,27267823,92710598,169720003,231,49,741684784,2195057363,114,174,741684784,880748389,1
44084626,25932133,88169252,161438725,231,49,352677008,1043767159,114,174,352677008,418802801,1
88076993,51809996,88076993,161270488,231,49,1409231888,4170699901,114,174,1409231888,1673458283,1
87512423,51477896,87512423,160240978,231,49,1400198768,4143965851,114,174,1400198768,1662731453,1
130772243,76924849,261544486,478912565,231,49,2092355888,6192443179,114,174,2092355888,2484665741,1
43462222,25566013,86924444,159168781,231,49,347697776,1029030829,114,174,347697776,412889963,1
129218987,76011169,258437974,473247749,231,49,2067503792,6118891939,114,174,2067503792,2455153877,1
42667693,25098643,85335386,156271087,231,49,682683088,2020438373,114,174,682683088,810683875,1
85192875,50113456,28397625,52003738,231,49,454362000,1344709477,114,174,454362000,539553347,1
42406063,24944743,84812126,155316907,231,49,678497008,2008049423,114,174,678497008,805712905,1
84127077,49486516,28042359,51355900,231,49,448677744,1327886587,114,174,448677744,532803293,1
329307975,193710574,109769325,201046927,231,49,1756309200,5197894033,114,174,1756309200,2085611063,1
40961590,24095053,81923180,150048829,231,49,327692720,969824689,114,174,327692720,389133959,1
325044783,191202814,108348261,198455575,231,49,1733572176,5130602473,114,174,1733572176,2058610847,1
283934460,167020271,189289640,346714061,231,49,189289640,560213129,114,174,189289640,224780779,1
202144866,118908745,134763244,246843907,231,49,49004816,145032455,114,174,539052976,640123499,1
40361218,23741893,80722436,147859237,231,49,322889744,955609999,114,174,322889744,383430425,1
280984926,165285251,187323284,343128353,231,49,749293136,2217574331,114,174,749293136,889782925,1
40009692,23535113,26673128,48859067,231,49,3334141,9867574,114,174,6668282,7918561,1
199814982,117538225,133209988,244011499,231,49,532839952,1576969195,114,174,532839952,632745533,1
39737046,23374733,26491364,48527615,231,49,105965456,313610603,114,174,105965456,125833597,1
37948714,22322773,75897428,139060693,231,49,303589712,898490419,114,174,303589712,360511637,1
264535284,155608991,176356856,323130749,231,49,88178428,260968897,114,174,88178428,104711549,1
264258507,155446181,176172338,322794275,231,49,1409378704,4171133617,114,174,1409378704,1673631863,1
262564797,154449881,175043198,320735255,231,49,127304144,376763597,114,174,1400345584,1662905033,1
37370374,21982573,74740748,136951453,231,49,298962992,884797369,114,174,298962992,355017407,1
260800860,153412271,173867240,318590861,231,49,173867240,514569629,114,174,173867240,206466679,1
36812689,21654523,73625378,134917543,231,49,589003024,1743186713,114,174,589003024,699438799,1
404289720,237817483,269526480,493907633,231,49,539052960,1595356759,114,174,539052960,640123289,1
256033686,150608051,170689124,312795473,231,49,682756496,2020655231,114,174,682756496,810770665,1
109599491,64470289,219198982,401694293,231,49,1753591856,5189851099,114,174,1753591856,2082383453,1
36484963,21461743,72969926,133722307,231,49,583759408,1727667923,114,174,583759408,693212005,1
254463906,149684651,169642604,310887113,231,49,678570416,2008266281,114,174,678570416,805799695,1
399629952,235076443,266419968,488242817,231,49,532839936,1576968949,114,174,532839936,632745323,1
108178427,63634369,216356854,396511589,231,49,1730854832,5122559539,114,174,1730854832,2055383237,1
70701327,41589016,23567109,43195150,231,49,377073744,1115970337,114,174,377073744,447773543,1
245797068,144586511,163864712,300350957,231,49,14896792,44087869,114,174,163864712,194588677,1
35045998,20615293,70091996,128474317,231,49,280367984,829764349,114,174,280367984,332935835,1
139927887,82310522,46642629,85493873,231,49,67843824,200787499,114,174,746282064,886206895,1
69734673,41020396,23244891,42607576,231,49,371918256,1100712367,114,174,1947216,2312311,1
138515085,81479462,46171695,84635111,231,49,738747120,2186362379,114,174,738747120,877259149,1
242194836,142467551,161463224,295971773,231,49,80731612,238929607,114,174,80731612,95868455,1
34489690,20288053,68979380,126445429,231,49,275917520,816592939,114,174,275917520,327650909,1
68586935,40345256,68586935,125729794,231,49,1097390960,3247788331,114,174,1097390960,1303147181,1
170385738,100226905,113590492,208234771,231,49,454361968,1344708985,114,174,454361968,539552927,1
68110493,40064996,68110493,124860988,231,49,99069808,293202491,114,174,1089767888,1294094783,1
271341783,159612814,90447261,165812575,231,49,1447156176,4282937473,114,174,1447156176,1718491847,1
168254142,98973025,112169428,205643419,231,49,448677712,1327886095,114,174,448677712,532802873,1
268392249,157877794,89464083,164019721,231,49,1431425328,4236381103,114,174,1431425328,1699811465,1
267475167,157338334,89158389,163462279,231,49,1426534224,4221905593,114,174,1426534224,1694003279,1
265566645,156215674,88522215,162302197,231,49,1416355440,4191780883,114,174,1416355440,1681915973,1
66199217,38940716,66199217,121375720,231,49,1059187472,3134722861,114,174,1059187472,1257780539,1
65851533,38736196,21950511,40247236,231,49,31928016,94492697,114,174,351208176,417058181,1
32899255,19352503,65798510,120645019,231,49,526388080,1557874103,114,174,526388080,625083553,1
263129355,154781974,87709785,160820707,231,49,1403356560,4153309933,114,174,1403356560,1666479803,1
65733791,38666936,65733791,120527002,231,49,1051740656,3112683571,114,174,1051740656,1248937445,1
261435645,153785674,87145215,159791197,231,49,1394323440,4126575883,114,174,1394323440,1655752973,1
32566021,19156483,65132042,119429695,231,49,521056336,1542094493,114,174,521056336,618752107,1
227719812,133952831,151813208,278374685,231,49,18976651,56162428,114,174,37953302,45069379,1
64917927,38187016,21639309,39679750,231,49,346228944,1024683337,114,174,346228944,411145343,1
64513769,37949276,64513769,118302256,231,49,1032220304,3054911941,114,174,1032220304,1225757027,1
32253442,18972613,64506884,118289701,231,49,258027536,763646479,114,174,258027536,306406553,1
32206624,18945073,64413248,118118953,231,49,128826496,381268997,114,174,128826496,152980891,1
64125455,37720856,64125455,117594154,231,49,1026007280,3036524131,114,174,1026007280,1218379061,1
224249772,131911631,149499848,274156205,231,49,149499848,442452899,114,174,149499848,177530401,1
31892668,18760393,63785336,116973937,231,49,15946334,47194039,114,174,7973167,9468100,1
127452267,74971922,42484089,77910653,231,49,679745424,2011743389,114,174,679745424,807194635,1
31719166,18658333,63438332,116341165,231,49,253753328,750996709,114,174,253753328,301330931,1
126667377,74510222,42222459,77433563,231,49,675559344,1999354439,114,174,675559344,802223665,1
31557666,18563333,21038444,38584055,231,49,84153776,249057653,114,174,84153776,99932227,1
251942607,148201534,83980869,154020919,231,49,1343693904,3976734793,114,174,1343693904,1595630399,1
125832915,74019362,41944305,76926341,231,49,671108880,1986183029,114,174,671108880,796938739,1
31276758,18398093,20851172,38242559,231,49,83404688,246840683,114,174,83404688,99042685,1
31246515,18380303,20831010,38205793,231,49,166648080,493204001,114,174,166648080,197893831,1
124124041,73014142,124124041,227662841,231,49,1985984656,5877628877,114,174,1985984656,2358347611,1
248208183,146004814,82736061,151750975,231,49,1323776976,3917789473,114,174,1323776976,1571979047,1
30979224,18223073,20652816,37880851,231,49,41305632,122246249,114,174,41305632,49050247,1
30898474,18175573,61796948,113348053,231,49,247187792,731565619,114,174,247187792,293534357,1
123542947,72672322,123542947,226603199,231,49,179698832,531828397,114,174,1976687152,2347306825,1
30760774,18094573,61521548,112845853,231,49,22371472,66209579,114,174,246086192,292226207,1
61231001,36018236,61231001,112316032,231,49,979696016,2899463221,114,174,979696016,1163384435,1
336508272,197946043,224338848,411506657,231,49,448677696,1327885849,114,174,448677696,532802663,1
61166979,35980576,20388993,37399762,231,49,326223888,965477197,114,174,326223888,387389339,1
60903275,35825456,60903275,111718414,231,49,974452400,2883944431,114,174,974452400,1157157641,1
243441009,143200594,81147003,148853281,231,49,1298352048,3842542903,114,174,1298352048,1541786945,1
17,11,68,137,37,28,136,453,17,26,272,389,1
299207058,193604567,102129342464,205980157189,1253,108,2393656464,7972987789,625,945,4787312928,6846555725,1
294548208,190590017,100539121664,202776329989,1253,107,2356385664,7848843139,625,945,4712771328,6739950275,1
539788341,349274809,92123876864,185822086789,1253,210,4318306728,14383771103,625,945,8636613456,12351615775,1
536047491,346854259,91485438464,184535821189,1253,209,4288379928,14284088453,625,945,8576759856,12266016325,1
535014741,346186009,91309182464,184180717189,1253,200,4280117928,14256568703,625,945,8560235856,12242384575,1
531090291,343646659,90639409664,182831321989,1253,199,4248722328,14151993653,625,945,8497444656,12152583925,1
499304541,323079409,85214641664,171902009989,1253,172,3994436328,13304996903,625,945,7988872656,11425251175,1
495012891,320302459,84482200064,170426355589,1253,171,3960103128,13190637053,625,945,7920206256,11327048125,1
215692008,139565417,73622872064,148548003589,1253,96,1725536064,5747557339,625,945,3451072128,4935534875,1
211997058,137174567,5566281728,11231310553,1253,95,1695976464,5649097789,625,945,3391952928,4850985725,1
211859358,137085467,72314660864,145912342789,1253,104,1694874864,5645428489,625,945,3389749728,4847834825,1
208623408,134991617,71210123264,143687024389,1253,103,1668987264,5559199939,625,945,3337974528,4773788675,1
3268975353,2115219347,69738140864,140721412789,1253,272,26151802824,87108573949,625,945,52303605648,74801755325,1
3254310303,2105730197,69425286464,140091103189,1253,271,26034482424,86717793499,625,945,52068964848,74466184475,1
194073108,125576717,66243620864,133680982789,1253,92,1552584864,5171477239,625,945,3105169728,4440843575,1
190607658,123334367,65060747264,131297840389,1253,91,1524861264,5079133189,625,945,3049722528,4361545925,1
362086491,234291259,4753545728,9593886553,1253,268,2896691928,9648539453,625,945,5793383856,8285379325,1
180280158,116651867,61535627264,124195760389,1253,267,1442241264,4803935689,625,945,2884482528,4125228425,1
180257208,116637017,61527793664,124179977989,1253,136,1442057664,4803324139,625,945,2884115328,4124703275,1
178444158,115463867,60908939264,122933168389,1253,135,1427553264,4755011689,625,945,2855106528,4083216425,1
353985141,229049209,60413464064,121934931589,1253,158,2831881128,9432662303,625,945,5663762256,8100001375,1
706076907,456873293,60251896064,121609419589,1253,244,5648615256,18814871731,625,945,11297230512,16156677875,1
704034357,455551643,4621353728,9327558553,1253,196,5632274856,18760443781,625,945,11264549712,16109939525,1
702795057,454749743,59971844864,121045198789,1253,243,5622360456,18727420081,625,945,11244720912,16081581425,1
351070491,227163259,59916030464,120932749189,1253,157,2808563928,9354995453,625,945,5617127856,8033307325,1
699696807,452744993,59707460864,120512542789,1253,195,5597574456,18644860831,625,945,11195148912,16010686175,1
1365599739,883623361,58265588864,117607594789,1253,262,10924797912,36389214287,625,945,21849595824,31248088975,1
2722168653,1761403247,58072931264,117219446389,1253,352,21777349224,72537783649,625,945,43554698448,62289531425,1
1359931089,879955411,5274884224,10647301199,1253,261,10879448712,36238161437,625,945,21758897424,31118376925,1
2714205003,1756250297,57903040064,116877165589,1253,351,21713640024,72325575799,625,945,43427280048,62107304375,1
164662683,106546442,56204862464,113455837189,1253,80,658650732,2193887957,625,945,1317301464,1883931925,1
1293766239,837142861,55200692864,111432730789,1253,144,10350129912,34475062787,625,945,20700259824,29604369475,1
161220183,104318942,55029822464,111088477189,1253,79,644880732,2148021707,625,945,1289761464,1844545675,1
1282360089,829762411,54714030464,110452249189,1253,143,10258880712,34171122437,625,945,20517761424,29343369925,1
625132257,404497343,53344619264,107693288389,1253,192,5001058056,16657934881,625,945,10002116112,14304473825,1
621483207,402136193,53033233664,107065937989,1253,191,4971865656,16560698431,625,945,9943731312,14220974975,1
304780341,197210809,52015844864,105016198789,1253,114,2438242728,8121499103,625,945,4876485456,6974079775,1
301223091,194909059,3954518528,7984081753,1253,113,2409784728,8026708853,625,945,4819569456,6892681525,1
299310591,193671559,51082340864,103135462789,1253,108,2394484728,7975746353,625,945,4788969456,6848919025,1
299302091,193666059,1266468352,2557005127,1253,108,2394416728,7975519853,625,945,4788833456,6848724525,1
147358383,95349542,50298328064,101555907589,1253,76,589433532,1963333607,625,945,1178867064,1685950375,1
294651741,190657009,50287230464,101533549189,1253,107,2357213928,7851601703,625,945,4714427856,6742313575,1
294643241,190651509,150857339392,304591879567,1253,107,2357145928,7851375203,625,945,4714291856,6742119075,1
144099483,93240842,4471450624,9028618799,1253,75,576397932,1919913557,625,945,1152795864,1648664725,1
137042358,88674467,46777124864,94461718789,1253,84,1096338864,3651775489,625,945,2192677728,3135845825,1
135642408,87768617,4209025024,8499908399,1253,120,1085139264,3614470939,625,945,2170278528,3103811675,1
539995407,349408793,46079608064,93056427589,1253,210,4319963256,14389288231,625,945,8639926512,12356342375,1
539978407,349397793,138234472192,279160514767,1253,210,4319827256,14388835231,625,945,8639654512,12355953375,1
134494908,87026117,45907595264,92709872389,1253,83,1075959264,3583893439,625,945,2151918528,3077554175,1
134265408,86877617,45829259264,92552048389,1253,119,1074123264,3577777939,625,945,2148246528,3072302675,1
536254557,346988243,45760388864,92413294789,1253,209,4290036456,14289605581,625,945,8580072912,12270742925,1
536237557,346977243,137276814592,277231116367,1253,209,4289900456,14289152581,625,945,8579800912,12270353925,1
535221807,346319993,45672260864,92235742789,1253,200,4281774456,14262085831,625,945,8563548912,12247111175,1
535204807,346308993,137012430592,276698460367,1253,200,4281638456,14261632831,625,945,8563276912,12246722175,1
531297357,343780643,45337374464,91561045189,1253,199,4250378856,14157510781,625,945,8500757712,12157310525,1
531280357,343769643,136007771392,274674367567,1253,199,4250242856,14157057781,625,945,8500485712,12156921525,1
527984907,341637293,45054712064,90991563589,1253,128,4223879256,14069243731,625,945,8447758512,12081513875,1
130972083,84746642,4064103424,8207933999,1253,72,523888332,1745010257,625,945,1047776664,1498471825,1
523142457,338503943,44641489664,90159041989,1253,127,4185139656,13940206681,625,945,8370279312,11970707225,1
523119507,338489093,44639531264,90155096389,1253,228,4184956056,13939595131,625,945,8369912112,11970182075,1
521168757,337226843,44473067264,89819720389,1253,227,4169350056,13887613381,625,945,8338700112,11925544325,1
4094177331,2649173569,43671224864,88204243789,1253,344,32753418648,109097775023,625,945,65506837296,93684225775,1
127896783,82756742,43655435264,88172432389,1253,71,511587132,1704036407,625,945,1023174264,1463286775,1
4085616981,2643634519,43579914464,88020280189,1253,343,32684935848,108869666873,625,945,65369871696,93488344825,1
499511607,323213393,42624990464,86096389189,1253,172,3996092856,13310514031,625,945,7992185712,11429977775,1
499494607,323202393,127870619392,258280399567,1253,172,3995956856,13310061031,625,945,7991913712,11429588775,1
495219957,320436443,42258769664,85358561989,1253,171,3961759656,13196154181,625,945,7923519312,11331774725,1
495202957,320425443,126771956992,256066917967,1253,171,3961623656,13195701181,625,945,7923247312,11331385725,1
122537958,79289267,41826289664,84487241989,1253,314,980303664,3265275889,625,945,1960607328,2803951025,1
122274033,79118492,41736203264,84305744389,1253,313,122274033,407280383,625,945,244548066,349738975,1
244330041,158095909,41698993664,84230777989,1253,360,1954640328,6510676403,625,945,3909280656,5590834675,1
244146441,157977109,3787969024,7651604399,1253,176,1953171528,6505784003,625,945,3906343056,5586633475,1
243893991,157813759,3784052224,7643713199,1253,359,1951151928,6499056953,625,945,3902303856,5580856825,1
242884191,157160359,3768385024,7612148399,1253,175,1943073528,6472148753,625,945,3886147056,5557750225,1
3823642731,2474121769,40785522464,82390402189,1253,348,30589141848,101888823623,625,945,61178283696,87493757575,1
3816780681,2469681619,297170272,600313397,1253,347,30534245448,101705970173,625,945,61068490896,87336737725,1
942355839,609759661,40207182464,81225217189,1253,148,7538846712,25111009187,625,945,15077693424,21563272675,1
936136389,605735311,39941819264,80690588389,1253,147,7489091112,24945279137,625,945,14978182224,21420957025,1
465101907,300948293,39688696064,80180619589,1253,180,3720815256,12393596731,625,945,7441630512,10642602875,1
462921657,299537543,3591149824,7255071599,1253,179,3703373256,12335499481,625,945,7406746512,10592713625,1
115503783,74737742,39425291264,79649936389,1253,68,462015132,1538917907,625,945,924030264,1321496275,1
7352458287,4757473013,39213110864,79222455289,1253,612,58819666296,195921370171,625,945,117639332592,168241175675,1
7347156837,4754042663,39184836464,79165490689,1253,612,58777254696,195780102121,625,945,117554509392,168119866025,1
14686453299,9502999201,39163875464,79123260439,1253,554,117491626392,391350748367,625,945,234983252784,336059868175,1
14672798049,9494163451,3009804728,6080761303,1253,553,117382384392,390986876117,625,945,234764768784,335747403925,1
112612083,72866642,38438257664,77661353989,1253,67,450448332,1500390257,625,945,900896664,1288411825,1
112164558,72577067,3480500224,7032145199,1253,184,897316464,2988855289,625,945,1794632928,2566583225,1
894413289,578738011,3469239424,7009457999,1253,454,7155306312,23833481237,625,945,14310612624,20466234325,1
111682608,72265217,38120996864,77022166789,1253,183,893460864,2976012739,625,945,1786921728,2555555075,1
446718957,289053443,38120017664,77020193989,1253,453,3573751656,11903745181,625,945,7147503312,10221957725,1
3546705081,2294926819,37831520864,76438957789,1253,446,28373640648,94509249773,625,945,56747281296,81156772525,1
3542849481,2292432019,37790394464,76356100189,1253,445,28342795848,94406509373,625,945,56685591696,81068547325,1
7050413337,4562032163,3418382224,6906995699,1253,500,56403306696,187872760621,625,945,112806613392,161329676525,1
7043872587,4557799913,37567320464,75906671689,1253,499,56350980696,187698468871,625,945,112701961392,161180008775,1
3521161731,2278398769,37559058464,75890026189,1253,332,28169293848,93828594623,625,945,56338587696,80572280575,1
3518270031,2276527669,37528213664,75827882989,1253,304,28146160248,93751539323,625,945,56292320496,80506111675,1
3515676681,2274849619,3409141024,6888377399,1253,331,28125413448,93682434173,625,945,56250826896,80446769725,1
3512096481,2272533019,37462362464,75695212189,1253,303,28096771848,93587032373,625,945,56193543696,80364846325,1
218786691,141567859,37339595264,75447872389,1253,132,1750293528,5830021253,625,945,3500587056,5006342725,1
7000083987,4529466113,2871829328,5802781453,1253,612,56000671896,186531631471,625,945,112001343792,160178022575,1
18,11,12,23,43,28,48,161,20,36,18,23,1
592470510,362065319,12639370880,24667320143,593,306,1579921360,5299812237,295,450,1184941020,1514418139,1
589622226,360324701,12578607488,24550856975,593,305,1572325936,5274335919,295,450,1179244452,1507139191,1
287628276,175772839,12272139776,23963460527,593,302,767008736,2572921473,295,450,1150513104,1470426913,1
286232808,174920053,12212599808,23849342255,593,301,763287488,2560439787,295,450,1144931232,1463294521,1
550243266,336259781,11738523008,22940695055,593,214,1467315376,4922112999,295,450,1100486532,1406504071,1
546248022,333818243,11653291136,22777333967,593,213,63333104,212451207,295,450,1092496044,1396294003,1
503906082,307942613,10749996416,21046019087,593,242,1343749552,4507652631,295,450,1007812164,1288086823,1
592402422,362023711,12637918336,24744874153,593,306,12438896,41726715,295,450,1184804844,1514303561,1
500866638,306085175,10685154944,20921739599,593,241,1335644368,4480466493,295,450,1001733276,1280319355,1
589554138,360283093,12577154944,24628410985,593,305,1572144368,5273816487,295,450,1179108276,1507024613,1
287594232,175752035,12270687232,24041014537,593,302,766917952,2572661757,295,450,1150376928,1470312335,1
286198764,174899249,12211147264,23926896265,593,301,763196704,2560180071,295,450,1144795056,1463179943,1
238003140,145446367,10154800640,19905227183,593,220,634675040,2129052201,295,450,952012560,1216787329,1
118251267,72264665,10090774784,19782510959,593,206,315336712,1057815057,295,450,946010136,1209117565,1
236416512,144476761,10087104512,19775476271,593,219,630444032,2114860695,295,450,945666048,1208677897,1
941106882,575120887,10038473408,19682266655,593,234,2509618352,8418663573,295,450,470553441,601426148,1
117391047,71738975,10017369344,19641817199,593,205,313042792,1050120867,295,450,939128376,1200324205,1
935314734,571581241,9976690496,19563849407,593,233,108442288,363776349,295,450,467657367,597725609,1
550175178,336218173,1676724352,3288321295,593,214,1467133808,4921593567,295,450,1100350356,1406389493,1
546179934,333776635,11651838592,22854887977,593,213,1456479824,4885858329,295,450,1092359868,1396179425,1
113739891,69507713,9705804032,19044650351,593,202,303306376,1017463305,295,450,909919128,1163001277,1
112898787,68993705,9634029824,18907083119,593,201,301063432,1009940097,295,450,903190296,1154403325,1
503837994,307901005,977140352,1920324827,593,242,1343567984,4507133199,295,450,1007675988,1287972245,1
593205226,362514315,18982567232,37307141467,593,306,4745641808,15919733843,295,450,296602613,379106125,1
500798550,306043567,1526243200,2999899087,593,241,58063600,194780307,295,450,1001597100,1280204777,1
590356942,360773697,2698774592,5304635245,593,305,4722855536,15843304889,295,450,295178471,377286388,1
845947434,516967891,9023439296,17736784607,593,262,2255859824,7567515177,295,450,422973717,540629834,1
420980874,257266097,8980925312,17655299471,593,314,1122615664,3765932715,295,450,841961748,1076166847,1
841684566,514362805,8977968704,17649632639,593,261,2244492176,7529386191,295,450,420842283,537906335,1
419317782,256249763,8945446016,17587297487,593,313,1118180752,3751057281,295,450,838635564,1071916723,1
287995634,175997337,18431720576,36251352043,593,302,2303965072,7728912985,295,450,575991268,736216637,1
286600166,175144551,18342410624,36080174635,593,301,2292801328,7691467927,295,450,573200332,732650441,1
237969096,145425563,10153348096,19982781193,593,220,634584256,2128792485,295,450,951876384,1216672751,1
73063734,44650061,779346496,1533916477,593,280,194836624,653604087,295,450,36531867,46694464,1
118234245,72254263,10089322240,19860064969,593,206,315291320,1057685199,295,450,945873960,1209002987,1
800088150,488942773,8534273600,16799217023,593,279,2133568400,7157329359,295,450,400044075,511330847,1
236382468,144455957,1440807424,2836147183,593,219,630353248,2114600979,295,450,945529872,1208563319,1
72382362,44233667,772078528,1519986205,593,234,193019632,647509593,295,450,36191181,46259143,1
117374025,71728573,10015916800,19719371209,593,205,312997400,1049991009,295,450,938992200,1200209627,1
396206538,242126225,1207486592,2377472057,593,254,1056550768,3544340043,295,450,792413076,1012854655,1
935178558,571498025,9975237952,19641403417,593,233,2493809488,8365817163,295,450,467589279,597668320,1
550977982,336708777,17631295424,34717203835,593,214,4407823856,14786636129,295,450,275488991,352127608,1
394199358,240899615,1201369472,2365747577,593,253,1051198288,3526386933,295,450,788398716,1007725195,1
546982738,334267239,17503447616,34472162203,593,213,4375861904,14679430415,295,450,273491369,349575091,1
593199962,362511099,18982398784,37387156661,593,306,4745599696,15919771747,295,450,296599981,379112666,1
590351678,360770481,2698750528,5316065987,593,305,4722813424,15843342793,295,450,295175839,377292929,1
96764883,59134097,8257270016,16268293487,593,190,258039688,865631289,295,450,774119064,989478973,1
8747913,5345947,746488576,1470938797,593,202,23327768,78256419,295,450,69983304,89452823,1
96038475,58690181,8195283200,16149485423,593,189,256102600,859133973,295,450,768307800,982053469,1
1535420850,938312771,8188911200,16137272423,593,356,4094455600,13735457193,295,450,1535420850,1962580313,1
1530508038,935310497,8162709536,16087052567,593,355,4081354768,13691514819,295,450,1530508038,1956302831,1
112881765,68983303,9632577280,18984637129,593,201,301018040,1009810239,295,450,903054120,1154288747,1
95493669,58357244,8148793088,16060379375,593,94,127324892,427130493,295,450,763949352,976484341,1
287993002,175995729,1675595648,3302851567,593,302,2303944016,7728931937,295,450,575986004,736229719,1
286597534,175142943,18342242176,36160189829,593,301,2292780272,7691486879,295,450,573195068,732663523,1
617134698,377137883,6582770112,12978497285,593,306,1645692528,5520733217,295,450,308567349,394414207,1
614286414,375397265,936055488,1845752243,593,305,1638097104,5495256899,295,450,307143207,392594470,1
93792345,57317546,8003613440,15782118383,593,93,62528230,209760897,295,450,750338760,959093029,1
373114410,228014369,7959774080,15698092943,593,184,994971760,3337793787,295,450,746228820,953841439,1
370227894,226250387,7898195072,15580066511,593,183,987274384,3311975505,295,450,740455788,946464787,1
299960370,183309121,6399154560,12626567477,593,302,799894320,2683381963,295,450,599920740,766832801,1
298564902,182456335,6369384576,12569508341,593,301,796173072,2670900277,295,450,597129804,763266605,1
550972718,336705561,17631126976,34797219029,593,214,4407781744,14786674033,295,450,275486359,352134149,1
504640798,308391609,16148505536,31875189883,593,242,4037126384,13543255025,295,450,252320399,322523296,1
546977474,334264023,17503279168,34552177397,593,213,4375819792,14679468319,295,450,273488737,349581632,1
501601354,306534171,16051243328,31688770651,593,241,4012810832,13461696611,295,450,250800677,320581429,1
845811258,516884675,9021986752,17814338617,593,262,2255496688,7566476313,295,450,422905629,540572545,1
420912786,257224489,1282781824,2533264783,593,314,1122434096,3765413283,295,450,841825572,1076052269,1
841548390,514279589,8976516160,17727186649,593,261,2244129040,7528347327,295,450,420774195,537849046,1
419249694,256208155,8943993472,17664851497,593,313,1117999184,3750537849,295,450,838499388,1071802145,1
2825382702,1726622821,7534353872,14882704211,593,528,7534353872,25275420015,295,450,2825382702,3611518573,1
2820584586,1723690639,7521558896,14858180507,593,528,7521558896,25232503533,295,450,2820584586,3605387647,1
618497434,377970667,19791917888,39099411049,593,306,4947979472,16598945555,295,450,309248717,395294748,1
574907454,351332345,557486016,1101380431,593,214,1533086544,5143033979,295,450,287453727,367435690,1
510941946,312242311,681255928,1345909555,593,460,1362511856,4570808469,295,450,510941946,653107963,1
509814102,311553073,97107448,191861041,593,459,1359504272,4560720531,295,450,509814102,651666829,1
615649150,376230049,19700772800,38924716297,593,305,4925193200,16522516601,295,450,307824575,393475011,1
570912210,348890807,553611840,1093954927,593,213,66192720,222056467,295,450,285456105,364883173,1
86948817,53135390,7419632384,14662821359,593,90,28982939,97229004,295,450,695590536,889136965,1
300641738,183725513,19241071232,38043621625,593,302,2405133904,8068518841,295,450,601283476,768593883,1
238370498,145670865,15255711872,30164002027,593,220,1906963984,6397305169,295,450,476740996,609396845,1
85323957,52142420,7280977664,14397066479,593,89,113765276,381649281,295,450,682591656,872527285,1
341286270,208563839,7280773760,14396675663,593,162,910096720,3053108757,295,450,682572540,872502859,1
299246270,182872727,19151761280,37872444217,593,301,2393970160,8031073783,295,450,598492540,765027687,1
803564898,491067455,8571358912,16950635257,593,280,2142839728,7188606093,295,450,401782449,513581815,1
59217473,36188457,2165667584,4282846813,593,206,473739784,1589259727,295,450,473739784,605561963,1
236783870,144701259,15154167680,29969375659,593,219,1894270960,6354730651,295,450,473567740,605342129,1
799951974,488859557,8532821056,16876771033,593,279,2133205264,7156290495,295,450,399975987,511273558,1
338285058,206729765,7216747904,14273959439,593,161,39221456,131576721,295,450,676570116,864833095,1
942576314,576018879,15081221024,29829561235,593,234,7540610512,25296584983,295,450,942576314,1204858657,1
58787363,35925612,15049564928,29768887051,593,205,235149452,788859221,295,450,470298904,601165283,1
168631176,103052389,1027847168,2033163161,593,270,449683136,1508558523,295,450,674524704,862219513,1
122280258,74726827,652161376,1290144997,593,506,326080688,1093908129,295,450,122280258,156306421,1
936784166,572479233,14988546656,29651935363,593,233,7494273328,25141162345,295,450,936784166,1197457579,1
167923884,102620155,7164752384,14174301359,593,269,447797024,1502232189,295,450,671695536,858604465,1
1342540410,820441391,7160215520,14165605703,593,505,3580107760,12010248813,295,450,1342540410,1716121973,1
396138450,242084617,8450953600,16719858409,593,254,1056369200,3543820611,295,450,792276900,1012740077,1
30317790,18527539,646779520,1279829773,593,253,80847440,271220577,295,450,60635580,77508509,1
504635534,308388393,16148337088,31955205077,593,242,4037084272,13543292929,295,450,252317767,322529837,1
82819761,50612078,7067286272,13987491311,593,246,27606587,92612490,295,450,662558088,846928837,1
127792541,76675523,4089361312,9839760375,1179,106,2044680656,11169201373,588,1005,2044680656,5290758919,1
125738671,75443201,4023637472,9682023159,1179,105,2011818736,10989693135,588,1005,2011818736,5205728701,1
11794617,7076770,1006473984,2423968637,1179,90,188713872,1030866187,588,1005,188713872,488315609,1
11574467,6944680,2963063552,7136645751,1179,89,185191472,1011625077,588,1005,185191472,479201399,1
8847197,5308318,2264882432,5461011063,1179,78,141555152,773261679,588,1005,141555152,366292421,1
8658127,5194876,2216480512,5344846455,1179,77,138530032,756736961,588,1005,138530032,358464923,1
268042979,160825781,2144343832,5171718423,1179,294,4288687664,23427489523,588,1005,4288687664,11097570217,1
266983669,160190195,2135869352,5151379671,1179,293,4271738704,23334905829,588,1005,4271738704,11053714783,1
265113689,159068207,2120909512,5115476055,1179,374,4241819024,23171469577,588,1005,4241819024,10976297611,1
264334099,158600453,2114672792,5100507927,1179,373,4229345584,23103333411,588,1005,4229345584,10944022585,1
127740477,76644283,681282544,1643509181,1179,106,2043847632,11164784269,588,1005,2043847632,5288751191,1
7896667,4738000,2021546752,4877005431,1179,74,126346672,690185357,588,1005,126346672,326940479,1
125686607,75411961,2010985712,4851658935,1179,105,2010985712,10985276031,588,1005,2010985712,5203720973,1
7717957,4630774,1975796992,4767206007,1179,73,123487312,674566103,588,1005,9499024,24580145,1
121877627,73126573,1950042032,4705394103,1179,298,1950042032,10652371179,588,1005,1950042032,5046029201,1
121439917,72863947,1943038672,4688586039,1179,297,1943038672,10614115325,588,1005,1943038672,5027908007,1
28798533,17279119,614368704,1482915965,1179,212,460776528,2517058429,588,1005,460776528,1192333127,1
14323509,8594105,611136384,1475158397,1179,211,229176144,1251908009,588,1005,229176144,593030203,1
912082721,547249607,165833222,400299117,1179,496,14593323536,79718162449,588,1005,14593323536,37762588195,1
910401811,546241061,165527602,399565629,1179,495,14566428976,79571250915,588,1005,14566428976,37692998521,1
28026713,16816027,163064512,393654213,1179,278,448427408,2449601361,588,1005,34494416,89259983,1
6997937,4198762,1791471872,4324825719,1179,70,111966992,611636355,588,1005,111966992,289733057,1
55847521,33508511,1787120672,4314382839,1179,277,893560336,4881206625,588,1005,893560336,2312235091,1
6829587,4097752,582791424,1407130493,1179,69,109273392,596922565,588,1005,109273392,282763367,1
27042513,16225507,576906944,1393007741,1179,166,432680208,2363582281,588,1005,432680208,1119633899,1
1730074627,1038044725,1730074627,4177472331,1179,444,27681194032,151212787667,588,1005,27681194032,71629816649,1
1726694677,1036016755,1726694677,4169360451,1179,443,27627114832,150917380037,588,1005,27627114832,71489886719,1
53718541,32231123,1718993312,4150877175,1179,165,859496656,4695133773,588,1005,859496656,2224095319,1
53576091,32145653,571478304,1379979005,1179,118,857217456,4682683643,588,1005,857217456,2218197889,1
213585639,128151377,569561704,1375379165,1179,274,3417370224,18667918007,588,1005,3417370224,8843036341,1
212821589,127692947,1702572712,4111467735,1179,273,3405145424,18601140037,588,1005,3405145424,8811404671,1
53014061,31808435,1696449952,4096773111,1179,117,848224976,4633562221,588,1005,848224976,2194929847,1
211834799,127100873,154061672,372047397,1179,310,3389356784,18514894591,588,1005,63950128,165482105,1
211684579,127010741,1693476632,4089637143,1179,282,3386953264,18501765363,588,1005,3386953264,8764332457,1
211205429,126723251,1689643432,4080437463,1179,309,3379286864,18459887653,588,1005,3379286864,8744495647,1
210967149,126580283,562579064,1358620829,1179,281,3375474384,18439061981,588,1005,3375474384,8734630855,1
210425839,126255497,1683406712,4065469335,1179,354,3366813424,18391751487,588,1005,258985648,670170817,1
420438573,252263131,560584764,1353834509,1179,258,6727017168,36747397597,588,1005,6727017168,17407338695,1
209900069,125940035,1679200552,4055374551,1179,353,3358401104,18345799189,588,1005,3358401104,8690453743,1
209887119,125932265,559698984,1351708637,1179,198,3358193904,18344667359,588,1005,258322608,668455201,1
418845723,251307421,558460964,1348737389,1179,257,6701531568,36608182507,588,1005,6701531568,17341394705,1
208770829,125262491,1670166632,4033693143,1179,197,3340333264,18247103613,588,1005,3340333264,8643703207,1
208239879,124943921,555306344,1341166301,1179,142,3331838064,18200698583,588,1005,3331838064,8621721877,1
1653159397,991895587,1653159397,3992875779,1179,452,26450550352,144490396565,588,1005,26450550352,68445526127,1
206564149,123938483,150228472,362847717,1179,141,3305026384,18054239781,588,1005,49328752,127646965,1
1650193847,990116257,1650193847,3985758459,1179,451,26403101552,144231207495,588,1005,26403101552,68322752357,1
25454843,15272905,1629109952,3935157111,1179,96,407277488,2224819923,588,1005,407277488,1053904361,1
100787257,60472351,1612596112,3895523895,1179,154,1612596112,8809072841,588,1005,1612596112,4172887883,1
50281611,30168965,536337184,1295640317,1179,370,34978512,191075917,588,1005,804505776,2081806417,1
25100013,15060007,535466944,1293551741,1179,95,401600208,2193807781,588,1005,401600208,1039214399,1
50170241,30102143,145949792,352578885,1179,369,802723856,4385012353,588,1005,802723856,2077195699,1
100080187,60048109,1601282992,3868372407,1179,153,1601282992,8747274923,588,1005,1601282992,4143615185,1
6151007,3690604,1574657792,3804471927,1179,66,98416112,537614673,588,1005,98416112,254670155,1
12020999,7212599,1538687872,3718144119,1179,86,192335984,1050668635,588,1005,192335984,497706289,1
5993017,3595810,1534212352,3707402871,1179,65,95888272,523806347,588,1005,95888272,248129369,1
95514017,57308407,1528224272,3693031479,1179,130,1528224272,8348191665,588,1005,1528224272,3954575747,1
5964527,3578716,1526918912,3689898615,1179,338,95432432,521316321,588,1005,95432432,246949883,1
47606141,28563683,138490592,334676805,1179,337,761698256,4160910013,588,1005,761698256,1971041959,1
94713707,56828221,137765392,332936325,1179,129,1515419312,8278244571,588,1005,1515419312,3921442913,1
189369139,113621477,1514953112,3661180695,1179,216,3029906224,16551395907,588,1005,3029906224,7840473241,1
11821569,7092941,504386944,1218959741,1179,85,189145104,1033238453,588,1005,189145104,489449887,1
754849001,452909375,1509698002,3648568431,1179,424,12077584016,65975935321,588,1005,180262448,466464361,1
11788109,7072865,1508877952,3646600311,1179,90,188609744,1030314049,588,1005,188609744,488064643,1
188568829,113141291,1508550632,3645814743,1179,215,3017101264,16481448813,588,1005,3017101264,7807340407,1
753582491,452149469,1507164982,3642489183,1179,423,12057319856,65865242347,588,1005,12057319856,31200678673,1
187128789,112277267,499010104,1206055325,1179,326,2994060624,16355589317,588,1005,44687472,115637653,1
186691079,112014641,1493528632,3609761943,1179,325,2987057264,16317333463,588,1005,2987057264,7729601557,1
11567959,6940775,1480698752,3578970231,1179,89,185087344,1011072939,588,1005,14237488,36842341,1
184753759,110852249,1478030072,3572565399,1179,436,2956060144,16148011695,588,1005,2956060144,7649396509,1
369148803,221489269,492198404,1189707245,1179,318,5906380848,32264671699,588,1005,5906380848,15283942217,1
184466269,110679755,1475730152,3567045591,1179,435,2951460304,16122885069,588,1005,227035408,587499571,1
368275973,220965571,1473103892,3560742567,1179,317,5892415568,32188386357,588,1005,453262736,1172908235,1
22929593,13757755,1467493952,3547278711,1179,102,366873488,2004113073,588,1005,366873488,949359011,1
2900549969,1740329879,2900549969,7011906378,1179,832,46408799504,253516597825,588,1005,46408799504,120092222899,1
22652463,13591477,483252544,1168237181,1179,101,362439408,1979891911,588,1005,362439408,937885829,1
2898910499,1739346197,2898910499,7007971650,1179,832,46382567984,253373308147,588,1005,46382567984,120024348841,1
90440207,54264121,131549392,318017925,1179,358,1447043312,7904740671,588,1005,2100208,5434717,1
90264087,54158449,481408464,1163811389,1179,357,1444225392,7889347783,588,1005,1444225392,3737228645,1
1412784087,847670401,42811639,103514395,1179,394,22604545392,123481594471,588,1005,1738811184,4499537561,1
1410502297,846301327,1410502297,3410498739,1179,393,22568036752,123282166025,588,1005,22568036752,58399522187,1
175932219,105559325,469152584,1134397277,1179,202,2814915504,15377009099,588,1005,2814915504,7284184753,1
175183709,105110219,1401469672,3388820439,1179,201,121866928,665721275,588,1005,52885648,136852763,1
693890761,416334431,1387781522,3355968879,1179,788,11102252176,60648185145,588,1005,11102252176,28729441051,1
693401251,416040725,1386802502,3353619231,1179,787,11094420016,60605401971,588,1005,11094420016,28709175337,1
21668263,13000957,1386768832,3353538423,1179,286,346692208,1893872831,588,1005,346692208,897139949,1
21613873,12968323,1383287872,3345184119,1179,285,345821968,1889119145,588,1005,345821968,894888203,1
5355877,3213526,1371104512,3315944055,1179,62,85694032,468120311,588,1005,85694032,221751773,1
338884653,203330779,451846204,1092861965,1179,402,5422154448,29619584989,588,1005,5422154448,14031006407,1
338400323,203040181,1353601292,3273936327,1179,401,5414405168,29577254547,588,1005,5414405168,14010955145,1
84327807,50596681,449748304,1087827005,1179,290,1349244912,7370516911,588,1005,1349244912,3491466653,1
84130967,50478577,1346095472,3255922359,1179,289,1346095472,7353313095,588,1005,1346095472,3483317477,1
5219902,3131941,1336294912,3232401015,1179,84,2609951,14257378,588,1005,10439804,27015301,1
5208247,3124948,121210112,293203653,1179,61,83331952,455217449,588,1005,83331952,215639891,1
166644479,99986681,1333155832,3224867223,1179,224,2666311664,14565260623,588,1005,2666311664,6899672317,1
41576621,24945971,1330451872,3218377719,1179,246,665225936,3633929965,588,1005,665225936,1721419831,1
166082449,99649463,1328659592,3214076247,1179,223,2657319184,14516139201,588,1005,204409168,528954175,1
41454891,24872933,442185504,1069676285,1179,245,663278256,3623290763,588,1005,663278256,1716380209,1
1320284827,792170845,1320284827,3193976811,1179,390,21124557232,115397159147,588,1005,21124557232,54664518929,1
1318443337,791065951,1318443337,3189557235,1179,389,21095093392,115236212921,588,1005,21095093392,54588281243,1
5134432,3080659,1314414592,3179888247,1179,83,41075456,224383009,588,1005,41075456,106291975,1
593625,339212,158300,239453,189,100,4749000,11452313,93,141,316600,243387,1
583923,333668,778564,1178323,189,99,4671384,11265203,93,141,1557128,1197069,1
592745,338708,474196,728813,189,100,4741960,11437257,93,141,948392,729505,1
592717,338692,2370868,3643901,189,68,4741736,11436717,93,141,4741736,3647353,1
583043,333164,2332172,3587239,189,99,4664344,11250147,93,141,4664344,3587927,1
192901,110228,771604,1187273,189,67,1543208,3722149,93,141,1543208,1187089,1
2242201,1281244,8968804,13821983,189,76,17937608,43265433,93,141,17937608,13799029,1
183969,105124,245292,378319,189,60,1471752,3549889,93,141,490584,377407,1
2197079,1255460,8788316,13557697,189,75,17576632,42395223,93,141,17576632,13521851,1
178887,102220,238516,368397,189,59,1431096,3451879,93,141,477032,367001,1
1778043,1016012,2370724,3681973,189,100,14224344,34311899,93,141,4741448,3648549,1
1748937,999380,2331916,3625147,189,99,13991496,33750569,93,141,4663832,3588951,1
446263,255004,1785052,2786099,189,56,3570104,8612247,93,141,3570104,2747707,1
144391,82508,577564,903143,189,55,1155128,2786599,93,141,1155128,889099,1
1798795,1027868,1439036,2256463,189,100,14390360,34715947,93,141,2878072,2215475,1
1769689,1011236,7078756,11111837,189,99,14157512,34154617,93,141,14157512,10898581,1
591397,337936,1182794,1861153,189,68,4731176,11414133,93,141,4731176,3642433,1
192461,109976,192461,303352,189,67,1539688,3714621,93,141,1539688,1185449,1
2236921,1278220,8947684,14135603,189,76,17895368,43175097,93,141,17895368,13779349,1
2958493,1690540,11833972,18706499,189,140,23667944,57102621,93,141,23667944,18224617,1
2937703,1678660,11750812,18584729,189,139,23501624,56701671,93,141,23501624,18096907,1
183529,104872,183529,290273,189,60,1468232,3542361,93,141,1468232,1130581,1
2191799,1252436,8767196,13871317,189,75,17534392,42304887,93,141,17534392,13502171,1
1801067,1029164,7204268,11410471,189,100,14408536,34763595,93,141,14408536,11095583,1
178447,101968,356894,565663,189,59,1427576,3444351,93,141,1427576,1099363,1
2854235,1630964,2283388,3619169,189,136,22833880,55091931,93,141,4566776,3516835,1
1771961,1012532,7087844,11239993,189,99,14175688,34202265,93,141,14175688,10916789,1
944687,539812,3778748,5992561,189,135,7557496,18234287,93,141,7557496,5820083,1
1393661,796364,5574644,8851963,189,80,11149288,26900733,93,141,11149288,8586569,1
2753057,1573148,11012228,17503231,189,132,22024456,53140641,93,141,22024456,16962653,1
1372871,784484,5491484,8730193,189,79,10982968,26499783,93,141,10982968,8458859,1
2733499,1561972,10933996,17388677,189,131,21867992,52763451,93,141,21867992,16842511,1
1720975,983396,1376780,2199757,189,166,13767800,33220879,93,141,2753560,2121143,1
591301,337880,591301,944792,189,68,4730408,11414197,93,141,4730408,3643969,1
1712813,978732,6851252,10950979,189,165,13702504,33063469,93,141,13702504,10555577,1
157489,89992,157489,252143,189,44,1259912,3040161,93,141,1259912,970621,1
577287,329872,384858,616181,189,67,4618296,11143927,93,141,1539432,1185961,1
1784187,1019516,2378916,3808817,189,100,14273496,34441883,93,141,4757832,3665381,1
2487253,1421260,9949012,15946379,189,120,19898024,48014421,93,141,19898024,15329857,1
1755081,1002884,2340108,3751991,189,99,14040648,33880553,93,141,4680216,3605783,1
823181,470380,3292724,5280883,189,119,6585448,15890957,93,141,6585448,5073689,1
205545,117452,54812,87917,189,158,1644360,3967913,93,141,109624,84459,1
613709,350684,2454836,3939127,189,157,4909672,11847309,93,141,4909672,3782681,1
2236537,1277996,8946148,14363051,189,76,17892296,43175353,93,141,17892296,13785493,1
151483,86560,302966,486697,189,43,1211864,2924331,93,141,1211864,933727,1
302581,172900,1210324,1944533,189,48,2420648,5841237,93,141,2420648,1865089,1
550491,314560,366994,590023,189,60,4403928,10627147,93,141,1467976,1131093,1
799465,456828,639572,1028395,189,116,6395720,15433577,93,141,1279144,985601,1
2191415,1252212,1753132,2819753,189,75,17531320,42305143,93,141,3506264,2701663,1
793767,453572,1058356,1702867,189,115,6350136,15323687,93,141,2116712,1631001,1
444943,254248,444943,716126,189,56,3559544,8589663,93,141,114824,88477,1
292571,167180,1170284,1885903,189,47,2340568,5648187,93,141,2340568,1803599,1
389607,222628,519476,837227,189,150,3116856,7521511,93,141,1038952,800601,1
535245,305848,35683,57514,189,59,4281960,10333117,93,141,285464,219975,1
4654109,2659436,18616436,30016147,189,167,37232872,89849757,93,141,37232872,28691561,1
1163431,664804,4653724,7503473,189,149,9307448,22460583,93,141,9307448,7172299,1
72623,41498,580984,936863,189,88,580984,1402023,93,141,580984,447707,1
4637323,2649844,18549292,29917829,189,167,37098584,89526027,93,141,37098584,28588447,1
2312617,1321468,9250468,14923511,189,112,18500936,44646441,93,141,18500936,14257093,1
143951,82256,287902,464639,189,55,1151608,2779071,93,141,1151608,887459,1
143629,82072,143629,231848,189,87,1149032,2772861,93,141,1149032,885481,1
2296139,1312052,9184556,14826997,189,111,18369112,44328651,93,141,592552,456641,1
1784443,1019660,7137772,11542799,189,100,14275544,34450651,93,141,14275544,11001967,1
1117231,638404,4468924,7232873,189,128,8937848,21569583,93,141,8937848,6888499,1
185987,106276,743948,1204201,189,167,1487896,3590723,93,141,1487896,1146743,1
2229919,1274212,8919676,14439137,189,108,17839352,43051551,93,141,17839352,13749091,1
556267,317860,2225068,3602681,189,167,4450136,10739499,93,141,4450136,3429823,1
370357,211628,1481428,2398931,189,127,2962856,7150261,93,141,95576,73663,1
601677,343808,401118,649561,189,68,4813416,11616221,93,141,1604472,1236611,1
1755337,1003028,7021348,11372321,189,99,14042696,33889321,93,141,14042696,10823173,1
738019,421716,2952076,4782077,189,107,5904152,14248547,93,141,5904152,4550551,1
587663,335800,587663,953821,189,67,4701304,11345951,93,141,4701304,3623747,1
1429761,816988,1906348,3097701,189,167,11438088,27604609,93,141,3812696,2938943,1
133927,76528,267854,435283,189,160,1071416,2585751,93,141,1071416,825883,1
1425295,814436,1140236,1853389,189,167,11402360,27518479,93,141,2280472,1757879,1
133465,76264,26693,43393,189,159,1067720,2576841,93,141,213544,164609,1
264389,151076,1057556,1720837,189,66,5048,12183,93,141,2115112,1630481,1
2278041,1301708,3037388,4945281,189,76,18224328,43983449,93,141,6074776,4682983,1
259615,148348,207692,338575,189,65,2076920,5012607,93,141,415384,320231,1
560867,320488,560867,914584,189,60,4486936,10829171,93,141,4486936,3459143,1
258845,147908,207076,337673,189,167,2070760,4997757,93,141,414152,319285,1
258229,147556,1032916,1684757,189,167,2065832,4985877,93,141,2065832,1592641,1
171763,98148,687052,1120889,189,75,1374104,3316403,93,141,1374104,1059367,1
2044811,1168436,8179244,13354933,189,167,16358488,39481611,93,141,16358488,12611999,1
679807,388452,2719228,4441121,189,167,5438456,13125887,93,141,5438456,4192963,1
127151,72656,254302,415439,189,40,1017208,2455071,93,141,1017208,784259,1
545621,311776,1091242,1784519,189,59,4364968,10535141,93,141,4364968,3365489,1
501289,286444,2005156,3280667,189,144,4010312,9679209,93,141,4010312,3092101,1
499595,285476,399676,654149,189,143,3996760,9646539,93,141,799352,616339,1
1774571,1014016,3549142,5814269,189,100,14196568,34265051,93,141,14196568,10946639,1
2947933,1684492,11791732,19333739,189,140,23583464,56921949,93,141,23583464,18185257,1
2927143,1672612,11708572,19211969,189,139,23417144,56520999,93,141,23417144,18057547,1
1745465,997384,349093,572903,189,99,13963720,33703721,93,141,2792744,2153569,1
40587,23192,13529,22203,189,39,324696,783707,93,141,108232,83461,1
444847,254192,889694,1460683,189,56,3558776,8589727,93,141,3558776,2744323,1
242059,138316,968236,1590047,189,167,1936472,4674027,93,141,1936472,1493311,1
241597,138052,966388,1587341,189,167,1932776,4665117,93,141,1932776,1490473,1
602813,344456,602813,990361,189,68,4822504,11640045,93,141,4822504,3718937,1
118835,67904,47534,78217,189,98,950680,2294691,93,141,190136,146635,1
2843675,1624916,2274940,3744617,189,136,22749400,54911259,93,141,4549880,3508963,1
8514408,5321497,2838136,6078577,227,200,11352544,51416327,112,185,11352544,23034967,1
8454360,5283967,2818120,6036043,227,200,11272480,51053537,112,185,11272480,22872337,1
3728328,2330201,310694,666167,227,154,4971104,22512871,112,185,4971104,10085111,1
3693336,2308331,615556,1319941,227,153,4924448,22301461,112,185,4924448,9990341,1
99021,61888,1056224,2268245,227,130,132028,597863,112,185,132028,267793,1
790656,494159,1054208,2263961,227,58,1054208,4773769,112,185,1054208,2138249,1
783744,489839,1044992,2244377,227,129,1044992,4732009,112,185,1044992,2119529,1
767760,479849,1023680,2199089,227,57,1023680,4635439,112,185,1023680,2076239,1
2847912,1779941,118663,255130,227,100,3797216,17193691,112,185,3797216,7700651,1
2808600,1755371,468100,1006597,227,99,3744800,16956181,112,185,3744800,7594181,1
1375896,859933,917264,1972955,227,114,1834528,8306483,112,185,1834528,3720163,1
1359912,849943,906608,1950311,227,113,1813216,8209913,112,185,1813216,3676873,1
675312,422069,900416,1937153,227,54,900416,4076899,112,185,900416,1825859,1
2648760,1655471,441460,949987,227,94,3531680,15990481,112,185,3531680,7161281,1
654144,408839,872192,1877177,227,53,872192,3949009,112,185,872192,1768529,1
2610312,1631441,217526,468185,227,93,57056,258331,112,185,57056,115691,1
2456520,1535321,204710,440951,227,194,3275360,14829031,112,185,3275360,6640631,1
2455656,1534781,102319,220399,227,90,3274208,14823811,112,185,3274208,6638291,1
2442264,1526411,407044,876853,227,193,3256352,14742901,112,185,3256352,6602021,1
1216920,760573,811280,1747739,227,62,1622560,7346003,112,185,1622560,3289603,1
2418936,1511831,403156,868591,227,89,3225248,14601961,112,185,3225248,6538841,1
1187112,741943,791408,1705511,227,61,1582816,7165913,112,185,1582816,3208873,1
568608,355379,758144,1634825,227,50,758144,3432229,112,185,758144,1536869,1
549168,343229,732224,1579745,227,49,43072,194987,112,185,43072,87307,1
8535720,5334809,2845240,6141211,227,200,11380960,51520199,112,185,11380960,23067799,1
8512680,5320409,2837560,6124891,227,200,11350240,51380999,112,185,11350240,23005399,1
8475672,5297279,148696,320983,227,200,11300896,51157409,112,185,11300896,22905169,1
8452632,5282879,2817544,6082357,227,200,11270176,51018209,112,185,11270176,22842769,1
1964040,1227521,163670,353741,227,78,2618720,11853631,112,185,2618720,5306831,1
1948920,1218071,324820,702127,227,150,2598560,11762281,112,185,2598560,5265881,1
1936392,1210241,161366,348845,227,149,2581856,11686591,112,185,2581856,5231951,1
1932504,1207811,322084,696313,227,77,2576672,11663101,112,185,2576672,5221421,1
470544,294089,627392,1356977,227,46,627392,2839759,112,185,627392,1271279,1
939576,587233,626384,1354835,227,64,1252768,5670383,112,185,1252768,2538463,1
3738984,2336857,1246328,2695985,227,154,4985312,22564807,112,185,4985312,10101527,1
3727464,2329657,1242488,2687825,227,154,4969952,22495207,112,185,4969952,10070327,1
3703992,2314987,1234664,2671199,227,153,4938656,22353397,112,185,4938656,10006757,1
3692472,2307787,1230824,2663039,227,153,4923296,22283797,112,185,4923296,9975557,1
920136,575083,613424,1327295,227,63,1226848,5552933,112,185,1226848,2485813,1
452832,283019,603776,1306793,227,45,603776,2732749,112,185,603776,1223309,1
1805496,1128431,300916,651331,227,74,2407328,10895761,112,185,2407328,4877441,1
1775688,1109801,147974,320387,227,73,2367584,10715671,112,185,2367584,4796711,1
1655592,1034741,68983,149560,227,70,2207456,9990091,112,185,2207456,4471451,1
1635720,1022321,136310,295601,227,126,2180960,9870031,112,185,2180960,4417631,1
1627512,1017191,271252,588295,227,69,127648,577673,112,185,127648,258553,1
1624920,1015571,270820,587377,227,125,2166560,9804781,112,185,2166560,4388381,1
49677,31048,529888,1149781,227,130,66236,299743,112,185,66236,134153,1
793320,495823,528880,1147639,227,58,1057760,4786753,112,185,1057760,2142353,1
98994,61871,527968,1145701,227,130,131992,597311,112,185,131992,267331,1
790440,494023,526960,1143559,227,58,1053920,4769353,112,185,1053920,2134553,1
786408,491503,524272,1137847,227,129,1048544,4744993,112,185,1048544,2123633,1
783528,489703,522352,1133767,227,129,1044704,4727593,112,185,1044704,2115833,1
770424,481513,513616,1115203,227,57,1027232,4648423,112,185,1027232,2080343,1
8457624,5285993,1879472,4081031,227,200,3758944,17009901,112,185,3758944,7612541,1
767544,479713,511696,1111123,227,57,1023392,4631023,112,185,1023392,2072543,1
763416,477133,169648,368425,227,200,339296,1535361,112,185,339296,687121,1
381120,238199,508160,1103609,227,42,508160,2299489,112,185,508160,1029089,1
750360,468973,500240,1086779,227,200,1000480,4527203,112,185,1000480,2026003,1
748632,467893,499088,1084331,227,200,998176,4516763,112,185,998176,2021323,1
365136,228209,486848,1058321,227,41,486848,2202919,112,185,486848,985799,1
2858568,1786597,952856,2072357,227,100,3811424,17245627,112,185,3811424,7717067,1
2847048,1779397,949016,2064197,227,100,3796064,17176027,112,185,3796064,7685867,1
1414104,883811,235684,512713,227,82,1885472,8531101,112,185,1885472,3817421,1
2819256,1762027,939752,2044511,227,99,3759008,17008117,112,185,3759008,7610597,1
2808120,1755067,936040,2036623,227,198,3744160,16940837,112,185,3744160,7580437,1
2807736,1754827,935912,2036351,227,99,3743648,16938517,112,185,3743648,7579397,1
2801640,1751017,933880,2032033,227,197,3735520,16901687,112,185,3735520,7562887,1
1398120,873821,58255,126763,227,81,30560,138271,112,185,30560,61871,1
43509,27193,464096,1009973,227,200,29006,131239,112,185,14503,29362,1
694632,434143,463088,1007831,227,200,926176,4190513,112,185,926176,1875073,1
1381224,863261,3029,6593,227,114,1841632,8332451,112,185,1841632,3728371,1
1375464,859661,57311,124757,227,114,1833952,8297651,112,185,1833952,3712771,1
42861,26788,457184,995285,227,86,57148,258563,112,185,57148,115693,1
1365240,853271,227540,495407,227,113,1820320,8235881,112,185,1820320,3685081,1
1359480,849671,226580,493367,227,113,1812640,8201081,112,185,1812640,3669481,1
42429,26518,452576,985493,227,85,56572,255953,112,185,56572,114523,1
677976,423733,451984,984235,227,54,903968,4089883,112,185,903968,1829963,1
675096,421933,450064,980155,227,54,900128,4072483,112,185,900128,1822163,1
3699936,2312449,1644416,3581537,227,154,1644416,7439853,112,185,1644416,3328813,1
3664944,2290579,1628864,3548489,227,153,1628864,7369383,112,185,1628864,3297223,1
2659416,1662127,886472,1931291,227,94,3545888,16042417,112,185,3545888,7177697,1
2647896,1654927,882632,1923131,227,94,3530528,15972817,112,185,3530528,7146497,1
656808,410503,437872,954247,227,53,875744,3961993,112,185,875744,1772633,1
2620968,1638097,873656,1904057,227,93,3494624,15810127,112,185,3494624,7073567,1
653928,408703,435952,950167,227,53,871904,3944593,112,185,871904,1764833,1
2609448,1630897,869816,1895897,227,93,3479264,15740527,112,185,3479264,7042367,1
2467176,1541977,822392,1795121,227,194,193504,875351,112,185,193504,391591,1
2466312,1541437,822104,1794509,227,90,3288416,14875747,112,185,3288416,6654707,1
2455656,1534777,818552,1786961,227,194,3274208,14811367,112,185,3274208,6625847,1
2454792,1534237,818264,1786349,227,90,3273056,14806147,112,185,3273056,6623507,1
2452920,1533067,817640,1785023,227,193,3270560,14794837,112,185,3270560,6618437,1
76434,47771,407648,890021,227,200,101912,461011,112,185,101912,206231,1
1222248,763901,50927,111191,227,62,1629664,7371971,112,185,1629664,3297811,1
305520,190949,21440,46811,227,200,407360,1842739,112,185,407360,824339,1
152652,95407,407072,888797,227,200,203536,920717,112,185,203536,411877,1
2441400,1525867,813800,1776863,227,193,3255200,14725237,112,185,3255200,6587237,1
305088,190679,406784,888185,227,200,406784,1840129,112,185,406784,823169,1
1216488,760301,50687,110681,227,62,1621984,7337171,112,185,1621984,3282211,1
303792,189869,405056,884513,227,200,405056,1832299,112,185,405056,819659,1
2429592,1518487,809864,1768499,227,89,3239456,14653897,112,185,3239456,6555257,1
886883,492711,21764,27561,261,86,7095064,20396869,129,192,7095064,11522951,1
870845,483801,3483380,4412253,261,85,1393352,4005599,129,192,6966760,11314457,1
855995,475551,3423980,4338003,261,50,1369592,3937289,129,192,6847960,11121407,1
827285,459601,3309140,4194453,261,49,1323656,3805223,129,192,6618280,10748177,1
673439,374131,2693756,3425223,261,98,5387512,15487657,129,192,5387512,8748179,1
664133,368961,2656532,3378693,261,97,5313064,15273619,129,192,5313064,8627201,1
888771,493759,1185028,1510299,261,86,2370056,6813191,129,192,2370056,3848077,1
872733,484849,1163644,1483569,261,85,2327288,6690233,129,192,2327288,3778579,1
857883,476599,1143844,1458819,261,50,2287688,6576383,129,192,2287688,3714229,1
829173,460649,1105564,1410969,261,49,2211128,6356273,129,192,2211128,3589819,1
274399,152443,1097596,1401009,261,42,2195192,6310457,129,192,2195192,3563923,1
133685,74269,133685,170733,261,104,213896,614879,129,192,1069480,1736273,1
33050,18361,528800,675507,261,103,13220,38003,129,192,132200,214621,1
263905,146613,1055620,1348539,261,41,422248,1213819,129,192,2111240,3427501,1
675327,375179,900436,1154559,261,98,1800872,5176787,129,192,1800872,2923153,1
1792163,995639,7168652,9192927,261,74,14337304,41213989,129,192,14337304,23272007,1
14309089,7949437,57236356,73402341,261,173,114472712,329062967,129,192,114472712,185809261,1
14244739,7913687,56978956,73080591,261,173,113957912,327582917,129,192,113957912,184972711,1
666021,370009,888028,1139049,261,97,1776056,5105441,129,192,1776056,2882827,1
1763057,979469,7052228,9047397,261,73,14104456,40544551,129,192,14104456,22893629,1
216781,120433,867124,1112919,261,34,1734248,4985243,129,192,1734248,2814889,1
6651971,3695511,26607884,34188303,261,173,53215768,152972293,129,192,53215768,86371175,1
6626033,3681101,26504132,34058613,261,173,53008264,152375719,129,192,53008264,86033981,1
206287,114603,825148,1060449,261,33,1650296,4743881,129,192,1650296,2678467,1
12563125,6979457,50252500,64672521,261,173,20101000,57781159,129,192,100505000,163111729,1
1566641,870349,6266564,8065317,261,173,12533128,36026983,129,192,12533128,20340221,1
12520951,6956027,50083804,64461651,261,173,100167608,287935793,129,192,100167608,162563467,1
195001,108333,780004,1004019,261,173,1560008,4484303,129,192,1560008,2531749,1
48878479,27154483,195513916,251819979,261,173,391027832,1124020697,129,192,391027832,634584643,1
48742453,27078913,194969812,251139849,261,173,389939624,1120892099,129,192,389939624,632816305,1
91781,50989,91781,118353,261,42,734248,2110603,129,192,734248,1191521,1
134157,74531,357752,461697,261,104,357752,1028357,129,192,357752,580531,1
66336,36853,353792,456747,261,103,88448,254243,129,192,22112,35881,1
264849,147137,176566,227961,261,41,706264,2030149,129,192,706264,1146047,1
87947,48859,175894,227121,261,30,703576,2022421,129,192,703576,1141679,1
45028765,25015753,180115060,232571409,261,173,72046024,207095455,129,192,360230120,584538361,1
44928379,24959983,179713516,232069479,261,173,359427032,1033168397,129,192,359427032,583233343,1
5513669,3063121,22054676,28496793,261,173,44109352,126791347,129,192,44109352,71573249,1
5501195,3056191,22004780,28434423,261,173,8801912,25300889,129,192,44009560,71411087,1
5472881,3040461,21891524,28292853,261,132,43783048,125853223,129,192,43783048,71043005,1
5447735,3026491,21790940,28167123,261,131,8716376,25054973,129,192,2563640,4159771,1
335255,186251,1341020,1734303,261,114,536408,1541885,129,192,2682040,4351787,1
41845,23247,334760,432957,261,106,66952,192451,129,192,334760,543169,1
2675011,1486103,10700044,13839279,261,173,21400088,61513733,129,192,21400088,34722919,1
333473,185261,1333892,1725393,261,113,2667784,7668439,129,192,2667784,4328621,1
2667685,1482033,10670740,13802649,261,173,4268296,12269047,129,192,21341480,34627681,1
83195,46219,166390,215241,261,105,133112,382625,129,192,665560,1079903,1
82997,46109,82997,107373,261,29,663976,1908571,129,192,663976,1077329,1
165895,92163,663580,858489,261,90,265432,762973,129,192,1327160,2153371,1
164509,91393,658036,851559,261,89,1316072,3782987,129,192,77416,125609,1
652591,362547,2610364,3379011,261,56,5220728,15006713,129,192,5220728,8470627,1
162529,90293,650116,841659,261,70,1300232,3737447,129,192,1300232,2109613,1
160351,89083,641404,830769,261,69,1282808,3687353,129,192,1282808,2081299,1
20507801,11393109,82031204,106252797,261,173,164062408,471587263,129,192,164062408,266183621,1
640513,355837,2562052,3318621,261,55,5124104,14728919,129,192,5124104,8313613,1
20469587,11371879,81878348,106061727,261,173,163756696,470708341,129,192,163756696,265686839,1
1277957,709969,5111828,6621897,261,173,10223656,29387251,129,192,10223656,16587329,1
1275383,708539,5101532,6609027,261,173,10203064,29328049,129,192,10203064,16553867,1
158569,88093,634276,821859,261,82,1268552,3646367,129,192,1268552,2058133,1
156985,87213,627940,813939,261,81,251176,721987,129,192,1255880,2037541,1
2472061,1373353,9888244,12824529,261,148,19776488,56845883,129,192,19776488,32084569,1
2464735,1369283,9858940,12787899,261,147,3943576,11335477,129,192,19717880,31989331,1
2441173,1356193,9764692,12670089,261,120,19529384,56135459,129,192,19529384,31683025,1
9736477,5409097,38945908,50539281,261,173,77891816,223892891,129,192,77891816,126365305,1
9732319,5406787,38929276,50518491,261,173,77858552,223797257,129,192,77858552,126311251,1
2431867,1351023,9727468,12623559,261,119,19454936,55921421,129,192,1144408,1856591,1
9721033,5400517,38884132,50462061,261,173,77768264,223537679,129,192,77768264,126164533,1
9716083,5397767,38864332,50437311,261,173,77728664,223423829,129,192,77728664,126100183,1
599905,333277,2399620,3115581,261,74,959848,2758987,129,192,4799240,7785709,1
4789835,2660991,19159340,24877623,261,173,7663736,22028633,129,192,2254040,3656671,1
597349,331857,2389396,3102801,261,160,4778792,13736147,129,192,4778792,7752481,1
596953,331637,2387812,3100821,261,94,4775624,13727039,129,192,4775624,7747333,1
14305155,7947223,19073540,24770373,261,173,7629416,21929963,129,192,38147080,61884557,1
595963,331087,2383852,3095871,261,159,4767704,13704269,129,192,4767704,7734463,1
297437,165241,1189748,1545213,261,96,2379496,6839611,129,192,2379496,3860153,1
148669,82593,594676,772359,261,110,1189352,3418667,129,192,1189352,1929433,1
593191,329547,2372764,3082011,261,93,4745528,13640513,129,192,4745528,7698427,1
888819,493783,1185092,1539393,261,86,2370184,6812839,129,192,2370184,3845021,1
148075,82263,592300,769389,261,109,236920,681001,129,192,1184600,1921711,1
295655,164251,1182620,1536303,261,95,473048,1359725,129,192,2365240,3836987,1
590203,327887,2360812,3067071,261,73,4721624,13571789,129,192,4721624,7659583,1
872781,484873,1163708,1512663,261,85,2327416,6689881,129,192,2327416,3775523,1
72575,40319,145150,188691,261,34,116120,333773,129,192,580600,941843,1
289517,160841,13012,16917,261,142,2316136,6657451,129,192,2316136,3757193,1
9250189,5138937,37000756,48107841,261,173,74001512,212708267,129,192,74001512,120043561,1
36103,20057,288824,375537,261,141,288824,830189,129,192,288824,468523,1
9235735,5130907,36942940,48035571,261,173,14777176,42475165,129,192,73885880,119855659,1
2289901,1272153,9159604,11913729,261,128,18319208,52656203,129,192,18319208,29716489,1
857931,476623,1143908,1487913,261,50,2287816,6576031,129,192,2287816,3711173,1
571609,317557,2286436,2974101,261,168,4572872,13144127,129,192,4572872,7417861,1
2283763,1268743,9135052,11883039,261,127,18270104,52515029,129,192,1074712,1743335,1
570619,317007,2282476,2969151,261,167,4564952,13121357,129,192,4564952,7404991,1
9126043,5069967,36504172,47487111,261,173,73008344,209852909,129,192,73008344,118429663,1
9119113,5066117,36476452,47452461,261,173,72952904,209693519,129,192,72952904,118339573,1
4518125,2510041,18072500,23519073,261,126,7229000,20778767,129,192,36145000,58631177,1
4506443,2503551,18025772,23460663,261,125,36051544,103625149,129,192,36051544,58479311,1
4495157,2497281,17980628,23404233,261,173,35961256,103365571,129,192,2115368,3431329,1
2245747,1247623,8982988,11692959,261,173,17965976,51640661,129,192,17965976,29142487,1
17899547,9944079,71598188,93211527,261,173,143196376,411597421,129,192,143196376,232276319,1
17885885,9936489,803860,1046553,261,173,28617416,82256639,129,192,143087080,232098713,1
3729873,2034476,3819389952,6696612449,1253,108,59677968,208533617,625,945,59677968,108166201,1
3671815,2002808,3759938560,6592572513,1253,107,58749040,205287647,625,945,58749040,106482519,1
6729159,3670450,3445329408,6042006497,1253,210,107666544,376220779,625,945,107666544,195145379,1
6682541,3645022,3421460992,6000236769,1253,209,106920656,373614409,625,945,106920656,193793457,1
6669671,3638002,3414871552,5988705249,1253,200,106714736,372894859,625,945,106714736,193420227,1
6620765,3611326,3389831680,5944885473,1253,199,105932240,370160569,625,945,105932240,192001953,1
6224655,3395266,3187023360,5589970913,1253,172,99594480,348014419,625,945,99594480,180514763,1
6171173,3366094,3159640576,5542051041,1253,171,98738768,345024289,625,945,98738768,178963785,1
2689119,1466792,2753657856,4831581281,1253,96,43025904,150346007,625,945,43025904,77984335,1
2643073,1441676,2706506752,4749066849,1253,95,42289168,147771617,625,945,42289168,76649001,1
2641357,1440740,2704749568,4745991777,1253,104,42261712,147675677,625,945,42261712,76599237,1
2601031,1418744,2663455744,4673727585,1253,103,41616496,145421087,625,945,41616496,75429783,1
40756637,22230890,2608424768,4577423377,1253,272,652106192,2278663457,625,945,652106192,1181940617,1
40573883,22131206,2596728512,4556954929,1253,271,38187184,133437991,625,945,649182128,1176640751,1
1247325,680359,2554521600,4483092833,1253,108,19957200,69736711,625,945,19957200,36172367,1
3683917,2009409,7544662016,13241198627,1253,107,3467216,12115539,625,945,58942672,106833419,1
2419707,1319840,2477779968,4348794977,1253,92,38715312,135283427,625,945,38715312,70171387,1
2376521,1296284,2433557504,4271405665,1253,91,38024336,132868937,625,945,1311184,2376517,1
4514661,2462542,2311506432,4057816289,1253,268,72234576,252410209,625,945,72234576,130924937,1
2251121,1227884,2305147904,4046688865,1253,210,36017936,125857937,625,945,36017936,65282393,1
2247821,1226084,2301768704,4040775265,1253,267,35965136,125673437,625,945,35965136,65186693,1
2247535,1225928,2301475840,4040262753,1253,136,35960560,125657447,625,945,35960560,65178399,1
6706745,3658224,6867706880,12056527139,1253,209,107307920,374967441,625,945,107307920,194495257,1
6693875,3651204,6854528000,12033464099,1253,200,107102000,374247891,625,945,107102000,194122027,1
2224941,1213604,2278339584,3999774305,1253,135,35599056,124394237,625,945,35599056,64523173,1
6644969,3624528,6804448256,11945824547,1253,199,106319504,371513601,625,945,106319504,192703753,1
4413703,2407474,2259815936,3967357921,1253,158,70619248,246765739,625,945,70619248,127997155,1
8803811,4802078,2253775616,3956787361,1253,244,140860976,492212303,625,945,140860976,255310055,1
8778357,4788194,2247259392,3945383969,1253,196,140453712,490789193,625,945,140453712,254571889,1
8762913,4779770,2243305728,3938465057,1253,243,140206608,489925733,625,945,140206608,254124013,1
4377381,2387662,2241219072,3934813409,1253,157,4119888,14396177,625,945,70038096,126943817,1
8724303,4758710,2233421568,3921167777,1253,195,139588848,487767083,625,945,139588848,253004323,1
17027471,9287710,2179516288,3826833537,1253,262,272439536,951988891,625,945,272439536,493795731,1
33942401,18514034,2172313664,3814228945,1253,352,543078416,1897685717,625,945,543078416,984327773,1
16956829,9249178,2170474112,3811009729,1253,261,271309264,948039361,625,945,271309264,491747113,1
33843159,18459902,2165962176,3803113841,1253,351,541490544,1892137187,625,945,541490544,981449755,1
2082953,1136156,2132943872,3745331809,1253,172,33327248,116455817,625,945,33327248,60405521,1
6195377,3379296,6344066048,11140155683,1253,171,99126032,346377321,625,945,99126032,179665585,1
1026599,559963,2102474752,3692010849,1253,80,16425584,57396121,625,945,16425584,29771313,1
16132291,8799430,2064933248,3626313217,1253,144,258116656,901940191,625,945,258116656,467835511,1
1005149,548263,2058545152,3615134049,1253,79,16082384,56196871,625,945,16082384,29149263,1
15990149,8721898,2046739072,3594473409,1253,143,15049552,52587833,625,945,255842384,463713393,1
7795089,4251866,1995542784,3504879905,1253,192,124721424,435815573,625,945,124721424,226057117,1
7749615,4227062,1983901440,3484507553,1253,191,123993840,433273163,625,945,123993840,224738371,1
3800519,2073010,1945865728,3417945057,1253,114,60808304,212483179,625,945,60808304,110214819,1
3756189,2048830,1923168768,3378225377,1253,113,60099024,210004729,625,945,60099024,108929249,1
918777,501151,1881655296,3305576801,1253,76,14700432,51367891,625,945,14700432,26644475,1
900407,491131,1844033536,3239738721,1253,96,14406512,50340841,625,945,14406512,26111745,1
898471,490075,1840068608,3232800097,1253,75,14375536,50232601,625,945,14375536,26055601,1
2655175,1448277,5437798400,9554187299,1253,95,42482800,148448133,625,945,42482800,76999901,1
2653459,1447341,5434284032,9548037155,1253,104,42455344,148352193,625,945,42455344,76950137,1
2613133,1425345,5351696384,9403508771,1253,103,41810128,146097603,625,945,41810128,75780683,1
1708997,932180,1750012928,3075202657,1253,84,27343952,95548277,625,945,27343952,49560797,1
40950269,22336506,5241634432,9210900355,1253,272,655204304,2289487713,625,945,655204304,1187555017,1
40767515,22236822,5218241920,9169963459,1253,271,652280240,2279270103,625,945,652280240,1182255151,1
1691551,922664,1732148224,3043939425,1253,120,1592048,5563111,625,945,27064816,49054863,1
1677251,914864,1717505024,3018313825,1253,83,26836016,93773387,625,945,26836016,48640163,1
1674391,913304,1714576384,3013188705,1253,119,26790256,93613487,625,945,26790256,48557223,1
6584451,3591518,1685619456,2962514081,1253,128,105351216,368129903,625,945,105351216,190948615,1
816675,445459,1672550400,2939643233,1253,72,13066800,45659461,625,945,13066800,23683517,1
6524105,3558602,1670170880,2935479073,1253,127,3367280,11766323,625,945,104385680,189198581,1
6523819,3558446,1670097664,2935350945,1253,228,104381104,364740023,625,945,104381104,189190287,1
6499509,3545186,1663874304,2924460065,1253,227,103992144,363380873,625,945,3585936,6499493,1
810603,442147,1660114944,2917881185,1253,92,12969648,45319981,625,945,12969648,23507429,1
51059279,27850510,1633896928,2871999657,1253,344,48055792,167921867,625,945,816948464,1480715379,1
797513,435007,1633306624,2870966625,1253,71,12760208,44588131,625,945,12760208,23127819,1
2388623,1302885,4891899904,8598864931,1253,91,38217968,133545453,625,945,38217968,69269893,1
50952601,27792322,1630483232,2866025689,1253,343,815241616,2848707469,625,945,815241616,1477621717,1
1528245,833588,1564922880,2751295073,1253,314,24451920,85442597,625,945,24451920,44318989,1
762478,415897,1561554944,2745401185,1253,313,3049912,10657339,625,945,3049912,5527951,1
3047195,1662106,1560163840,2742966753,1253,360,48755120,170365519,625,945,48755120,88368423,1
3044907,1660858,1558992384,2740916705,1253,176,48718512,170237599,625,945,48718512,88302071,1
3041761,1659142,1557381632,2738097889,1253,359,48668176,170061709,625,945,48668176,88210837,1
3029177,1652278,1550938624,2726822625,1253,175,48466832,169358149,625,945,48466832,87845901,1
1512955,825248,1549265920,2723895393,1253,268,780880,2728637,625,945,24207280,43875579,1
2259923,1232685,4628322304,8137604131,1253,267,36158768,126349953,625,945,36158768,65537593,1
2259637,1232529,4627736576,8136579107,1253,136,36154192,126333963,625,945,36154192,65529299,1
3742947,2041607,7665555456,13478122213,1253,108,59887152,209264285,625,945,59887152,108545173,1
745681,406735,1527154688,2685200737,1253,135,11930896,41690251,625,945,11930896,21624691,1
47687911,26011582,1526013152,2683203049,1253,348,763006576,2666181619,625,945,763006576,1382945707,1
47602397,25964938,1523276704,2678414265,1253,347,44802256,156552977,625,945,761638352,1380465801,1
4437907,2420676,4544416768,7990769443,1253,158,71006512,248118771,625,945,71006512,128698955,1
8852219,4828482,4532336128,7969628323,1253,244,141635504,494918367,625,945,141635504,256713655,1
3684889,2009939,7546652672,13270042341,1253,107,58958224,206018315,625,945,58958224,106861491,1
2942255,1604866,1506434560,2648940513,1253,196,47076080,164498419,625,945,47076080,85325163,1
11753059,6410758,1504391552,2645365249,1253,148,188048944,657101311,625,945,188048944,340837783,1
2937107,1602058,1503798784,2644327905,1253,243,2764336,9659447,625,945,46993712,85175871,1
1467195,800288,1502407680,2641893473,1253,157,23475120,82029347,625,945,23475120,42548539,1
2924237,1595038,1497209344,2632796385,1253,195,46787792,163491049,625,945,46787792,84802641,1
11675553,6368482,1494470784,2628003905,1253,147,186808848,652768021,625,945,186808848,338590109,1
5800811,3164078,1485007616,2611443361,1253,180,92812976,324317303,625,945,92812976,168223055,1
5773641,3149258,1478052096,2599271201,1253,179,92378256,322798253,625,945,92378256,167435125,1
720293,392887,1475160064,2594210145,1253,68,11524688,40270831,625,945,11524688,20888439,1
91701723,50019110,1467227568,2580328277,1253,612,86307504,301585159,625,945,1467227568,2659342543,1
91635657,49983074,1466170512,2578478429,1253,612,1466170512,5123254013,625,945,1466170512,2657426629,1
183173359,99912718,1465386872,2577107059,1253,554,2930773744,10241031451,625,945,2930773744,5312012563,1
183003189,99819898,1464025512,2574724679,1253,553,2928051024,10231517401,625,945,2928051024,5307077633,1
17124287,9340518,4383817472,7709720675,1253,262,16116976,56317707,625,945,273988592,496602931,1
34136033,18619650,4369412224,7684511491,1253,352,546176528,1908509973,625,945,546176528,989942173,1
17053645,9301986,4365733120,7678073059,1253,261,272858320,953451489,625,945,272858320,494554313,1
263437,167633,526874,748807,259,128,1053748,2372373,128,197,1053748,743225,1
260599,165827,521198,741325,259,127,1042396,2346831,128,197,1042396,735227,1
254857,162173,509714,726187,259,124,1019428,2295153,128,197,1019428,719045,1
253207,161123,506414,721837,259,148,1012828,2280303,128,197,1012828,714395,1
252019,160367,504038,718705,259,123,1008076,2269611,128,197,1008076,711047,1
250963,159695,501926,715921,259,147,1003852,2260107,128,197,1003852,708071,1
54433,34637,54433,78539,259,40,217732,490257,128,197,217732,153605,1
1735157,1104121,3470314,5008835,259,172,6940628,15627933,128,197,6940628,4896481,1
1723607,1096771,3447214,4978385,259,171,6894428,15523983,128,197,6894428,4863931,1
52123,33167,52123,75494,259,39,208492,469467,128,197,208492,147095,1
3275515,2084279,6551030,9504109,259,209,2620412,5900535,128,197,13102060,9243983,1
3260665,2074829,6521330,9464959,259,209,2608532,5873805,128,197,13042660,9202133,1
1512473,962413,3024946,4421759,259,168,6049892,13623777,128,197,6049892,4268917,1
1503167,956491,3006334,4397225,259,167,6012668,13540023,128,197,6012668,4242691,1
739159,470339,1478318,2165857,259,142,2956636,6658191,128,197,2956636,2086331,1
733549,466769,1467098,2151067,259,141,2934196,6607701,128,197,2934196,2070521,1
89825,57157,179650,263957,259,94,71860,161829,128,197,359300,253549,1
88637,56401,177274,260825,259,93,354548,798453,128,197,354548,250201,1
88439,56275,176878,260303,259,128,353756,796671,128,197,353756,249643,1
87493,55673,174986,257809,259,127,349972,788157,128,197,349972,246977,1
85579,54455,171158,252763,259,124,342316,770931,128,197,342316,241583,1
28343,18035,56686,83771,259,148,113372,255327,128,197,113372,80011,1
28211,17951,56422,83423,259,123,112844,254139,128,197,112844,79639,1
84281,53629,168562,249341,259,147,337124,759249,128,197,337124,237925,1
324749,206641,649498,964739,259,88,1298996,2925621,128,197,1298996,916825,1
321647,204667,643294,956561,259,112,1286588,2897703,128,197,1286588,908083,1
320327,203827,640654,953081,259,87,1281308,2885823,128,197,1281308,904363,1
318545,202693,637090,948383,259,111,254836,573957,128,197,1274180,899341,1
298481,189925,596962,895487,259,76,1193924,2689209,128,197,1193924,842797,1
293795,186943,587590,883133,259,75,235036,529407,128,197,1175180,829591,1
18301,11645,73204,110069,259,40,73204,164889,128,197,73204,51677,1
583399,371219,1166798,1755217,259,172,2333596,5256351,128,197,2333596,1647371,1
265749,169097,177166,266715,259,128,32212,72557,128,197,354332,250139,1
193183,122923,386366,581689,259,171,772732,1740567,128,197,772732,545507,1
262911,167291,175274,264221,259,127,31868,71783,128,197,11308,7983,1
4424,2815,70784,106879,259,190,17696,39861,128,197,17696,12493,1
141073,89765,282146,426211,259,189,564292,1271097,128,197,564292,398381,1
257169,163637,171446,259175,259,124,31172,70217,128,197,342892,242079,1
17531,11155,70124,106009,259,39,70124,157959,128,197,70124,49507,1
1120631,713059,2241262,3388721,259,209,4482524,10097199,128,197,4482524,3164635,1
1117925,711337,2235850,3381587,259,209,894340,2014569,128,197,4471700,3157009,1
557527,354755,1115054,1687009,259,209,2230108,5023503,128,197,2230108,1574459,1
255519,162587,170346,257725,259,148,30972,69767,128,197,340692,240529,1
69629,44305,139258,210713,259,114,278516,627381,128,197,278516,196633,1
556273,353957,1112546,1683703,259,209,2225092,5012217,128,197,2225092,1570925,1
138763,88295,277526,420121,259,106,555052,1250307,128,197,555052,391871,1
254331,161831,169554,256681,259,123,30828,69443,128,197,339108,239413,1
253275,161159,168850,255753,259,147,6140,13831,128,197,337700,238421,1
17267,10987,69068,104617,259,113,69068,155583,128,197,2228,1573,1
1101865,701117,2203730,3339247,259,209,881492,1985661,128,197,4407460,3111749,1
137509,87497,275018,416815,259,105,550036,1239021,128,197,550036,388337,1
274919,174931,549838,833369,259,72,1099676,2477151,128,197,1099676,776395,1
1096915,697967,2193830,3326197,259,209,877532,1976751,128,197,4387660,3097799,1
136915,87119,273830,415249,259,160,109532,246735,128,197,547660,386663,1
136321,86741,272642,413683,259,159,545284,1228329,128,197,545284,384989,1
270497,172117,540994,821711,259,71,1081988,2437353,128,197,1081988,763933,1
8419,5357,67352,102355,259,46,33676,75861,128,197,33676,23777,1
67187,42751,134374,204275,259,176,268748,605403,128,197,268748,189751,1
133945,85229,267890,407419,259,209,107156,241389,128,197,535780,378293,1
16739,10651,66956,101833,259,175,66956,150831,128,197,66956,47275,1
133747,85103,267494,406897,259,152,534988,1205163,128,197,534988,377735,1
133615,85019,267230,406549,259,209,106892,240795,128,197,534460,377363,1
133153,84725,266306,405331,259,151,532612,1199817,128,197,532612,376061,1
33181,21113,33181,50525,259,162,132724,298989,128,197,132724,93713,1
529675,337031,1059350,1613581,259,164,423740,954567,128,197,2118700,1495967,1
33049,21029,33049,50351,259,161,132196,297801,128,197,132196,93341,1
527629,335729,1055258,1608187,259,163,2110516,4754421,128,197,2110516,1490201,1
16343,10399,65372,99745,259,45,65372,147267,128,197,65372,46159,1
2079397,1323113,4158794,6350707,259,209,8317588,18737613,128,197,8317588,5873105,1
519775,330731,1039550,1587481,259,198,415820,936747,128,197,2079100,1468067,1
2075107,1320383,4150214,6339397,259,209,8300428,18699003,128,197,8300428,5861015,1
518389,329849,1036778,1583827,259,197,2073556,4671261,128,197,2073556,1464161,1
2054713,1307405,4109426,6285631,259,209,8218852,18515457,128,197,8218852,5803541,1
256571,163255,513142,784997,259,84,1026284,2312019,128,197,1026284,724687,1
2050027,1304423,4100054,6273277,259,209,8200108,18473283,128,197,8200108,5790335,1
509171,323983,19214,29425,259,168,2036684,4588299,128,197,2036684,1438183,1
253469,161281,506938,776819,259,83,1013876,2284101,128,197,1013876,715945,1
506069,322009,1012138,1551347,259,167,2024276,4560381,128,197,2024276,1429441,1
252677,160777,505354,774731,259,68,1010708,2276973,128,197,1010708,713713,1
500239,318299,1000478,1535977,259,206,2000956,4507911,128,197,2000956,1413011,1
499117,317585,998234,1533019,259,205,1996468,4497813,128,197,1996468,1409849,1
248893,158369,497786,764755,259,142,995572,2242917,128,197,995572,703049,1
248519,158131,497038,763769,259,67,994076,2239551,128,197,994076,701995,1
1984819,1262927,3969638,6101365,259,209,7939276,17886411,128,197,7939276,5606567,1
1980661,1260281,3961322,6090403,259,209,7922644,17848989,128,197,7922644,5594849,1
82341,52393,54894,84425,259,141,109788,247343,128,197,109788,77531,1
10085,6417,10085,15556,259,94,8068,18177,128,197,40340,28489,1
55011,35003,73348,113275,259,40,6668,15023,128,197,73348,51801,1
1753653,1115833,1169102,1806513,259,172,212564,478909,128,197,2338204,1651339,1
9953,6333,9953,15382,259,93,39812,89697,128,197,39812,28117,1
476545,303221,953090,1473511,259,194,381236,858933,128,197,1906180,1346237,1
475555,302591,951110,1470901,259,193,380444,857151,128,197,1902220,1343447,1
118831,75611,237662,367573,259,209,475324,1070919,128,197,475324,335699,1
1742103,1108483,1161402,1796363,259,171,211164,475759,128,197,2322804,1640489,1
118633,75485,237266,367051,259,209,474532,1069137,128,197,474532,335141,1
59135,37627,118270,183047,259,44,47308,106587,128,197,236540,167059,1
58937,37501,117874,182525,259,102,235748,531153,128,197,235748,166501,1
7363,4685,58904,91219,259,130,29452,66357,128,197,29452,20801,1
939791,597979,1879582,2911961,259,209,3759164,8469639,128,197,3759164,2654995,1
938537,597181,1877074,2908655,259,209,3754148,8458353,128,197,3754148,2651461,1
31276,18239,7819,8103,51,46,62552,117109,24,37,62552,54333,1
30244,17637,7561,7845,51,46,60488,113239,24,37,60488,52527,1
4372,2549,1093,1164,51,20,8744,16351,24,37,8744,7551,1
4012,2339,1003,1074,51,19,8024,15001,24,37,8024,6921,1
6668,3887,1667,1809,51,32,13336,24917,24,37,13336,11469,1
6404,3733,1601,1743,51,31,12808,23927,24,37,12808,11007,1
23756,13847,5939,6507,51,44,47512,88733,24,37,47512,40773,1
23204,13525,5801,6369,51,43,46408,86663,24,37,46408,39807,1
10804,6297,2701,2985,51,26,21608,40339,24,37,21608,18507,1
10300,6003,2575,2859,51,25,20600,38449,24,37,824,705,1
2524,1471,631,702,51,16,5048,9421,24,37,5048,4317,1
2260,1317,565,636,51,15,4520,8431,24,37,904,771,1
10484,6109,2621,2976,51,46,20968,39095,24,37,20968,17847,1
4124,2403,1031,1173,51,46,8248,15377,24,37,8248,7017,1
4100,2389,1025,1167,51,46,8200,15287,24,37,328,279,1
16340,9521,4085,4653,51,40,32680,60923,24,37,6536,5559,1
127,74,508,579,51,38,508,947,24,37,127,108,1
6084,3545,507,578,51,46,4056,7561,24,37,4056,3449,1
16076,9367,4019,4587,51,39,32152,59933,24,37,32152,27333,1
1996,1163,499,570,51,37,3992,7441,24,37,3992,3393,1
7420,4323,1855,2139,51,36,14840,27649,24,37,2968,2517,1
7300,4253,1825,2109,51,35,14600,27199,24,37,584,495,1
3572,2081,893,1035,51,42,7144,13307,24,37,7144,6051,1
884,515,442,513,51,41,1768,3293,24,37,1768,1497,1
346468,201845,86617,100533,53,46,692936,1290631,25,38,692936,586719,1
30044,17503,7511,8718,53,46,60088,111917,25,38,60088,50877,1
86596,50449,21649,25128,53,46,173192,322579,25,38,173192,146643,1
360516,210029,30043,34871,53,46,240344,447653,25,38,240344,203501,1
90108,52495,7509,8716,53,46,60072,111887,25,38,60072,50863,1
346204,201691,86551,100467,53,46,692408,1289641,25,38,692408,586257,1
360252,209875,30021,34849,53,46,240168,447323,25,38,240168,203347,1
86524,50407,21631,25110,53,46,173048,322309,25,38,173048,146517,1
180108,104927,15009,17423,53,46,120072,223639,25,38,120072,101663,1
173036,100807,43259,50217,53,46,346072,644573,25,38,346072,293013,1
90036,52453,7503,8710,53,46,60024,111797,25,38,60024,50821,1
179988,104857,14999,17413,53,46,119992,223489,25,38,119992,101593,1
172916,100737,43229,50187,53,46,345832,644123,25,38,345832,292803,1
176236,102671,44059,51159,53,46,352472,656485,25,38,352472,298413,1
172700,100611,43175,50133,53,46,31400,58483,25,38,13816,11697,1
179748,104717,14979,17393,53,46,119832,223189,25,38,119832,101453,1
176212,102657,44053,51153,53,46,352424,656395,25,38,352424,298371,1
172484,100485,43121,50079,53,46,344968,642503,25,39,344968,292047,1
59836,34859,14959,17373,53,46,119672,222889,25,39,119672,101313,1
11214,6533,7476,8683,53,46,1869,3481,25,39,7476,6329,1
172364,100415,43091,50049,53,46,344728,642053,25,39,344728,291837,1
179388,104507,14949,17363,53,46,10872,20249,25,39,119592,101243,1
21544,12551,21544,25023,53,46,43088,80251,25,39,43088,36477,1
358740,208993,29895,34723,53,46,239160,445433,25,39,47832,40493,1
49228,28679,12307,14295,53,46,98456,183373,25,39,98456,83349,1
44820,26111,7470,8677,53,46,29880,55651,25,39,5976,5059,1
119492,69613,29873,34701,53,46,238984,445103,25,39,238984,202311,1
43052,25081,21526,25005,53,46,86104,160367,25,39,86104,72891,1
5601,3263,7468,8675,53,46,7468,13909,25,39,3734,3161,1
344332,200599,86083,99999,53,46,688664,1282621,25,39,688664,582981,1
86068,50141,21517,24996,53,46,172136,320599,25,39,172136,145719,1
4740764,2761847,1185191,1376820,55,46,9481528,17659109,26,40,9481528,8026437,1
4568628,2661565,380719,442276,55,46,3045752,5672637,26,40,3045752,2578333,1
8434604,4913783,2108651,2449593,55,46,16869208,31418477,26,40,16869208,14280357,1
89580,52187,7465,8672,55,46,59720,111227,26,40,11944,10111,1
4217260,2456867,1054315,1224786,57,46,8434520,15709081,27,41,1686904,1428021,1
8764732,5106107,2191183,2545473,57,46,17529464,32648185,27,41,17529464,14839281,1
1761724,1026335,440431,511644,57,46,3523448,6562333,27,41,3523448,2982717,1
5106012,2974631,425501,494300,57,46,3404008,6339879,27,41,3404008,2881607,1
5292196,3083097,1323049,1536972,57,46,10584392,19713163,27,41,10584392,8960043,1
5113036,2978723,1278259,1484940,57,46,10226072,19045801,27,41,10226072,8656713,1
4926828,2870243,410569,476954,57,46,3284552,6117395,27,42,3284552,2780483,1
4747668,2765869,395639,459610,57,46,3165112,5894941,27,42,3165112,2679373,1
4382324,2553029,1095581,1272726,57,46,8764648,16323935,27,42,8764648,7419567,1
8434340,4913629,2108585,2449527,57,46,16868680,31417487,27,42,3373736,2855979,1
8764468,5105953,2191117,2545407,57,46,17528936,32647195,27,42,17528936,14838819,1
4217116,2456783,14849,17250,57,46,8434232,15708541,27,42,8434232,7139853,1
615834,358769,410556,476941,57,46,205278,382325,27,42,410556,347549,1
791252,460963,395626,459597,57,46,143864,267943,27,42,1582504,1339641,1
876436,510589,219109,254538,57,46,159352,296789,27,42,1752872,1483863,1
821092,478347,410546,476931,57,46,1642184,3058525,27,42,1642184,1390161,1
1186848,691427,395616,459587,57,46,791232,1473649,27,42,791232,669803,1
60152,35043,60152,69879,57,46,120304,224063,27,42,120304,101841,1
407452,237371,101863,118335,57,46,814904,1517737,27,42,814904,689841,1
4654084,2711349,1163521,1351671,57,46,9308168,17336215,27,42,9308168,7879647,1
2282252,1329581,1141126,1325655,57,46,4564504,8501267,27,42,4564504,3863991,1
22392,13045,7464,8671,57,46,14928,27803,27,42,14928,12637,1
2644012,1540333,1322006,1535787,59,46,5288024,9848803,28,43,5288024,4476471,1
2554444,1488153,1277222,1483761,59,46,5108888,9515167,28,43,5108888,4324827,1
91324,53203,22831,26523,59,46,182648,340177,28,43,182648,154617,1
354209,206353,1416836,1645953,61,46,1416836,2638819,29,44,708418,599697,1
2742348,1597621,457058,530969,61,46,1828232,3405033,29,44,1828232,1547653,1
2835428,1651847,1417714,1646973,61,46,5670856,10561817,29,44,5670856,4800549,1
686026,399661,1372052,1593927,61,46,62366,116155,29,44,1372052,1161483,1
1347020,784739,336755,391212,61,46,2694040,5017577,29,45,538808,456117,1
867572,505425,216893,251967,61,46,1735144,3231659,29,45,1735144,1468851,1
10776004,6277821,2694001,3129657,61,46,21552008,40140031,29,45,21552008,18244407,1
547932,319211,45661,53045,61,46,33208,61849,29,45,365288,309227,1
10775884,6277751,2693971,3129627,61,46,21551768,40139581,29,45,21551768,18244197,1
10410588,6064939,12219,14195,61,46,6940392,12926291,29,45,6940392,5875243,1
14992436,8734205,3748109,4354236,61,46,29984872,55846007,29,45,29984872,25383063,1
14627140,8521393,3656785,4248144,61,46,2659480,4953209,29,45,5850856,4952919,1
15157500,8830367,1263125,1467392,61,46,10105000,18820287,29,45,404200,342167,1
14792204,8617555,3698051,4296084,61,46,29584408,55100153,29,45,29584408,25044057,1
2108276,1228227,1054138,1224609,61,46,4216552,7853213,29,45,4216552,3569433,1
15880972,9251843,3970243,4612296,61,46,31761944,59155753,29,45,31761944,26887401,1
630180267,339327836,6721922848,10319998179,689,280,20165768544,57637287829,343,526,20165768544,27097775135,1
626169117,337167986,6679137248,10254379879,689,279,20037411744,57270421879,343,526,20037411744,26925295685,1
3649463691,1965095833,19463806352,29894322871,689,336,116782838112,333785812547,343,526,116782838112,156927127945,1
3631566669,1955458975,19368355568,29747934409,689,335,116210133408,332148923381,343,526,116210133408,156157555999,1
1530849471,824303561,8164530512,12543354321,689,424,48987183072,140013972175,343,526,48987183072,65826621869,1
1525350549,821342603,8135202928,12498375959,689,423,48811217568,139511032309,343,526,48811217568,65590168223,1
1364860791,734925041,7279257552,11185652041,689,244,43675545312,124832392135,343,526,43675545312,58689108629,1
1355657025,729969167,1446034160,2222073991,689,243,43381024800,123990601537,343,526,43381024800,58293346691,1
1343798607,723583865,7166925904,11013374177,689,296,43001555424,122906012383,343,526,43001555424,57783434717,1
1336695225,719758967,1425808240,2191054431,689,295,42774247200,122256326137,343,526,42774247200,57477989291,1
634074861,341424925,1690866296,2598651273,689,280,20290395552,57993524489,343,526,20290395552,27265266331,1
2522199267,1358107297,13451729424,20673877967,689,228,80710376544,230684474075,343,526,80710376544,108454757713,1
630063711,339265075,840084948,1291123349,689,279,20162038752,57626658539,343,526,20162038752,27092786881,1
2503923009,1348266235,13354256048,20524387549,689,227,80125536288,229012899401,343,526,80125536288,107668878619,1
618846375,333224971,165025700,253637067,689,304,19803084000,56600703731,343,526,19803084000,26610441433,1
615768729,331567777,1642049944,2523783887,689,303,19704599328,56319217493,343,526,19704599328,26478102655,1
568583019,306160087,189527673,291350804,689,204,18194656608,52003539863,343,526,18194656608,24449117125,1
563959257,303670369,1503891352,2311896431,689,203,18046696224,51580643477,343,526,18046696224,24250295359,1
4499837517,2422989431,23999133424,36893526077,689,370,143994800544,411562559749,343,526,143994800544,193493391695,1
4482932343,2413886645,23908972496,36755250423,689,369,143453834976,410016386527,343,526,143453834976,192766469213,1
554799249,298738057,1479464664,2274434347,689,212,17753575968,50742855053,343,526,17753575968,23856415015,1
550525551,296436835,734034068,1128478009,689,211,17616817632,50351976059,343,526,17616817632,23672646001,1
8699458689,4684323907,46397113008,71331436409,689,505,278382678048,795666870713,343,526,278382678048,374077480555,1
8682728547,4675315369,46307885584,71194592427,689,505,277847313504,794136706187,343,526,277847313504,373358084449,1
269081958,144890285,2870207552,4412800201,689,452,1076327832,3076335119,343,526,1076327832,1446318481,1
268308900,144474023,572392320,880030753,689,451,4292942400,12269987939,343,526,4292942400,5768653177,1
986222817,531043055,5259855024,8088587587,689,505,31559130144,90201580513,343,526,31559130144,42407675747,1
492925437,265421389,1314467832,2021386321,689,352,15773613984,45083781017,343,526,15773613984,21195841099,1
983903643,529794269,5247486096,8069617933,689,505,31484916576,89989465291,343,526,31484916576,42307951265,1
491073015,264423931,130952804,201381039,689,351,15714336480,44914355651,343,526,15714336480,21116186953,1
3910956939,2105899889,20858437008,32076784939,689,505,125150622048,357702636115,343,526,125150622048,168171526841,1
3903561837,2101917911,20818996464,32016296797,689,505,124913978784,357026268709,343,526,124913978784,167853537455,1
237583491,127929572,2534223904,3897517587,689,168,7602671712,21729782701,343,526,7602671712,10216113767,1
942421059,507457493,5026245648,7730311669,689,260,30157473888,86195404339,343,526,30157473888,40524200153,1
3763390377,2026440971,20071415344,30869766137,689,392,120428492064,344205971329,343,526,120428492064,161826164675,1
235205973,126649370,2508863712,3858623831,689,167,7526591136,21512331247,343,526,7526591136,10113880493,1
3751415271,2019992837,20007548112,30771815911,689,391,120045288672,343110709711,343,526,120045288672,161311235117,1
937126341,504606491,4998007152,7687003591,689,259,29988042912,85711141285,343,526,29988042912,40296527279,1
929702067,500608805,4958411024,7626276837,689,192,29750466144,85032105763,343,526,29750466144,39977283497,1
1852060083,997263121,9877653776,15192483103,689,476,59265922656,169392513323,343,526,59265922656,79638772801,1
1847494665,994804819,1970660976,3031028065,689,475,59119829280,168974953169,343,526,59119829280,79442459827,1
921898557,496406915,4916792304,7562448127,689,191,29500753824,84318384733,343,526,29500753824,39641732567,1
3680620443,1981872545,19629975696,30192750523,689,336,117779854176,336635705827,343,526,117779854176,158267057513,1
1838670135,990053149,1961248144,3016592039,689,500,58837444320,168167848079,343,526,58837444320,79063005037,1
1834425609,987767635,9783603248,15048242149,689,499,58701619488,167779637201,343,526,58701619488,78880490419,1
3662723421,1972235687,19534524912,30046362061,689,335,117207149472,334998816661,343,526,117207149472,157497485567,1
446789919,240579187,595719892,916351941,689,442,14297277408,40864155563,343,526,14297277408,19212013825,1
445608453,239943013,1188289208,1827871989,689,441,14259470496,40756096865,343,526,14259470496,19161210787,1
1768146825,952079059,1886023280,2901223137,689,505,56580698400,161717677649,343,526,56580698400,76030502707,1
1764777459,950264785,9412146448,14478555999,689,505,56472878688,161409510251,343,526,56472878688,75885619969,1
436579719,235081387,582106292,895473391,689,232,13970551008,39930314963,343,526,13970551008,18772975225,1
433793793,233581273,1156783448,1779553059,689,231,13881401376,39675509885,343,526,13881401376,18653180407,1
3430873335,1847393333,3659598224,5629989451,689,408,109787946720,313793451103,343,526,109787946720,147527931869,1
3421086129,1842123299,18245792688,28069892929,689,407,109474756128,312898298185,343,526,109474756128,147107082011,1
211421433,113842310,2255161952,3469533151,689,280,6765485856,19336960627,343,526,6765485856,9091145273,1
210084383,113122360,6722700256,10342981153,689,279,6722700256,19214671977,343,526,6722700256,9033652123,1
3328289997,1792156151,17750879984,27310868157,689,488,106505279904,304411021189,343,526,106505279904,143116848335,1
3320982411,1788221297,17711906192,27251095851,689,487,106271437152,303742658131,343,526,106271437152,142802622137,1
205056711,110415152,2187271584,3365412827,689,156,6561814752,18754833361,343,526,6561814752,8817462227,1
3261296499,1756082729,17393581328,26762895699,689,312,104361487968,298283692795,343,526,104361487968,140236127921,1
1627494027,876342937,8679968144,13355647927,689,505,52079808864,148853356355,343,526,52079808864,69982432393,1
1624649757,874811407,8664798704,13332383257,689,505,51988792224,148593215045,343,526,51988792224,69860128783,1
3248329545,1749100523,3464884848,5331366533,689,311,103946545440,297097715233,343,526,103946545440,139678548899,1
202854225,109229198,432755680,665876483,689,155,6491335200,18553390603,343,526,6491335200,8722755329,1
202657314,109123169,2161678016,3326161153,689,238,1621258512,4633845205,343,526,1621258512,2178572039,1
201446676,108471287,2148764544,3306356357,689,237,3223146816,9212327003,343,526,3223146816,4331115361,1
802089153,431894159,4277808816,6582468643,689,505,25666852896,73360432321,343,526,25666852896,34489928195,1
1601603877,862402087,8541887344,13143879777,689,505,51251324064,146485403405,343,526,51251324064,68869155943,1
800615967,431100905,4269951824,6570418737,689,505,25619710944,73225692463,343,526,25619710944,34426581197,1
1598584575,860776309,1705156880,2623836687,689,505,51154706400,146209253399,343,526,51154706400,68739325957,1
1546427847,832691917,8247615184,12692568147,689,424,49485691104,141438918815,343,526,49485691104,66496586653,1
1540928925,829730959,1643657520,2529517957,689,423,49309725600,140935978949,343,526,49309725600,66260133007,1
766703517,412840355,4089085424,6293032287,689,266,24534512544,70124007613,343,526,24534512544,32968345847,1
762896571,410790461,4068781712,6261893421,689,265,24412690272,69775818475,343,526,24412690272,32804647169,1
3018731319,1625470709,16099900368,24778836919,689,505,96599402208,276098308255,343,526,96599402208,129805825181,1
3014340933,1623106655,16076484976,24742925813,689,505,96458909856,275696756797,343,526,96458909856,129617038583,1
1505992647,810919117,8031960784,12361828947,689,348,48191764704,137740653215,343,526,48191764704,64757873053,1
1501135509,808303735,8006056048,12322100049,689,347,48036336288,137296411901,343,526,48036336288,64549016119,1
2967388599,1597824629,15826072528,24358879799,689,505,94956435168,271402424095,343,526,94956435168,127598088221,1
2962152225,1595005043,3159629040,4863209789,689,505,94788871200,270923497273,343,526,94788871200,127372924139,1
739413111,398145521,3943536592,6069810761,689,450,23661219552,67627985095,343,526,23661219552,31794858389,1
737794065,397273727,786980336,1211313559,689,449,23609410080,67479904657,343,526,23609410080,31725239411,1
710868309,382775243,3791297648,5836328919,689,388,22747785888,65017233589,343,526,22747785888,30567431903,1
1419293463,764234941,7569565136,11652674083,689,380,45417390816,129811012463,343,526,45417390816,61029808141,1
2838433773,1528387415,15138313456,23304095453,689,505,90829880736,259608017317,343,526,90829880736,122053030703,1
709015887,381777785,3781418064,5821177057,689,387,22688508384,64847808223,343,526,22688508384,30487777757,1
2834918547,1526494601,15119565584,23275342707,689,505,90717393504,259286509339,343,526,90717393504,121901875985,1
1415486517,762185047,7549261424,11621535217,689,379,45295568544,129462823325,343,526,45295568544,60866109463,1
174980379,94220204,1866457376,2873394883,689,144,5599372128,16004005765,343,526,5599372128,7524179951,1
172952925,93128498,368966240,568045563,689,143,5534493600,15818571703,343,526,5534493600,7436999429,1
1380439167,743313397,7362342224,11334865867,689,244,44174053344,126257338775,343,526,44174053344,59359073413,1
1371235401,738357523,7313255472,11259583781,689,243,43879532832,125415548177,343,526,43879532832,58963311475,1
170969229,92060354,1823671776,2807776583,689,188,5471015328,15637139815,343,526,5471015328,7351700501,1
1359376983,731972221,7250010576,11162588003,689,296,43500063456,124330959023,343,526,43500063456,58453399501,1
169838814,91451669,1811614016,2789284153,689,446,339677628,970859395,343,526,339677628,456443291,1
169612731,91329932,1809202464,2785585667,689,187,5427607392,15513072421,343,526,5427607392,7293371087,1
678020637,365088035,3616110064,5567651807,689,505,21696660384,62012934973,343,526,21696660384,29154982007,1
169496043,91267100,1807957792,2783676771,689,445,5423873376,15502399957,343,526,5423873376,7288353503,1
677218407,364656065,3611831504,5561089977,689,505,21670989024,61939561783,343,526,21670989024,29120486117,1
1352273601,728147323,7212125872,11104485981,689,295,43272755232,123681272777,343,526,43272755232,58147954075,1
669234411041734,411836560641067,685296036906735616,2135691859784185139,1293,474,10707750576667744,90037767926046211,645,1040,5353875288333872,29195351007123705,1
2667393107326825,1641472681431892,682852635475667200,2128079724556625843,1293,473,42678289717229200,358866964401619141,645,1040,170713158868916800,930920188870759821,1
1272186185647985,782883806552606,651359327051768320,2029965956005248563,1293,462,20354978970367760,171157971919349363,645,1040,81419915881471040,443992975997995713,1
2535072044353687,1560044334986884,648978443354543872,2022548587563895475,1293,461,40561152709658992,341064692160079267,645,1040,162244610838635968,884740137893134659,1
17741017276491305,10917549093225416,567712552847721760,1769374082523411203,1293,450,283856276423860880,2386849165894980593,645,1040,1135425105695443520,6191614984805048613,1
17675609725523039,10877298292629560,565619511216737248,1762853452826882531,1293,449,282809755608368624,2378049334614711575,645,1040,1131239022433474496,6168787749517123779,1
2090691433606003,1286579343757540,535217007003136768,1668137958930665651,1293,418,33451062937696048,281278408452563935,645,1040,133804251750784192,729651304742192943,1
33391658880049387,20548713156953464,534266542080790192,1665176895134124395,1293,686,534266542080790192,4492462404716099107,645,1040,2137066168323160768,11653688859756402399,1
33318273805752073,20503553111232040,533092380892033168,1661518931430689051,1293,685,533092380892033168,4482589289720252785,645,1040,2132369523568132672,11628077468826639813,1
520571635738939,320351775839347,533065354996673536,1661434735372068659,1293,417,520571635738939,4377306678048136,645,1040,33316584687292096,181679499476314185,1
8105673764485585,4988106931991128,22554918301177280,70299033712435621,1293,434,129690780231769360,1090524875700847369,645,1040,518763120927077440,2828880121460260749,1
8074944019008895,4969196319390088,516796417216569280,1610750736903282323,1293,433,129199104304142320,1086390543020944999,645,1040,516796417216569280,2818155440288895939,1
1974081207393133,1214819204549620,505364789092642048,1575136818517201331,1293,406,31585299318290128,265589848018232425,645,1040,126341197273160512,688954335793901313,1
982960263320357,604898623581758,21881550209566208,68201233119339589,1293,405,15727364213125712,132245961292347719,645,1040,62909456852502848,343053129105653541,1
7751406606036433,4770096372945496,496090022786331712,1546242354255234515,1293,430,124022505696582928,1042862317229496073,645,1040,496090022786331712,2705240883161506701,1
7721897910048883,4751937175414696,494201466243128512,1540358774255255315,1293,429,123550366560782128,1038892262669324923,645,1040,494201466243128512,2694942348261851751,1
121569396922075849,74811936567431272,486277587688303396,1515672844911377069,1293,698,1945110350753213584,16355759595163254001,645,1040,7780441403012854336,42427719168281136645,1
121316273362977127,74656168223370520,485265093451908508,1512518535944146841,1293,697,1941060373807634032,16321704740942972095,645,1040,7764241495230536128,42339379046155682667,1
29929250948644003,18418000583780920,478868015178304048,1492589176707148331,1293,634,478868015178304048,4026635368406251675,645,1040,1915472060713216192,10445308491695923383,1
29860017442609765,18375395349298312,20772186047032880,64745137074524221,1293,633,477760279081756240,4017320799017491501,645,1040,1911041116327024960,10421145998089974321,1
1860889919749855,1145163027538372,476387819455962880,1484862413110623923,1293,394,29774238715997680,250361266319148331,645,1040,119096954863990720,649450576406397291,1
463243362223816,285072838291579,474361202917187584,1478548723124439347,1293,393,7411893795581056,62324049127389397,645,1040,14823787591162112,80835966009768129,1
1751117570676169,1077610812723796,448286098093099264,1397314742710933427,1293,382,28017881130818704,235592663355311653,645,1040,112071524523274816,611140026579680877,1
871722654859703,536444710682894,446321999288167936,1391195819510955059,1293,381,13947562477755248,117280224584833577,645,1040,55790249911020992,304231203752885295,1
27835151074768903,17129323738319320,19363583356360976,60356797922815597,1293,578,445362417196302448,3744898393067209375,645,1040,1781449668785209792,9714467635713513483,1
27765184939041181,17086267654794568,444242959024658896,1384718809459253819,1293,577,444242959024658896,3735485256806610469,645,1040,1776971836098635584,9690049454344538505,1
6940100623802179,4270831153109032,444166439923339456,1384480423028220179,1293,442,111041609980834864,933710458542749131,645,1040,444166439923339456,2422095095361752055,1
6915394722471913,4255627521521176,442585262238202432,1379554446393754835,1293,441,110646315559550608,930386564586854113,645,1040,442585262238202432,2413472735797489221,1
428178891060679,263494702191187,438455184446135296,1366687665580007219,1293,378,1712715564242716,14401632280610299,645,1040,27403449027883456,149434431583601445,1
27333421839681277,16820567285957704,437334749434900432,1363197079583467835,1293,582,437334749434900432,3677396513669651077,645,1040,1749338997739601728,9539364132667932009,1
1705124706585229,1049307511744756,436511924885818624,1360633664642097587,1293,377,27281995305363664,229404854178769033,645,1040,109127981221454656,595088517011942817,1
27265897802931835,16779014032573432,436254364846909360,1359831266059341803,1293,581,436254364846909360,3668311933648514611,645,1040,1745017459387637440,9515798243842376751,1
1674720574305643,1030597276495780,428728467022244608,1336385199759424691,1293,374,26795529188890288,225314328997461655,645,1040,107182116755561152,584477474846367303,1
416802779986858,256494018453451,426806046706542592,1330396121083583795,1293,373,6668844479789728,56076004640278663,645,1040,6668844479789728,36366042204709479,1
52794791655087563,32489102556976952,422358333240700504,1316539782978460367,1293,736,844716666481401008,7102930028073382211,645,1040,3378866665925604032,18425382108863892159,1
52697474010803105,32429214775878824,421579792086424840,1314114327843986183,1293,735,843159584172849680,7089837061930803977,645,1040,3372638336691398720,18391418251008616317,1
818566300432475,503733107958446,419105945821427200,1306407345249185843,1293,370,13097060806919600,110128650439201133,645,1040,52388243227678400,285679636057782723,1
1629704549806015,1002895107572932,417204364750339840,1300483188835413683,1293,369,26075272796896240,219257942316704011,645,1040,104301091187584960,568766882295997131,1
6492463881083455,3995362388359048,415517688389341120,1295228543249225363,1293,422,103879422097335280,873486099849283879,645,1040,415517688389341120,2265869872152917379,1
6468164996249569,3980409228461272,413962559759972416,1290383719442345939,1293,421,103490639939993104,870216965266632601,645,1040,413962559759972416,2257389561345891165,1
206875638748350779,127308085383600440,206875638748350779,644862746964924133,1293,862,3310010219973612464,27832730093206830515,645,1040,13240040879894449856,72199597208127752559,1
206561706924692885,127114896569041736,206561706924692885,643884728591220694,1293,861,3304987310795086160,27790494188623933853,645,1040,13219949243180344640,72090035001671147553,1
1599951643920637,984585627028084,409587620843683072,1276754102049290675,1293,366,25599226302730192,215255032132586617,645,1040,102396905210920768,558383118142000209,1
796302498080489,490032306511070,407706879017210368,1270894867897587251,1293,365,12740839969287824,107133312722768555,645,1040,50963359877151296,277909569036939609,1
390794425868176,240488877457339,400173492089012224,1247425470159739187,1293,362,6252710813890816,52576880690003677,645,1040,12505421627781632,68193626615708949,1
6224687728115053,3830577063455416,398380014599363392,1241838097980448595,1293,458,99595003649840848,837459908192227333,645,1040,398380014599363392,2172415994766945081,1
1555912459012321,957484590161428,398313589507154176,1241631158270104499,1293,361,24894599344197136,209330067947613949,645,1040,99578397376788544,543013442608997925,1
6204296201646415,3818028431782408,397074956905370560,1237772341318394003,1293,457,99268739226342640,834716463592715959,645,1040,397074956905370560,2165299352029390419,1
24525740644352761,15092763473447848,392411850309644176,1223244970770169499,1293,534,392411850309644176,3299655405159683809,645,1040,1569647401238576704,8559483395498279925,1
24461147126377255,15053013616232152,391378354022036080,1220025232335698123,1293,533,391378354022036080,3290965092625902271,645,1040,1565513416088144320,8536940257724828331,1
1526810779521151,939575864320708,390863559557414656,1218421449580531379,1293,358,24428972472338416,205414772760686539,645,1040,97715889889353664,532856956466579595,1
379906734590011,233788759747699,389024496220171264,1212692059952965427,1293,357,379906734590011,3194504215983352,645,1040,24314031013760704,132587448975338313,1
745425436032989,458723345251070,381657823248890368,1189742040311667251,1293,354,11926806976527824,100288391067301055,645,1040,47707227906111296,260153474382362109,1
1483748434204147,913075959510244,379839599156261632,1184077572946170035,1293,353,23739974947266352,199621231071498847,645,1040,94959899789065408,517828197950945199,1
11777289466582631,7247562748666232,376873262930644192,1174836294704823395,1293,714,188436631465322096,1584498401315728991,645,1040,753746525861288384,4110273979146921387,1
11756043205471595,7234488126444056,376193382575091040,1172718205904830883,1293,713,188096691287545520,1581639962032405763,645,1040,752386765150182080,4102859034019169823,1
1455297981107185,895567988373652,372556283163439360,1161387242353146803,1293,350,23284767697714960,195793550881761421,645,1040,93139070790859840,507898989820105461,1
92864843426423815,57147595954722328,371459373705695260,1157969947504020953,1293,962,1485837494822781040,12493893128709761119,645,1040,5943349979291124160,32409829998298576779,1
92748965829904429,57076286664556552,370995863319617716,1156525934378163989,1293,961,1483983453278470864,12478303135147268341,645,1040,5935933813113883456,32369388717113311065,1
724138473272315,445623675859886,370758898315425280,1155787697249718323,1293,349,11586215572357040,97424475846653453,645,1040,46344862289428160,252724324378886883,1
92303079258120139,56801894928073912,369212317032480556,1150969501714390529,1293,886,1476849268129922224,12418314241758751171,645,1040,5907397072519688896,32213774303560593855,1
92176537829395597,56724023279628040,368706151317582388,1149392600833361621,1293,885,1474824605270329552,12401289552617272405,645,1040,5899298421081318208,32169611344935728697,1
22933370005565287,14112843080347864,366933920089044592,1143871418929070795,1293,754,366933920089044592,3085420309218199807,645,1040,1467735680356178368,8003746042561451499,1
22895313963153757,14089423977325384,366325023410460112,1141974471584249915,1293,753,366325023410460112,3080300307819910117,645,1040,1465300093641840448,7990464483759827529,1
355038026661193,218484939483811,15806910404393984,49276393726303045,1293,346,2840304213289544,23883134875270559,645,1040,22722433706316352,123908269908180831,1
1413212475381493,869669215619380,361782393697662208,1127822432863610291,1293,345,22611399606103888,190131431688358705,645,1040,90445598424415552,493211148321838953,1
5608708962493561,3451513207688344,358957373599587904,1119021408711917267,1293,618,89739343399896976,754587072725151217,645,1040,358957373599587904,1957439405565044373,1
5596946185748179,3444274575845032,358204555887883456,1116676091994684179,1293,617,89551138971970864,753004526838407131,645,1040,358204555887883456,1953334196480906055,1
5563082413249363,3423435331230376,356037274447959232,1109924176739535635,1293,470,89009318611989808,748448546984527963,645,1040,356037274447959232,1941515739878819271,1
11123783779994903,6845405403073784,355961080959836896,1109686804718846819,1293,484,177980540479918448,1496576751635580047,645,1040,711922161919673792,3882200494527804315,1
22197809793307351,13660190642035288,355164956692917616,1107206571425752139,1293,502,355164956692917616,2986459169892112879,645,1040,1420659826771670464,7747035528483431835,1
5546354035248145,3413140944768088,354966658255881280,1106588795525754323,1293,469,88741664563970320,746197936744210249,645,1040,354966658255881280,1935677535956394189,1
11091832985029073,6825743375402504,354938655520930336,1106501556236099459,1293,483,177469327760465168,1492278140835946457,645,1040,709877311041860672,3871049667084729645,1
1385413248678739,852561999186916,354665791661757184,1105651480367136947,1293,342,22166611978859824,186391366495811263,645,1040,88666447915439296,483509218202577807,1
1383947989291771,851660301102628,354290685258693376,1104482879649899699,1293,610,22143167828668336,186194232752133799,645,1040,88572671314673344,482997842676525975,1
22137123633697093,13622845313044360,354193978139153488,1104181599777486971,1293,501,354193978139153488,2978294547341471245,645,1040,1416775912556613952,7725856058779451793,1
1381017470517835,849856904934052,353540472452565760,1102145678215425203,1293,609,22096279528285360,185799965264778871,645,1040,88385118113141440,481975091624422311,1
344638755178684,212085387802267,352910085302972416,1100181779787845939,1293,341,5514220082858944,46367167764163561,645,1040,11028440165717888,60139462080392595,1
21894134785358233,13473313714066600,350306156565731728,1092069540260288411,1293,498,350306156565731728,2945603201514958465,645,1040,1401224626262926912,7641052950709189653,1
21833937045543631,13436268951103768,349342992728698096,1089068914460299019,1293,497,349342992728698096,2937504290212209319,645,1040,1397371970914792384,7620043939513893555,1
174007672809578087,107081644805894168,174007672809578087,542466391540286131,1293,824,2784122764953249392,23410724521905796799,645,1040,11136491059812997568,60728677095496083051,1
173756747139559817,106927229008959848,173756747139559817,541684661568306136,1293,823,2780107954232957072,23376965368301031089,645,1040,11120431816931828288,60641104036659706821,1
675540703604543,415717356064334,345876840245526016,1078270516339647539,1293,338,10808651257672688,90886206681350897,645,1040,43234605030690752,235763702764834455,1
21511091560615015,13237594806532312,344177464969840240,1072976308750011083,1293,866,344177464969840240,2894069155355274751,645,1040,1376709859879360960,7507370865273806571,1
1344304582544359,827264358488836,344141973131355904,1072865738022425267,1293,337,21508873320709744,180860669798193523,645,1040,86035493282838976,469162293721679187,1
21482152687722397,13219786269367624,343714443003558352,1071533817239671355,1293,865,343714443003558352,2890175763917644837,645,1040,1374857772014233408,7497271198634282889,1
2676800650515499,1647261938778768,342630483265983872,1068156865749535475,1293,474,42828810408247984,360132640212651659,645,1040,171315241632991936,934203415857304943,1
666814028418847,410347094411598,341408782550449664,1064350798135755827,1293,473,10669024454701552,89712133227521489,645,1040,42676097818806208,232718093125026551,1
2646014888742551,1628316854610800,338689905759046528,1055880451208692211,1293,468,42336238219880816,355990771186429655,645,1040,169344952879523264,923459184998546091,1
2638159470362417,1623482750992256,337684412206389376,1052747952063875699,1293,467,42210551525798672,354933915282825473,645,1040,168842206103194688,920717643983879325,1
1317156582235813,810557896760500,337192085052368128,1051214163622501811,1293,334,21074505315773008,177208219602836065,645,1040,84298021263092032,459687641613996633,1
20994384118460605,12919620995975752,335910145895369680,1047220430094929723,1293,530,335910145895369680,2824552131022346821,645,1040,1343640583581478720,7327039967961917481,1
655230580435181,403218818729342,335478057182812672,1045874307567348275,1293,333,10483689286962896,88153713956488271,645,1040,41934757147851584,228675469778727117,1
20942408111872879,12887635761152536,335078529789966064,1044629626074249227,1293,529,335078529789966064,2817559359059121223,645,1040,1340314119159864256,7308900341662801107,1
10402184233562801,6401344143730952,332869895474009632,1037748880705308035,1293,672,166434947737004816,1399493858811753401,645,1040,665739790948019264,3630362252823000717,1
10383339369780407,6389747304480248,332266859832973024,1035870192746693987,1293,671,166133429916486512,1396958499830568239,645,1040,664533719665946048,3623785395362945211,1
320909693439730,197482888270603,328611526082283520,1024482422215699763,1293,330,5134555095035680,43174696304053519,645,1040,5134555095035680,27999370403472561,1
1277024755692745,785861388118612,326918337457342720,1019207488422614963,1293,329,20432396091083920,171808945401003301,645,1040,81729584364335680,445681634150465901,1
2544235377644533,1565683309319712,325662128338500224,1015293913860067187,1293,462,40707766042312528,342297512347165541,645,1040,162831064169250112,887938135625337809,1
10160579241311633,6252664148499464,325138535721972256,1013662721477806979,1293,538,162569267860986128,1366988694854269337,645,1040,650277071443944512,3546042110527343085,1
289542,186133,1158168,1947463,157,74,193028,613743,77,119,144771,145055,1
2546378,1636947,10185512,17136167,157,73,5092756,16192811,77,119,1273189,1275745,1
182314,117201,2917024,4926529,157,90,364628,1159423,77,119,91157,91370,1
537562,345573,8600992,14533027,157,89,1075124,3418639,77,119,268781,269420,1
335578,215727,2684624,4544729,157,106,671156,2134171,77,119,167789,168215,1
165514,106401,2648224,4484929,157,105,331028,1052623,77,119,82757,82970,1
72992,46923,2335744,3971569,157,54,72992,232117,77,119,72992,73205,1
212116,136359,6787712,11554067,157,53,106058,337273,77,119,212116,212755,1
2614230,1680557,10456920,17940119,157,74,1742820,5542903,77,119,1307115,1311943,1
2554730,1642307,10218920,17549119,157,73,5109460,16250459,77,119,1277365,1282193,1
81803,52587,5235392,9003827,157,88,327212,1040707,77,119,163606,164245,1
8957,5758,573248,986523,157,87,35828,113953,77,119,17914,17985,1
2605398,1674877,10421592,17971597,157,74,1736932,5524567,77,119,1302699,1308095,1
2412386,1550799,4824772,8329237,157,102,4824772,15346127,77,119,1206193,1211305,1
2545898,1636627,10183592,17580597,157,73,5091796,16195451,77,119,1272949,1278345,1
2386486,1534149,4772972,8244137,157,101,4772972,15181477,77,119,1193243,1198355,1
549030,352943,8784480,15192539,157,90,366020,1164227,77,119,274515,275722,1
539650,346913,8634400,14945979,157,89,1079300,3433051,77,119,269825,271032,1
67453,43362,4316992,7495027,157,64,269812,858257,77,119,134906,135545,1
1010910,649861,8087280,14047139,157,106,673940,2143779,77,119,505455,507869,1
498630,320543,7978080,13867739,157,105,332420,1057427,77,119,249315,250522,1
65983,42417,4222912,7340467,157,63,263932,839567,77,119,131966,132605,1
130216,83709,4166912,7248467,157,42,130216,414221,77,119,130216,130855,1
546822,351523,8749152,15224017,157,90,364548,1159643,77,119,273411,274760,1
258122,165933,4129952,7187747,157,66,516244,1642199,77,119,129061,129700,1
2615286,1681229,10461144,18215609,157,74,1743524,5546279,77,119,1307643,1314175,1
537442,345493,8599072,14977457,157,89,1074884,3419299,77,119,268721,270070,1
84314,54201,1349024,2350529,157,65,168628,536423,77,119,42157,42370,1
125036,80379,4001152,6976147,157,41,31259,99439,77,119,125036,125675,1
2555786,1642979,10223144,17824609,157,73,5111572,16260587,77,119,1277893,1284425,1
165478,106377,1323824,2309129,157,98,330956,1052821,77,119,82739,83165,1
491674,316071,3933392,6864827,157,97,983348,3128203,77,119,245837,247115,1
318146,204519,1272584,2224949,157,110,636292,2024207,77,119,159073,159925,1
1006494,647021,8051952,14078617,157,106,670996,2134611,77,119,503247,505945,1
105302,67693,421208,736743,157,109,210604,669989,77,119,52651,52935,1
78434,50421,1254944,2195969,157,100,156868,499043,77,119,39217,39430,1
496422,319123,7942752,13899217,157,105,330948,1052843,77,119,248211,249560,1
116636,74979,3732352,6534547,157,99,29159,92764,77,119,116636,117275,1
220020,141439,7040640,12327659,157,54,36670,116659,77,119,220020,221227,1
3639322,2339523,1819661,3190856,157,134,7278644,23156179,77,119,1819661,1829885,1
3621262,2327913,1810631,3176021,157,133,7242524,23041369,77,119,1810631,1820855,1
18821,12099,1204544,2113169,157,146,75284,239509,77,119,37642,37855,1
213160,137029,6821120,11967019,157,53,213160,678149,77,119,213160,214367,1
112436,72279,3597952,6313747,157,145,56218,178853,77,119,112436,113075,1
1182914,760431,591457,1038817,157,130,2365828,7526783,77,119,591457,594865,1
3531242,2270043,1765621,3102076,157,129,7062484,22469099,77,119,1765621,1775845,1
1153654,741621,576827,1014782,157,126,2307308,7340773,77,119,576827,580235,1
3444022,2213973,1722011,3030431,157,125,6888044,21914629,77,119,1722011,1732235,1
549294,353111,8788704,15468029,157,90,4412,14037,77,119,274647,276280,1
539914,347081,8638624,15221469,157,89,1079828,3435583,77,119,269957,271590,1
3375982,2170233,1687991,2974541,157,122,6751964,21482089,77,119,1687991,1698215,1
3359602,2159703,1679801,2961086,157,121,6719204,21377959,77,119,1679801,1690025,1
104036,66879,3329152,5872147,157,38,52018,165503,77,119,104036,104675,1
218916,140729,7005312,12359137,157,54,18243,58043,77,119,218916,220265,1
2211338,1421547,2211338,3901463,157,153,4422676,14071451,77,119,1105669,1112485,1
6612874,4251051,6612874,11669659,157,153,13225748,42079963,77,119,3306437,3326885,1
3304582,2124333,1652291,2915891,157,138,6609164,21028189,77,119,1652291,1662515,1
1097374,705441,548687,968552,157,137,2194748,6982993,77,119,548687,552095,1
6464614,4155741,6464614,11426089,157,152,12929228,41137453,77,119,3232307,3252755,1
6444874,4143051,6444874,11393659,157,151,12889748,41011963,77,119,3222437,3242885,1
212056,136319,6785792,11998497,157,53,212056,674711,77,119,212056,213405,1
99416,63909,3181312,5629267,157,37,99416,316321,77,119,99416,100055,1
198202,127413,3171232,5612707,157,82,396404,1261279,77,119,99101,99740,1
1011438,650197,8091504,14322629,157,106,8124,25849,77,119,505719,508985,1
524782,337353,1049564,1858559,157,74,1049564,3339529,77,119,262391,264095,1
196102,126063,3137632,5557507,157,81,392204,1247929,77,119,1381,1390,1
498894,320711,7982304,14143229,157,105,332596,1058271,77,119,249447,251080,1
193862,124623,3101792,5498627,157,50,387724,1233689,77,119,96931,97570,1
512882,329703,1025764,1819459,157,73,1025764,3263879,77,119,256441,258145,1
763898,491067,3055592,5422727,157,70,1527796,4861331,77,119,381949,384505,1
188402,121113,3014432,5355107,157,49,376804,1198979,77,119,94201,94840,1
752558,483777,3010232,5348207,157,69,1505116,4789241,77,119,376279,378835,1
324118,208357,162059,288619,157,118,648236,2062741,77,119,162059,163195,1
2907682,1869183,1453841,2589866,157,117,5815364,18505039,77,119,1453841,1464065,1
240446,154569,961784,1714349,157,140,480892,1530257,77,119,120223,121075,1
719798,462717,2879192,5132927,157,139,1439596,4580981,77,119,5069,5105,1
82325,52922,5268800,9416779,157,88,329300,1047913,77,119,164650,165857,1
2625958,1688077,5251916,9389041,157,74,5251916,16712941,77,119,1312979,1322635,1
220152,141523,7044864,12603149,157,54,73384,233529,77,119,220152,221785,1
81135,52157,5192640,9291659,157,87,108180,344261,77,119,162270,163477,1
1360706,874719,2721412,4873717,157,144,2721412,8660447,77,119,680353,685465,1
452962,291183,905924,1622579,157,143,905924,2882959,77,119,226481,228185,1
2566458,1649827,5132916,9193541,157,73,1710972,5444897,77,119,1283229,1292885,1
56314,36201,901024,1614529,157,86,112628,358423,77,119,28157,28370,1
55894,35931,894304,1603489,157,85,111788,355753,77,119,27947,28160,1
37146,23879,297168,532963,157,78,24764,78809,77,119,18573,18715,1
213292,137113,6825344,12242509,157,53,106646,339391,77,119,213292,214925,1
41623,26757,2663872,4779187,157,48,166492,529847,77,119,83246,83885,1
110458,71007,883664,1586009,157,77,220916,703051,77,119,55229,55655,1
110290,70899,882320,1583801,157,90,220580,701983,77,119,55145,55571,1
36138,23231,289104,519715,157,89,24092,76673,77,119,18069,18211,1
54074,34761,865184,1555649,157,108,108148,344183,77,119,27037,27250,1
107938,69387,863504,1552889,157,107,215876,687031,77,119,53969,54395,1
40433,25992,2587712,4654067,157,47,161732,514717,77,119,80866,81505,1
80656,51849,2580992,4643027,157,34,80656,256691,77,119,1136,1145,1
2429090,1561519,4858180,8742189,157,102,4858180,15461423,77,119,1214545,1224201,1
2403190,1544869,4806380,8657089,157,101,4806380,15296773,77,119,1201595,1211251,1
1268026,815139,2536052,4569197,157,116,2536052,8071267,77,119,634013,639125,1
422162,271383,844324,1521379,157,115,844324,2687159,77,119,211081,212785,1
209506,134679,838024,1511029,157,114,419012,1333567,77,119,104753,105605,1
134679,71828,89786,91099,261,86,1077432,2109691,129,192,1077432,763045,1
132249,70532,6782,6883,261,85,1057992,2071621,129,192,1057992,749275,1
129999,69332,86666,87979,261,50,1039992,2036371,129,192,61176,43325,1
125649,67012,83766,85079,261,49,1005192,1968221,129,192,1005192,711875,1
102339,54580,68226,69539,261,98,818712,1603031,129,192,818712,579785,1
134687,71832,134687,137313,261,86,153928,301389,129,192,1077496,763045,1
100929,53828,67286,68599,261,97,807432,1580941,129,192,47496,33635,1
132257,70536,132257,134883,261,85,1058056,2071653,129,192,1058056,749275,1
130007,69336,130007,132633,261,50,1040056,2036403,129,192,1040056,736525,1
125657,67016,125657,128283,261,49,143608,281179,129,192,1005256,711875,1
13909,7418,55636,56949,261,42,15896,31123,129,192,111272,78795,1
20331,10843,54216,55529,261,104,162648,318449,129,192,162648,115175,1
20106,10723,53616,54929,261,103,40212,78731,129,192,40212,28475,1
40137,21406,53516,54829,261,41,321096,628673,129,192,18888,13375,1
102347,54584,102347,104973,261,98,116968,229009,129,192,818776,579785,1
100937,53832,100937,103563,261,97,807496,1580973,129,192,807496,571795,1
90917,48488,90917,93543,261,74,727336,1423993,129,192,727336,515015,1
725911,387144,725911,746919,261,173,5807288,11369619,129,192,5807288,4112045,1
2167983,1156232,722661,743669,261,173,17343864,33956107,129,192,17343864,12280885,1
89447,47704,89447,92073,261,73,715576,1400963,129,192,715576,506685,1
10999,5866,43996,45309,261,34,87992,172271,129,192,5176,3665,1
1012719,540104,337573,348077,261,173,8101752,15861451,129,192,8101752,5736565,1
336263,179336,336263,346767,261,173,2690104,5266627,129,192,2690104,1904765,1
31407,16750,41876,43189,261,33,251256,491903,129,192,251256,177905,1
41731,22256,41731,43044,261,42,333848,653599,129,192,333848,236385,1
20333,10844,40666,41979,261,104,162664,318457,129,192,162664,115175,1
5027,2681,40216,41529,261,103,40216,78733,129,192,40216,28475,1
40141,21408,40141,41454,261,41,321128,628689,129,192,321128,227375,1
1913193,1020344,637731,658739,261,173,15305544,29964397,129,192,15305544,10837075,1
238581,127240,79527,82153,261,173,272664,533807,129,192,1908648,1351415,1
1906803,1016936,635601,656609,261,173,15254424,29864287,129,192,15254424,10800865,1
29697,15838,39596,40909,261,173,237576,465113,129,192,237576,168215,1
2481529,1323448,2481529,2565561,261,173,19852232,38865341,129,192,19852232,14056195,1
2474659,1319784,2474659,2558691,261,173,19797272,38757711,129,192,19797272,14017265,1
13401,7147,35736,37049,261,30,107208,209879,129,192,107208,75905,1
2287099,1219752,2287099,2371131,261,173,18296792,35819271,129,192,18296792,12954425,1
2282029,1217048,2282029,2366061,261,173,18256232,35739841,129,192,1073896,760335,1
840249,448120,280083,290587,261,173,6721992,13159421,129,192,6721992,4759235,1
838359,447112,279453,289957,261,173,6706872,13129811,129,192,6706872,4748525,1
834069,444824,278023,288527,261,132,6672552,13062601,129,192,6672552,4724215,1
830259,442792,276753,287257,261,131,6642072,13002911,129,192,6642072,4702625,1
272783,145480,272783,283287,261,74,311752,610301,129,192,2182264,1545045,1
17033,9084,34066,35379,261,114,136264,266757,129,192,136264,96475,1
2177989,1161560,2177989,2262021,261,173,17423912,34109881,129,192,1024936,725655,1
12756,6803,34016,35329,261,106,51024,99887,129,192,51024,36125,1
407727,217448,135909,141161,261,173,3261816,6385483,129,192,3261816,2309365,1
16943,9036,33886,35199,261,113,135544,265347,129,192,135544,95965,1
406617,216856,135539,140791,261,173,3252936,6368093,129,192,3252936,2303075,1
2168239,1156360,2168239,2252271,261,173,17345912,33957131,129,192,17345912,12280885,1
12681,6763,33816,35129,261,105,101448,198599,129,192,101448,71825,1
4217,2249,33736,35049,261,29,33736,66043,129,192,33736,23885,1
25287,13486,33716,35029,261,90,202296,396023,129,192,202296,143225,1
268373,143128,268373,278877,261,73,306712,600431,129,192,2146984,1520055,1
8359,4458,2572,2673,261,89,66872,130911,129,192,66872,47345,1
99483,53056,33161,34474,261,56,795864,1558007,129,192,795864,563465,1
24777,13214,33036,34349,261,70,198216,388033,129,192,198216,140335,1
33001,17600,33001,34314,261,34,264008,516829,129,192,264008,186915,1
8149,4346,32596,33909,261,69,65192,127621,129,192,65192,46155,1
3126621,1667480,1042207,1084223,261,173,25012968,48965809,129,192,25012968,17708815,1
32551,17360,32551,33864,261,55,260408,509779,129,192,260408,184365,1
3120831,1664392,1040277,1082293,261,173,3566664,6982157,129,192,24966648,17676005,1
194841,103912,64947,67573,261,173,1558728,3051389,129,192,1558728,1103555,1
64817,34568,64817,67443,261,173,518536,1015093,129,192,518536,367115,1
8059,4298,32236,33549,261,82,64472,126211,129,192,64472,45645,1
23937,12766,316,329,261,81,191496,374873,129,192,191496,135575,1
1012847,540168,1012847,1054863,261,173,8102776,15861963,129,192,8102776,5736565,1
1008917,538072,77609,80841,261,173,1153048,2257199,129,192,8071336,5714295,1
125659,67016,125659,130911,261,148,1005272,1967911,129,192,1005272,711705,1
31411,16752,311,324,261,33,251288,491919,129,192,251288,177905,1
375867,200456,125289,130541,261,147,3006936,5886343,129,192,3006936,2128825,1
124099,66184,124099,129351,261,120,992792,1943471,129,192,992792,702865,1
494971,263976,494971,515979,261,173,3959768,7751559,129,192,3959768,2803385,1
494761,263864,494761,515769,261,173,3958088,7748269,129,192,3958088,2802195,1
370887,197800,123629,128881,261,119,2967096,5808323,129,192,2967096,2100605,1
494191,263560,494191,515199,261,173,3953528,7739339,129,192,3953528,2798965,1
1481823,790280,493941,514949,261,173,1693512,3315181,129,192,11854584,8392645,1
91113,48592,30371,31684,261,160,728904,1426877,129,192,728904,516035,1
91053,48560,30351,31664,261,94,728424,1425937,129,192,728424,515695,1
30301,16160,30301,31614,261,159,242408,474529,129,192,242408,171615,1
45369,24196,30246,31559,261,96,362952,710501,129,192,362952,256955,1
22677,12094,30236,31549,261,110,181416,355133,129,192,181416,128435,1
90483,48256,30161,31474,261,93,723864,1417007,129,192,723864,512465,1
22587,12046,30116,31429,261,109,180696,353723,129,192,180696,127925,1
45099,24052,30066,31379,261,95,360792,706271,129,192,360792,255425,1
1913449,1020472,1913449,1997481,261,173,15307592,29965421,129,192,15307592,10837075,1
238613,127256,238613,249117,261,173,1908904,3736777,129,192,1908904,1351415,1
1907059,1017064,1907059,1991091,261,173,2179496,4266473,129,192,15256472,10800865,1
29701,15840,29701,31014,261,173,33944,66447,129,192,237608,168215,1
14723,7852,29446,30759,261,142,117784,230567,129,192,117784,83385,1
1411233,752632,470411,491419,261,173,11289864,22100357,129,192,11289864,7992635,1
11016,5875,29376,30689,261,141,44064,86257,129,192,2592,1835,1
469681,250488,469681,490689,261,173,3757448,7355349,129,192,3757448,2660075,1
349377,186328,116459,121711,261,128,399288,781619,129,192,2795016,1978715,1
7445611,3970856,7445611,7781739,261,173,59564888,116600119,129,192,59564888,42168585,1
29071,15504,29071,30384,261,168,33224,65037,129,192,232568,164645,1
116149,61944,116149,121401,261,127,929192,1818921,129,192,929192,657815,1
87063,46432,29021,30334,261,167,696504,1363427,129,192,696504,493085,1
1392423,742600,464141,485149,261,173,11139384,21805667,129,192,11139384,7886045,1
7425001,3959864,7425001,7761129,261,173,59400008,116277229,129,192,59400008,42051795,1
1391373,742040,463791,484799,261,173,11130984,21789217,129,192,11130984,7880095,1
57120,32119,9520,10411,61,44,3360,5239,29,44,57120,32119,1
55552,31237,27776,30449,61,44,55552,86613,29,44,55552,31237,1
49216,27673,24608,27281,61,44,49216,76713,29,44,49216,27673,1
47776,26863,23888,26561,61,44,47776,74463,29,44,47776,26863,1
57168,32143,1588,1777,61,44,57168,89087,29,44,57168,32143,1
55600,31261,13900,15601,61,44,55600,86637,29,44,55600,31261,1
49264,27697,12316,14017,61,44,49264,76737,29,44,49264,27697,1
6832,3841,1708,1951,61,44,6832,10641,29,44,6832,3841,1
57216,32167,9536,10913,61,44,57216,89111,29,44,57216,32167,1
55648,31285,27824,31955,61,44,55648,86661,29,44,55648,31285,1
57232,32175,14308,16495,61,44,57232,89119,29,44,57232,32175,1
55664,31293,13916,16103,61,44,55664,87551,29,44,55664,31293,1
49312,27721,24656,28787,61,44,98624,158855,29,44,49312,27721,1
2816,1583,1408,1651,61,44,5632,9175,29,44,2816,1583,1
30720,17269,5120,6011,61,38,20480,33471,29,44,30720,17269,1
49328,27729,12332,14519,61,44,49328,81215,29,44,49328,27729,1
29664,16675,1648,1945,61,37,19776,32767,29,44,29664,16675,1
14760,8297,1640,1937,61,26,19680,32671,29,44,14760,8297,1
47888,26919,11972,14159,61,44,47888,79775,29,44,47888,26919,1
7196,4045,14392,17065,61,22,57568,96541,29,44,7196,4045,1
13896,7811,1544,1841,61,25,18528,31519,29,44,13896,7811,1
6652,3739,13304,15977,61,21,53216,92189,29,44,6652,3739,1
1587,892,4232,5123,61,44,16928,29919,29,44,1587,892,1
25376,14263,12688,15361,61,34,50752,89725,29,44,25376,14263,1
564,317,376,457,61,44,1504,2685,29,44,564,317,1
24448,13741,12224,14897,61,33,48896,87869,29,44,24448,13741,1
30768,17293,2564,3131,61,38,10256,18523,29,44,30768,17465,1
29712,16699,2476,3043,61,37,9904,18171,29,44,29712,17465,1
2112,1187,352,433,61,26,1408,2589,29,44,4224,2495,1
7208,4051,7208,8909,61,22,28832,53633,29,44,28832,17465,1
13920,7823,2320,2887,61,25,9280,17547,29,44,5568,3493,1
10920,6137,3640,4531,61,28,14560,27551,29,44,8736,5489,1
984,553,328,409,61,44,1312,2493,29,44,3936,2495,1
10728,6029,1192,1489,61,44,14304,27295,29,44,42912,27445,1
952,535,952,1195,61,21,3808,7351,29,44,3808,2495,1
10440,5867,1160,1457,61,27,13920,26911,29,44,8352,5489,1
20352,11437,3392,4283,61,44,13568,26559,29,44,40704,27445,1
20192,11347,10096,12769,61,42,40384,79357,29,44,40384,27445,1
3180,1787,2120,2687,61,44,8480,16747,29,44,5088,3493,1
3632,2041,908,1151,61,34,3632,7175,29,44,3632,2495,1
30816,17317,1712,2171,61,38,20544,40621,29,44,61632,42415,1
19776,11113,3296,4187,61,41,13184,26175,29,44,39552,27445,1
888,499,296,377,61,44,1184,2365,29,44,3552,2495,1
29760,16723,4960,6337,61,37,19840,39917,29,44,11904,8483,1
24496,13765,6124,7825,61,33,24496,49297,29,44,24496,17465,1
14808,8321,4936,6313,61,26,19744,39821,29,44,59232,42415,1
30832,17325,7708,9895,61,38,30832,62719,29,44,30832,22455,1
7220,4057,14440,18571,61,22,57760,117991,29,44,11552,8483,1
29776,16731,7444,9631,61,37,29776,61663,29,44,29776,22455,1
14816,8325,7408,9595,61,26,29632,61519,29,44,29632,22455,1
13944,7835,4648,6025,61,25,18592,38669,29,44,55776,42415,1
2408,1353,2408,3137,61,22,9632,20261,29,44,9632,7485,1
4412,2479,8824,11497,61,18,35296,74269,29,44,35296,27445,1
4348,2443,8696,11369,61,44,34784,73757,29,44,34784,27445,1
2166,1217,2888,3779,61,44,11552,24543,29,44,34656,27445,1
6676,3751,13352,17483,61,21,53408,113639,29,44,53408,42415,1
10944,6149,608,797,61,28,7296,15563,29,44,21888,17465,1
13952,7839,6976,9163,61,25,27904,59791,29,44,27904,22455,1
10848,6095,1808,2375,61,44,7232,15499,29,44,21696,17465,1
1536,863,256,337,61,44,1024,2205,29,44,3072,2495,1
1593,895,472,625,61,44,16992,37069,29,44,50976,42415,1
25472,14311,12736,16867,61,34,50944,111175,29,44,50944,42415,1
10464,5879,1744,2311,61,27,6976,15243,29,44,20928,17465,1
6680,3753,6680,8867,61,21,26720,58607,29,44,5344,4491,1
6228,3499,1384,1843,61,44,16608,36685,29,44,49824,42415,1
20400,11461,1700,2267,61,44,6800,15067,29,44,4080,3493,1
3996,2245,296,395,61,17,10656,23647,29,44,31968,27445,1
235476,132293,52328,69851,63,44,627936,1394405,30,45,1883808,1619255,1
243372,136729,162248,216599,63,44,648992,1441443,30,45,1946976,1674145,1
470424,264289,156808,209377,63,44,627232,1393701,30,44,1881696,1619255,1
37502,21069,150008,200309,63,44,600032,1333433,30,44,600032,516465,1
486216,273161,18008,24047,63,44,648288,1440739,30,44,1944864,1674145,1
470264,264199,470264,627971,63,44,1881056,4180463,30,44,1881056,1619255,1
243084,136567,162056,216407,63,44,648224,1440675,30,44,1944672,1674145,1
21372,12007,14248,19027,63,44,56992,126671,30,44,170976,147205,1
243052,136549,486104,649157,63,44,1944416,4321769,30,44,1944416,1674145,1
116454,65425,155272,207355,63,44,621088,1380471,30,44,1863264,1604285,1
235060,132059,470120,627827,63,44,1880480,4179887,30,44,376096,323851,1
486056,273071,486056,649109,63,44,1944224,4321577,30,44,1944224,1674145,1
22084,12407,44168,58991,63,44,176672,392795,30,44,176672,152195,1
234932,131987,469864,627571,63,44,1879456,4178863,30,44,1879456,1619255,1
469848,263965,156616,209185,63,44,626464,1392933,30,44,1879392,1619255,1
485640,272837,53960,72077,63,44,647520,1439971,30,44,388512,334829,1
20240,11371,5060,6761,63,42,20240,45041,30,44,4048,3493,1
14448,8117,1204,1609,63,44,4816,10721,30,44,14448,12475,1
468792,263371,52088,69611,63,44,625056,1391525,30,44,1875168,1619255,1
484680,272297,161560,215911,63,44,646240,1438691,30,44,387744,334829,1
158896,89269,39724,53089,63,44,158896,353761,30,44,158896,137225,1
24544,13789,12272,16403,63,33,49088,109319,30,45,49088,42415,1
483720,271757,161240,215591,63,44,644960,1437411,30,45,386976,334829,1
467736,262777,155912,208481,63,44,623648,1390117,30,45,1870944,1619255,1
5315,2986,42520,56857,63,44,170080,379117,30,45,34016,29441,1
60439,33955,483512,646565,63,44,1934048,4311401,30,45,1934048,1674145,1
83924,47149,167848,224467,63,44,671392,1496911,30,45,671392,581335,1
58433,32828,467464,625171,63,44,1869856,4169263,30,45,1869856,1619255,1
483304,271523,483304,646357,63,44,1933216,4310569,30,45,1933216,1674145,1
60407,33937,483256,646309,63,44,1933024,4310377,30,45,1933024,1674145,1
116850,65647,155800,208369,63,44,623200,1389669,30,45,373920,323851,1
243780,136957,162520,217357,63,44,650080,1449617,30,45,390048,337823,1
120798,67865,17896,23935,63,44,644256,1436707,30,45,1932768,1674145,1
126725,67089,1013800,1040581,157,74,40552,72447,77,119,202760,126701,1
123835,65559,990680,1017461,157,73,198136,353973,77,119,198136,123811,1
633641,335453,298184,307111,157,74,5069128,9055939,77,119,298184,186325,1
619191,327803,291384,300311,157,73,4953528,8849389,77,119,291384,182075,1
133021,70422,4256672,4390577,157,90,152024,271587,77,119,1064168,664955,1
43581,23072,1394592,1439227,157,89,348648,622849,77,119,348648,217855,1
244877,129639,3918032,4051937,157,106,1959016,3499683,77,119,1959016,1224085,1
120781,63942,3864992,3998897,157,105,966248,1726149,77,119,966248,603755,1
133025,70424,250400,259327,157,90,42568,76045,77,119,12520,7823,1
130747,69218,246112,255039,157,89,1045976,1868563,77,119,61528,38445,1
244885,129643,230480,239407,157,106,391816,699943,77,119,23048,14401,1
120785,63944,227360,236287,157,105,27608,49319,77,119,11368,7103,1
106552,56409,3409664,3543569,157,54,426208,761379,77,119,426208,266305,1
20644,10929,660608,687389,157,53,82576,147513,77,119,82576,51595,1
126741,67097,1013928,1058563,157,74,1013928,1811239,77,119,1013928,633505,1
106556,56411,200576,209503,157,54,426224,761387,77,119,25072,15665,1
123851,65567,990808,1035443,157,73,141544,252847,77,119,990808,619055,1
103224,54647,194304,203231,157,53,412896,737573,77,119,24288,15175,1
133041,70432,4257312,4480487,157,90,1064328,1901189,77,119,1064328,664955,1
79658,42171,2549056,2682961,157,88,159316,284583,77,119,159316,99535,1
78502,41559,2512064,2645969,157,87,39251,70113,77,119,78502,49045,1
130763,69226,4184416,4407591,157,89,1046104,1868627,77,119,1046104,653565,1
633753,335509,5070024,5346761,157,74,5070024,9056387,77,119,5070024,3167525,1
619303,327859,4954424,5231161,157,73,4954424,8849837,77,119,4954424,3095275,1
244917,129659,3918672,4141847,157,106,1959336,3499843,77,119,1959336,1224085,1
195801,103657,783204,827839,157,102,1566408,2797979,77,119,1566408,978605,1
581113,307641,2324452,2458357,157,101,4648904,8304027,77,119,4648904,2904365,1
120801,63952,3865632,4088807,157,105,966408,1726229,77,119,966408,603755,1
79662,42173,149952,158879,157,88,159324,284587,77,119,9372,5855,1
78506,41561,147776,156703,157,87,39253,70114,77,119,4618,2885,1
21906,11597,700992,745627,157,64,10953,19564,77,119,21906,13685,1
587435,310987,138220,147147,157,102,939896,1678813,77,119,55288,34539,1
133053,70438,4257696,4534433,157,90,1064424,1901237,77,119,1064424,664955,1
4286,2269,137152,146079,157,63,8572,15311,77,119,8572,5355,1
633801,335533,5070408,5400707,157,74,724344,1293797,77,119,5070408,3167525,1
581145,307657,136740,145667,157,101,929832,1660831,77,119,54696,34169,1
106572,56419,3410304,3633479,157,54,426288,761419,77,119,426288,266305,1
12688,6717,406016,432797,157,42,50752,90651,77,119,50752,31705,1
130775,69232,4184800,4461537,157,89,41848,74747,77,119,209240,130713,1
62879,33288,2012128,2146033,157,66,503032,898491,77,119,503032,314245,1
619351,327883,4954808,5285107,157,73,4954808,8850029,77,119,4954808,3095275,1
20648,10931,660736,705371,157,53,82592,147521,77,119,82592,51595,1
61621,32622,1971872,2105777,157,65,70424,125787,77,119,492968,307955,1
20308,10751,649856,694491,157,41,81232,145091,77,119,81232,50745,1
120947,64029,1935152,2069057,157,98,967576,1728213,77,119,967576,604435,1
119791,63417,1916656,2050561,157,97,136904,244527,77,119,958328,598655,1
244941,129671,3919056,4195793,157,106,1959528,3499939,77,119,1959528,1224085,1
120813,63958,3866016,4142753,157,105,138072,246611,77,119,966504,603755,1
232561,123117,1860488,1994393,157,110,265784,474717,77,119,1860488,1162205,1
65722,34793,123712,132639,157,64,32861,58693,77,119,3866,2415,1
230929,122253,1847432,1981337,157,109,1847432,3299691,77,119,1847432,1154045,1
57337,30354,1834784,1968689,157,100,65528,117039,77,119,458696,286535,1
18948,10031,606336,650971,157,99,75792,135371,77,119,75792,47345,1
64294,34037,121024,129951,157,63,128588,229669,77,119,7564,4725,1
63444,33587,119424,128351,157,42,253776,453263,77,119,14928,9325,1
62883,33290,118368,127295,157,66,503064,898507,77,119,29592,18485,1
295637,156509,591274,635909,157,134,2365096,4224223,77,119,2365096,1477385,1
633849,335557,5070792,5454653,157,74,5070792,9056771,77,119,5070792,3167525,1
58835,31147,117670,126597,157,133,13448,24019,77,119,94136,58803,1
55042,29139,1761344,1895249,157,146,110084,196617,77,119,110084,68765,1
18268,9671,584576,629211,157,145,73072,130511,77,119,73072,45645,1
61625,32624,116000,124927,157,65,19720,35221,77,119,5800,3623,1
864913,457881,1729826,1863731,157,130,988472,1765461,77,119,6919304,4322165,1
619399,327907,4955192,5339053,157,73,4955192,8850221,77,119,4955192,3095275,1
133065,70444,4258080,4588379,157,90,212904,380257,77,119,212904,132991,1
860663,455631,1721326,1855231,157,129,6885304,12297477,77,119,6885304,4300915,1
60928,32255,114688,123615,157,41,34816,62183,77,119,14336,8955,1
120955,64033,113840,122767,157,98,193528,345649,77,119,11384,7111,1
130787,69238,4185184,4515483,157,89,1046296,1868723,77,119,1046296,653565,1
119799,63421,112752,121679,157,97,958392,1711721,77,119,56376,35215,1
168719,89319,337438,364219,157,126,1349752,2410701,77,119,1349752,843115,1
279827,148139,559654,604289,157,125,2238616,3998233,77,119,2238616,1398335,1
106584,56425,3410688,3687425,157,54,426336,761443,77,119,426336,266305,1
274319,145223,548638,593273,157,122,2194552,3919501,77,119,2194552,1370795,1
232577,123125,109448,118375,157,110,1860616,3323083,77,119,109448,68365,1
272993,144521,545986,590621,157,121,311992,557221,77,119,2183944,1364165,1
230945,122261,108680,117607,157,109,369512,659951,77,119,21736,13577,1
16908,8951,541056,585691,157,38,67632,120791,77,119,67632,42245,1
57341,30356,107936,116863,157,100,458728,819289,77,119,26984,16855,1
1617269,856173,1617269,1751174,157,153,12938152,23107551,77,119,12938152,8081545,1
322427,170691,322427,349208,157,153,368488,658119,77,119,2579416,1611175,1
268539,142163,537078,581713,157,138,2148312,3836881,77,119,2148312,1341895,1
802591,424887,1605182,1739087,157,137,6420728,11467389,77,119,6420728,4010555,1
56848,30095,107008,115935,157,99,227392,406121,77,119,13376,8355,1
103252,54661,3304064,3580801,157,53,413008,737629,77,119,413008,257975,1
244965,129683,3919440,4249739,157,106,55992,100001,77,119,391944,244817,1
1576129,834393,19951,21646,157,152,12609032,22519491,77,119,12609032,7875845,1
314267,166371,314267,341048,157,151,2514136,4490193,77,119,2514136,1570375,1
120825,63964,3866400,4196699,157,105,38664,69053,77,119,193320,120751,1
886975,469559,104350,113277,157,134,283832,506917,77,119,83480,52143,1
882589,467237,103834,112761,157,133,7060712,12610231,77,119,415336,259425,1
55046,29141,103616,112543,157,146,110092,196621,77,119,6476,4045,1
3232,1711,103424,112351,157,37,12928,23089,77,119,12928,8075,1
54808,29015,103168,112095,157,145,219232,391541,77,119,12896,8055,1
16109,8528,515488,560123,157,82,128872,230161,77,119,128872,80495,1
15939,8438,510048,554683,157,81,18216,32533,77,119,127512,79645,1
79678,42181,2549696,2772871,157,88,159356,284603,77,119,159356,99535,1
864977,457913,101762,110689,157,130,6919816,12358483,77,119,407048,254245,1
860727,455663,101262,110189,157,129,983688,1756819,77,119,405048,252995,1
47273,25026,1512736,1646641,157,50,378184,675417,77,119,378184,236215,1
67187990,39522347,7072420,12931451,231,49,537503920,1590775661,114,174,537503920,638287051,1
66411362,39065507,132822724,242865161,231,49,531290896,1572387851,114,174,531290896,630909085,1
403100412,237117889,268733608,491581345,231,49,3053791,9037882,114,174,67183402,79780457,1
56920092,33482407,37946728,69416647,231,49,37946728,112305673,114,174,37946728,45061835,1
56601614,33295067,113203228,207088433,231,49,452812912,1340127641,114,174,452812912,537716479,1
55891082,32877107,111782164,204497081,231,49,447128656,1323304751,114,174,447128656,530966425,1
415693089,244525346,138564363,253554881,231,49,2217029808,6561436487,114,174,2217029808,2632729009,1
411033321,241784306,137011107,250722473,231,49,2192177712,6487885247,114,174,2192177712,2603217145,1
101057391,59445524,33685797,61646714,231,49,538972752,1595123153,114,174,538972752,640031671,1
99892449,58760264,33297483,60938612,231,49,532759728,1576735343,114,174,532759728,632653705,1
339582156,199754209,226388104,414363073,231,49,113194052,335004803,114,174,113194052,134418271,1
335318964,197246449,223545976,409180369,231,49,223545976,661598161,114,174,223545976,265461515,1
46940582,27612107,93881164,171854081,231,49,375524656,1111388501,114,174,375524656,445936675,1
46448993,27322937,92897986,170061227,231,49,743183888,2199498817,114,174,743183888,882533159,1
46296146,27233027,92592292,169503785,231,49,370369168,1096130531,114,174,370369168,439814533,1
138734197,81608351,277468394,507948829,231,49,2219747152,6569479421,114,174,2219747152,2635956619,1
45978059,27045917,91956118,168343703,231,49,735648944,2177198707,114,174,735648944,873585413,1
137180941,80694671,274361882,502284013,231,49,2194895056,6495928181,114,174,2194895056,2606444755,1
352174833,207161666,117391611,214945745,231,49,1878265776,5558844407,114,174,1878265776,2230446721,1
43707386,25710227,87414772,160062425,231,49,349659088,1034837831,114,174,349659088,415221313,1
87322513,51366184,87322513,159894188,231,49,1397160208,4134982589,114,174,1397160208,1659132331,1
347911641,204653906,6103713,11176547,231,49,168684432,499232077,114,174,1855528752,2203446505,1
86757943,51034084,86757943,158864678,231,49,1388127088,4108248539,114,174,1388127088,1648405501,1
43084982,25344107,86169964,157792481,231,49,344679856,1020101501,114,174,344679856,409308475,1
85177827,50104604,28392609,51994430,231,49,454281744,1344475133,114,174,454281744,539461099,1
42290453,24876737,84580906,154894787,231,49,676647248,2002579717,114,174,676647248,803520899,1
84112029,49477664,28037343,51346592,231,49,448597488,1327652243,114,174,448597488,532711045,1
42028823,24722837,84057646,153940607,231,49,672461168,1990190767,114,174,672461168,798549929,1
40584350,23873147,81168700,148672529,231,49,324674800,960895361,114,174,324674800,385552471,1
202114794,118891055,134743196,246806543,231,49,538972784,1595123645,114,174,538972784,640032091,1
40230852,23665207,26820568,49127767,231,49,6705142,19844287,114,174,3352571,3981190,1
39983978,23519987,79967956,146482937,231,49,319871824,946680671,114,174,319871824,379848937,1
39956982,23504107,26637988,48794827,231,49,106551952,315347167,114,174,106551952,126530825,1
39809490,23417347,26539660,48615523,231,49,106158640,314183137,114,174,106158640,126063767,1
277749348,163381969,185166232,339193777,231,49,185166232,548011051,114,174,185166232,219885569,1
275840826,162259309,183893884,336873613,231,49,735575536,2176981849,114,174,735575536,873498623,1
117561445,69153791,235122890,430730557,231,49,1880983120,5566887341,114,174,1880983120,2233674331,1
116140381,68317871,232280762,425547853,231,49,1858246096,5499595781,114,174,1858246096,2206674115,1
37571474,22100867,3954892,7246547,231,49,300571792,889561091,114,174,300571792,356930149,1
262216788,154245169,174811192,320311057,231,49,174811192,517364701,114,174,174811192,207588959,1
261940011,154082359,174626674,319974583,231,49,1397013392,4134548873,114,174,1397013392,1658958751,1
37178043,21869437,24785362,45416509,231,49,198282896,586830689,114,174,198282896,235461703,1
36993134,21760667,73986268,135575153,231,49,295945072,875868041,114,174,295945072,351435919,1
36926052,21721207,24617368,45110167,231,49,3077171,9107081,114,174,6154342,7308305,1
294208641,173063906,98069547,179711393,231,49,1569112752,4643887847,114,174,1569112752,1863327505,1
404229600,237782117,269486400,493832773,231,49,538972800,1595123891,114,174,538972800,640032301,1
36435449,21432617,72870898,133541243,231,49,582967184,1725328057,114,174,582967184,692275823,1
291259107,171328886,97086369,177918539,231,49,1553381904,4597331477,114,174,1553381904,1844647123,1
399569832,235041077,266379888,488167957,231,49,532759776,1576736081,114,174,532759776,632654335,1
290342025,170789426,96780675,177361097,231,49,1548490800,4582855967,114,174,1548490800,1838838937,1
253715190,149244229,169143460,309975781,231,49,676573840,2002362859,114,174,676573840,803434109,1
36107723,21239837,72215446,132346007,231,49,577723568,1709809267,114,174,577723568,686049029,1
288433503,169666766,96144501,176201015,231,49,1538312016,4552731257,114,174,1538312016,1826751631,1
252145410,148320829,168096940,308067421,231,49,61126160,180906719,114,174,672387760,798463139,1
70686279,41580164,23562093,43185842,231,49,376993488,1115735993,114,174,376993488,447681295,1
139897791,82292818,46632597,85475257,231,49,67829232,200744891,114,174,746121552,886022399,1
69719625,41011544,23239875,42598268,231,49,371838000,1100478023,114,174,371838000,441559153,1
243478572,143222689,162319048,297531265,231,49,81159524,240196733,114,174,81159524,96377269,1
34668758,20393387,69337516,127098017,231,49,277350064,820835021,114,174,277350064,329354347,1
138484989,81461758,46161663,84616495,231,49,738586608,2185893691,114,174,738586608,877074653,1
274809465,161652626,91603155,167919737,231,49,1465650480,4337685167,114,174,1465650480,1740466057,1
34316586,20186227,22877724,41937875,231,49,91510896,270832277,114,174,91510896,108669571,1
239876340,141103729,159917560,293152081,231,49,14537960,43026011,114,174,159917560,189902771,1
34112450,20066147,68224900,125069129,231,49,272899600,807663611,114,174,272899600,324069421,1
136419489,80246758,45473163,83360995,231,49,727570608,2153291191,114,174,727570608,863993153,1
170355666,100209215,113570444,208197407,231,49,454281776,1344475625,114,174,454281776,539461519,1
67832455,39901444,67832455,124353494,231,49,1085319280,3212071019,114,174,1085319280,1288821229,1
271075041,159455906,90358347,165649793,231,49,1445733552,4278739847,114,174,1445733552,1716814705,1
67356013,39621184,67356013,123484688,231,49,1077696208,3189510089,114,174,1077696208,1279768831,1
33644814,19791067,22429876,41121211,231,49,89719504,265530547,114,174,89719504,106542293,1
266307867,156651686,88769289,162752099,231,49,1420308624,4203493277,114,174,1420308624,1686622603,1
264738087,155728286,88246029,161797919,231,49,1411936464,4178715377,114,174,1411936464,1676680663,1
65836485,38727344,21945495,40237928,231,49,31920720,94471393,114,174,351127920,416965933,1
263069163,154746566,87689721,160783475,231,49,1403035536,4152372557,114,174,1403035536,1666110811,1
98239381,57787871,196478762,360261853,231,49,1571830096,4651930781,114,174,1571830096,1866555115,1
65444737,38496904,65444737,119999420,231,49,1047115792,3099005549,114,174,1047115792,1243454587,1
261375453,153750266,87125151,159753965,231,49,1394002416,4125638507,114,174,1394002416,1655383981,1
32522015,19130597,3423370,6277301,231,49,520352240,1540015447,114,174,520352240,617920577,1
64979311,38223124,64979311,119150702,231,49,1039668976,3076966259,114,174,1039668976,1234611493,1
64902879,38178164,1138647,2087918,231,49,346148688,1024448993,114,174,346148688,411053095,1
97256203,57209531,194512406,356676145,231,49,141463568,418670401,114,174,1556099248,1847874733,1
96950509,57029711,193901018,355561261,231,49,1551208144,4590898901,114,174,1551208144,1842066547,1
32200188,18941287,21466792,39364999,231,49,21466792,63532333,114,174,21466792,25491911,1
32188781,18934577,64377562,118053395,231,49,515020496,1524235837,114,174,515020496,611589131,1
96314335,56655491,192628670,353241097,231,49,1541029360,4560774191,114,174,1541029360,1829979241,1
256071249,150630146,85357083,156529841,231,49,1365713328,4041915287,114,174,1365713328,1621790689,1
63759289,37505464,63759289,116925956,231,49,92740784,274472239,114,174,1020148624,1211431075,1
31876202,18750707,63752404,116913401,231,49,255009616,754717151,114,174,255009616,302825065,1
127422171,74954218,42474057,77892037,231,49,679584912,2011274701,114,174,679584912,807010139,1
31829384,18723167,63658768,116742653,231,49,127317536,376804333,114,174,127317536,151190147,1
31704468,18649687,21136312,38762359,231,49,10568156,31277129,114,174,10568156,12549733,1
63370975,37277044,63370975,116217854,231,49,1013935600,3000806819,114,174,1013935600,1204053109,1
126637281,74492518,42212427,77414947,231,49,675398832,1998885751,114,174,675398832,802039169,1
252469017,148511186,4429281,8123171,231,49,1346501424,3985056527,114,174,1346501424,1598976553,1
31515428,18538487,63030856,115597637,231,49,7878857,23317978,114,174,15757714,18712357,1
31341926,18436427,62683852,114964865,231,49,22794128,67460671,114,174,250735408,297749443,1
218585166,128579509,145723444,267268693,231,49,582893776,1725111199,114,174,582893776,692189033,1
340711344,200418437,11954784,21927079,231,49,454281792,1344475871,114,174,454281792,539461729,1
216618810,127422829,7600660,13940959,231,49,577650160,1709592409,114,174,577650160,685962239,1
122615081,72126518,122615081,224910241,231,49,1961841296,5806194253,114,174,1961841296,2329695707,1
299305992,193668583,102163111936,206047923461,1253,108,2394447936,7975624661,625,945,4788895872,6848831125,1
294647142,190654033,100572891136,202844096261,1253,107,2357177136,7851480011,625,945,4714354272,6742225675,1
539986209,349402841,92157646336,185889853061,1253,210,4319889672,14389044847,625,945,8639779344,12356166575,1
536245359,346982291,91519207936,184603587461,1253,209,4289962872,14289362197,625,945,8579925744,12270567125,1
535212609,346314041,91342951936,184248483461,1253,200,4281700872,14261842447,625,945,8563401744,12246935375,1
531288159,343774691,90673179136,182899088261,1253,199,4250305272,14157267397,625,945,8500610544,12157134725,1
499502409,323207441,85248411136,171969776261,1253,172,3996019272,13310270647,625,945,7992038544,11429801975,1
495210759,320430491,84515969536,170494121861,1253,171,3961686072,13195910797,625,945,7923372144,11331598925,1
215790942,139629433,73656641536,148615769861,1253,96,1726327536,5750194211,625,945,3452655072,4937810275,1
212095992,137238583,72395431936,146074803461,1253,95,1696767936,5651734661,625,945,3393535872,4853261125,1
211958292,137149483,72348430336,145980109061,1253,104,1695666336,5648065361,625,945,3391332672,4850110225,1
208722342,135055633,71243892736,143754790661,1253,103,1669778736,5561836811,625,945,3339557472,4776064075,1
3270558297,2116243603,69771910336,140789179061,1253,272,26164466376,87150763901,625,945,52328932752,74838161725,1
3255893247,2106754453,69459055936,140158869461,1253,271,26047145976,86759983451,625,945,52094291952,74502590875,1
194172042,125640733,66277390336,133748749061,1253,92,1553376336,5174114111,625,945,3106752672,4443118975,1
190706592,123398383,65094516736,131365606661,1253,91,1525652736,5081770061,625,945,3051305472,4363821325,1
362284359,234419291,61829863936,124788291461,1253,268,2898274872,9653813197,625,945,5796549744,8289930125,1
180379092,116715883,61569396736,124263526661,1253,267,1443032736,4806572561,625,945,2886065472,4127503825,1
180356142,116701033,61561563136,124247744261,1253,136,1442849136,4805961011,625,945,2885698272,4126978675,1
178543092,115527883,60942708736,123000934661,1253,135,1428344736,4757648561,625,945,2856689472,4085491825,1
354183009,229177241,60447233536,122002697861,1253,158,2833464072,9437936047,625,945,5666928144,8104552175,1
706472643,457129357,60285665536,121677185861,1253,244,5651781144,18825419219,625,945,11303562288,16165779475,1
704430093,455807707,60111367936,121326027461,1253,196,5635440744,18770991269,625,945,11270881488,16119041125,1
703190793,455005807,60005614336,121112965061,1253,243,5625526344,18737967569,625,945,11251052688,16090683025,1
351268359,227291291,59949799936,121000515461,1253,157,2810146872,9360269197,625,945,5620293744,8037858125,1
700092543,453001057,59741230336,120580309061,1253,195,5600740344,18655408319,625,945,11201480688,16019787775,1
1366391211,884135489,58299358336,117675361061,1253,262,10931129688,36410309263,625,945,21862259376,31266292175,1
2723751597,1762427503,58106700736,117287212661,1253,352,21790012776,72579973601,625,945,43580025552,62325937825,1
1360722561,880467539,58057495936,117188079461,1253,261,10885780488,36259256413,625,945,21771560976,31136580125,1
2715787947,1757274553,57936809536,116944931861,1253,351,21726303576,72367765751,625,945,43452607152,62143710775,1
164761617,106610458,56238631936,113523603461,1253,80,659046468,2195206393,625,945,1318092936,1885069625,1
1294557711,837654989,55234462336,111500497061,1253,144,10356461688,34496157763,625,945,20712923376,29622572675,1
161319117,104382958,55063591936,111156243461,1253,79,645276468,2149340143,625,945,1290552936,1845683375,1
1283151561,830274539,54747799936,110520015461,1253,143,10265212488,34192217413,625,945,20530424976,29361573125,1
625527993,404753407,53378388736,107761054661,1253,192,5004223944,16668482369,625,945,10008447888,14313575425,1
621878943,402392257,53067003136,107133704261,1253,191,4975031544,16571245919,625,945,9950063088,14230076575,1
304978209,197338841,52049614336,105083965061,1253,114,2439825672,8126772847,625,945,4879651344,6978630575,1
301420959,195037091,51442510336,103860829061,1253,113,2411367672,8031982597,625,945,4822735344,6897232325,1
299210959,193607091,153196011008,309302807183,1253,108,2393687672,7973092597,625,945,4787375344,6846662325,1
299202459,193601591,51063886336,103098013061,1253,108,2393619672,7972866097,625,945,4787239344,6846467825,1
147457317,95413558,50332097536,101623673861,1253,76,589829268,1964652043,625,945,1179658536,1687088075,1
294552109,190592541,150810679808,304497066383,1253,107,2356416872,7848947947,625,945,4712833744,6740056875,1
294543609,190587041,50268775936,101496099461,1253,107,2356348872,7848721447,625,945,4712697744,6739862375,1
144198417,93304858,49219726336,99382573061,1253,75,576793668,1921231993,625,945,1153587336,1649802425,1
137141292,88738483,46810894336,94529485061,1253,84,1097130336,3654412361,625,945,2194260672,3138121225,1
135741342,87832633,46333044736,93566758661,1253,120,1085930736,3617107811,625,945,2171861472,3106087075,1
539796143,349279857,138187812608,279065701583,1253,210,4318369144,14383980719,625,945,8636738288,12351828975,1
539779143,349268857,46061153536,93018977861,1253,210,4318233144,14383527719,625,945,8636466288,12351439975,1
134593842,87090133,45941364736,92777638661,1253,83,1076750736,3586530311,625,945,2153501472,3079829575,1
134364342,86941633,45863028736,92619814661,1253,119,1074914736,3580414811,625,945,2149829472,3074578075,1
536055293,346859307,137230155008,277136303183,1253,209,4288442344,14284298069,625,945,8576884688,12266229525,1
536038293,346848307,45741934336,92375845061,1253,209,4288306344,14283845069,625,945,8576612688,12265840525,1
535022543,346191057,136965771008,276603647183,1253,200,4280180344,14256778319,625,945,8560360688,12242597775,1
535005543,346180057,45653806336,92198293061,1253,200,4280044344,14256325319,625,945,8560088688,12242208775,1
531098093,343651707,135961111808,274579554383,1253,199,4248784744,14152203269,625,945,8497569488,12152797125,1
531081093,343640707,45318919936,91523595461,1253,199,4248648744,14151750269,625,945,8497297488,12152408125,1
528380643,341893357,45088481536,91059329861,1253,128,4227045144,14079791219,625,945,8454090288,12090615475,1
131071017,84810658,44738907136,90355040261,1253,72,524284068,1746328693,625,945,1048568136,1499609525,1
523538193,338760007,44675259136,90226808261,1253,127,4188305544,13950754169,625,945,8376611088,11979808825,1
523515243,338745157,44673300736,90222862661,1253,228,4188121944,13950142619,625,945,8376243888,11979283675,1
521564493,337482907,44506836736,89887486661,1253,227,4172515944,13898160869,625,945,8345031888,11934645925,1
4097343219,2651222081,43704994336,88272010061,1253,344,32778745752,109182154927,625,945,65557491504,93757038575,1
127995717,82820758,43689204736,88240198661,1253,71,511982868,1705354843,625,945,1023965736,1464424475,1
4088782869,2645683031,43613683936,88088046461,1253,343,32710262952,108954046777,625,945,65420525904,93561157625,1
499312343,323084457,127823959808,258185586383,1253,172,3994498744,13305206519,625,945,7988997488,11425464375,1
499295343,323073457,42606535936,86058939461,1253,172,3994362744,13304753519,625,945,7988725488,11425075375,1
495020693,320307507,126725297408,255972104783,1253,171,3960165544,13190846669,625,945,7920331088,11327261325,1
495003693,320296507,42240315136,85321112261,1253,171,3960029544,13190393669,625,945,7920059088,11326872325,1
122636892,79353283,41860059136,84555008261,1253,314,981095136,3267912761,625,945,1962190272,2806226425,1
122372967,79182508,41769972736,84373510661,1253,313,122372967,407609992,625,945,122372967,175011700,1
244527909,158223941,41732763136,84298544261,1253,360,1956223272,6515950147,625,945,3912446544,5595385475,1
244344309,158105141,41701428736,84235414661,1253,176,1954754472,6511057747,625,945,3909508944,5591184275,1
244091859,157941791,41658343936,84148611461,1253,359,1952734872,6504330697,625,945,3905469744,5585407625,1
243082059,157288391,41486004736,83801398661,1253,175,1944656472,6477422497,625,945,3889312944,5562301025,1
3826808619,2476170281,40819291936,82458168461,1253,348,30614468952,101973203527,625,945,61228937904,87566570375,1
3819946569,2471730131,40746096736,82310701661,1253,347,30559572552,101790350077,625,945,61119145104,87409550525,1
943147311,610271789,40240951936,81292983461,1253,148,7545178488,25132104163,625,945,15090356976,21581475875,1
936927861,606247439,39975588736,80758354661,1253,147,7495422888,24966374113,625,945,14990845776,21439160225,1
465497643,301204357,39722465536,80248385861,1253,180,3723981144,12404144219,625,945,7447962288,10651704475,1
463317393,299793607,39536417536,79873553861,1253,179,3706539144,12346046969,625,945,7413078288,10601815225,1
115602717,74801758,39459060736,79717702661,1253,68,462410868,1540236343,625,945,924821736,1322633975,1
7358790063,4761570037,39246880336,79290221561,1253,612,58870320504,196090129979,625,945,117740641008,168386801275,1
7353488613,4758139687,39218605936,79233256961,1253,612,58827908904,195948861929,625,945,117655817808,168265491625,1
14699116851,9511193249,39197644936,79191026711,1253,554,117592934808,391688267983,625,945,235185869616,336351119375,1
14685461601,9502357499,39161230936,79117663211,1253,553,117483692808,391324395733,625,945,234967385616,336038655125,1
112711017,72930658,38472027136,77729120261,1253,67,450844068,1501708693,625,945,901688136,1289549525,1
112263492,72641083,38319271936,77421363461,1253,184,898107936,2991492161,625,945,1796215872,2568858625,1
895204761,579250139,38195403136,77171804261,1253,454,7161638088,23854576213,625,945,14323276176,20484437525,1
111781542,72329233,38154766336,77089933061,1253,183,894252336,2978649611,625,945,1788504672,2557830475,1
447114693,289309507,38153787136,77087960261,1253,453,3576917544,11914292669,625,945,7153835088,10231059325,1
3549870969,2296975331,37865290336,76506724061,1253,446,28398967752,94593629677,625,945,56797935504,81229585325,1
3546015369,2294480531,37824163936,76423866461,1253,445,28368122952,94490889277,625,945,56736245904,81141360125,1
7056745113,4566129187,37635973936,76044718961,1253,500,56453960904,188041520429,625,945,112907921808,161475302125,1
7050204363,4561896937,37601089936,75974437961,1253,499,56401634904,187867228679,625,945,112803269808,161325634375,1
3524327619,2280447281,37592827936,75957792461,1253,332,28194620952,93912974527,625,945,56389241904,80645093375,1
3521435919,2278576181,37561983136,75895649261,1253,304,28171487352,93835919227,625,945,56342974704,80578924475,1
3518842569,2276898131,37534320736,75839917661,1253,331,28150740552,93766814077,625,945,56301481104,80519582525,1
3515262369,2274581531,37496131936,75762978461,1253,303,28122098952,93671412277,625,945,56244197904,80437659125,1
218984559,141695891,37373364736,75515638661,1253,132,1751876472,5835294997,625,945,3503752944,5010893525,1
7006415763,4533563137,37367550736,75503925161,1253,612,56051326104,186700391279,625,945,112102652208,160323648175,1
594461046,363281743,12681835648,24749074447,593,306,1585229456,5316631125,295,450,1188922092,1518851393,1
591612762,361541125,12621072256,24632611279,593,305,68592784,230050209,295,450,1183225524,1511572445,1
26238504,16034641,38603776,75376849,593,302,69969344,234666447,295,450,104954016,134078197,1
287228076,175528265,12255064576,23931096559,593,301,765941536,2568849231,295,450,1148912304,1467727775,1
552233802,337476205,11780987776,23022449359,593,214,1472623472,4938931887,295,450,1104467604,1410937325,1
548238558,335034667,11695755904,22859088271,593,213,1461969488,4903196649,295,450,1096477116,1400727257,1
505896618,309159037,10792461184,21127773391,593,242,1349057648,4524471519,295,450,1011793236,1292520077,1
594529134,363323351,12683288192,24832262633,593,306,1585411024,5317150557,295,450,1189058268,1518965971,1
502857174,307301599,10727619712,21003493903,593,241,1340952464,4497285381,295,450,1005714348,1284752609,1
591680850,361582733,2524504960,4943159893,593,305,1577815600,5291674239,295,450,1183361700,1511687023,1
288657588,176401855,12316057088,24128403017,593,302,769753568,2581590633,295,450,1154630352,1474974745,1
287262120,175549069,2451303424,4802856949,593,301,766032320,2569108947,295,450,1149048480,1467842353,1
21727128,13277689,927024128,1816998317,593,220,57939008,194314695,295,450,86908512,111020053,1
118748901,72568771,10133239552,19864265263,593,206,316663736,1062019779,295,450,949991208,1213550819,1
237411780,145084973,2025913856,3971446115,593,219,633098080,2123270139,295,450,949647120,1213111151,1
945087954,577553735,10080938176,19764020959,593,234,2520234544,8452301349,295,450,472543977,603642775,1
117888681,72043081,10059834112,19723571503,593,205,314369816,1054325589,295,450,943109448,1204757459,1
939295806,574014089,10019155264,19645603711,593,233,2504788816,8400493803,295,450,469647903,599942236,1
552301890,337517813,2356488064,4621127509,593,214,1472805040,4939451319,295,450,1104603780,1411051903,1
548306646,335076275,11697208448,22942276457,593,213,1462151056,4903716081,295,450,1096613292,1400841835,1
114237525,69811819,67229440,131906239,593,202,304633400,1021668027,295,450,913900200,1167434531,1
113396421,69297811,9676494592,18988837423,593,201,302390456,1014144819,295,450,907171368,1158836579,1
38920362,23784665,830301056,1631612429,593,242,103787632,348076227,295,450,77840724,99433435,1
593726330,362832747,92679232,182145671,593,306,4749810640,15929596243,295,450,296863165,379211258,1
502925262,307343207,10729072256,21086682089,593,241,1341134032,4497804813,295,450,1005850524,1284867187,1
849928506,519400739,9065904064,17818538911,593,262,2266476016,7601152953,295,450,424964253,542846461,1
590878046,361092129,18908097472,37165167803,593,305,4727024368,15853167289,295,450,295439023,377391521,1
422971410,258482521,1804678016,3547410755,593,314,1127923760,3782751603,295,450,845942820,1080600101,1
845665638,516795653,9020433472,17731386943,593,261,2255108368,7563023967,295,450,422832819,540122962,1
421308318,257466187,8987910784,17669051791,593,313,1123488848,3767876169,295,450,842616636,1076349977,1
288256186,176156553,18448395904,36284073131,593,302,2306049488,7733844185,295,450,576512372,736426903,1
286860718,175303767,18359085952,36112895723,593,301,2294885744,7696399127,295,450,573721436,732860707,1
239032452,146075383,10198717952,20070169673,593,220,637419872,2137721361,295,450,956129808,1221335161,1
807682146,493583519,8615276224,16954835551,593,280,2153819056,7223282733,295,450,403841073,515855731,1
73097202,44670511,779703488,1534633757,593,279,194925872,653724285,295,450,36548601,46686134,1
118765923,72579173,10134692096,19947453449,593,206,316709128,1062149637,295,450,950127384,1213665397,1
237445824,145105777,10131021824,19940418761,593,219,633188864,2123529855,295,450,949783296,1213225729,1
945224130,577636951,2016478144,3969441829,593,234,2520597680,8453340213,295,450,472612065,603700064,1
117905703,72053483,10061286656,19806759689,593,205,314415208,1054455447,295,450,943245624,1204872037,1
36199734,22122059,772260992,1520368973,593,254,96532624,323741721,295,450,72399468,92480719,1
939431982,574097305,10020607808,19728791897,593,233,2505151952,8401532667,295,450,469715991,599999525,1
396189894,242116039,8452051072,16641987343,593,253,1056506384,3543205821,295,450,792379788,1012158449,1
551499086,337027209,17647970752,34749924923,593,214,4411992688,14796498529,295,450,275749543,352232741,1
547503842,334585671,17520122944,34504883291,593,213,4380030736,14689292815,295,450,273751921,349680224,1
593731594,362835963,18999411008,37420589557,593,306,4749852752,15929558339,295,450,296865797,379204717,1
118176662,72219069,3781653184,7449178961,593,305,945413296,3170625877,295,450,59088331,75476996,1
8842047,5403473,754521344,1486367981,593,190,23578792,79076001,295,450,70736376,90355657,1
114254547,69822221,9749721344,19209592841,593,202,13246904,44425995,295,450,914036376,1167549109,1
96536109,58994287,8237747968,16231239727,593,189,257429624,863338695,295,450,772288872,986486723,1
1543382994,943178467,8231375968,16219026727,593,356,32406992,108682935,295,450,1543382994,1971446821,1
1538470182,940176193,8205174304,16168806871,593,355,4102587152,13758790371,295,450,1538470182,1965169339,1
95991303,58661350,8191257856,16142133679,593,94,63994202,214616427,295,450,767930424,980917595,1
8724111,5331401,744457472,1467078893,593,201,23264296,78021129,295,450,69792888,89150089,1
288258818,176158161,18448564352,36364800133,593,302,2306070544,7733825233,295,450,576517636,736413821,1
11474534,7012215,734370176,1447744909,593,301,91796272,307855207,295,450,22949068,29313905,1
94289979,57621652,8046078208,15863872687,593,93,125719972,421624155,295,450,754319832,963526283,1
375104946,229230793,8002238848,15779847247,593,184,1000279856,3354612675,295,450,750209892,958274693,1
372218430,227466811,1588131968,3132364163,593,183,43155760,144730191,295,450,744436860,950898041,1
22060174,13481217,705925568,1393226077,593,214,7673104,25732975,295,450,11030087,14089048,1
505161902,308710041,394272704,778241731,593,242,4041295216,13553117425,295,450,252580951,322628429,1
547509106,334588887,17520291392,34585610293,593,213,4380072848,14689254911,295,450,273754553,349673683,1
502122458,306852603,16067918656,31721491739,593,241,4016979664,13471559011,295,450,251061229,320686562,1
850064682,519483955,9067356608,17901727097,593,262,98558224,330530079,295,450,425032341,542903750,1
423039498,258524129,9024842624,17820241961,593,314,1128105328,3783271035,295,450,846078996,1080714679,1
65061678,39759913,693991232,1370351933,593,261,173497808,581850987,295,450,32530839,41552327,1
421376406,257507795,8989363328,17752239977,593,313,1123670416,3768395601,295,450,842752812,1076464555,1
2841306990,1736354213,1515363728,2992891703,593,528,7576818640,25409971119,295,450,2841306990,3629251589,1
2836508874,1733422031,7564023664,14939934811,593,528,7564023664,25367054637,295,450,2836508874,3623120663,1
5652209982,3454128205,7536279976,14886759409,593,460,15072559952,50547995367,295,450,5652209982,7219653625,1
5639803698,3446546587,7519738264,14855054461,593,459,15039476528,50437028049,295,450,5639803698,7203801151,1
87446451,53439496,7462097152,14744575663,593,90,116595268,391018377,295,450,699571608,893570219,1
569796858,348209179,6077833152,12010998853,593,306,1519458288,5095710145,295,450,284898429,363903176,1
566948574,346468561,147498816,291530909,593,305,517584,1735787,295,450,283474287,362083439,1
85821591,52446526,7323442432,14478820783,593,89,57214394,191875821,295,450,686572728,876960539,1
343276806,209780263,7323238528,14478429967,593,162,915404816,3069927645,295,450,686553612,876936113,1
238631050,145830081,3054477440,6039344623,593,220,1909048400,6402236369,295,450,477262100,609607111,1
807818322,493666735,8616728768,17038023737,593,280,2154182192,7224321597,295,450,403909161,515913020,1
340275594,207946189,7259212672,14355713743,593,161,907401584,3043083471,295,450,680551188,869266349,1
804205398,491458837,8578190912,16964159513,593,279,2144547728,7192005999,295,450,402102699,513604763,1
59282611,36228261,15176348416,30012648779,593,206,474260888,1590492527,295,450,474260888,605772229,1
237044422,144860475,15170843008,30002096747,593,219,1896355376,6359661851,295,450,474088844,605552395,1
169626444,103660601,7237394944,14313896431,593,270,452337184,1516967967,295,450,678505776,866652767,1
943618522,576655743,15097896352,29862282323,593,234,7548948176,25316309783,295,450,943618522,1205279189,1
1353044982,826860793,7216239904,14273349271,593,506,3608119952,12100264971,295,450,1353044982,1728237139,1
168919152,103228367,7207217152,14256055663,593,269,450451072,1510641633,295,450,675676608,863037719,1
58852501,35965416,15066240256,29801608139,593,205,235410004,789475621,295,450,470820008,601375549,1
276291450,168844769,1178843520,2331813809,593,302,736777200,2470870427,295,450,552582900,705810739,1
1350502554,825307087,7202680288,14247360007,593,505,3601340144,12077524365,295,450,1350502554,1724988481,1
398265162,243384257,8496323456,16807246889,593,254,1062040432,3561678363,295,450,796530324,1017402487,1
937826374,573116097,365981024,724016011,593,233,7502610992,25160887145,295,450,937826374,1197878111,1
274895982,167991983,5864447616,11602009909,593,301,733055952,2458388741,295,450,549791964,702244543,1
396257982,242157647,8453503616,16725175529,593,253,1056687952,3543725253,295,450,792515964,1012273027,1
505167166,308713257,16165349312,31988637973,593,242,4041337328,13553079521,295,450,252583583,322621888,1
83317395,50916184,1421950208,2813849123,593,246,111089860,372552321,295,450,666539160,851362091,1
82925517,50676703,7076310784,14005151791,593,245,221134712,741599511,295,450,663404136,847356227,1
502127722,306855819,16068087104,31802218741,593,241,4017021776,13471521107,295,450,251063861,320680021,1
5271897162,3221714815,7029196216,13914848869,593,432,14058392432,47146308477,295,450,5271897162,6733698355,1
97279539,59448605,8301187328,16433235977,593,190,259412104,869965869,295,450,778236312,994026805,1
5260293750,3214623841,1402745000,2777039141,593,431,14027450000,47042522403,295,450,5260293750,6718871773,1
57026923,34849785,14598892288,28905857867,593,202,456215384,1529964899,295,450,456215384,582714085,1
1923,1280,641,716,63,26,3846,7019,30,48,3846,3143,1
3,2,1,1,7,4,6,11,2,4,6,5,1
1797,1196,599,674,63,25,3594,6557,30,48,3594,2933,1
827,550,827,977,63,50,1654,3011,30,48,1654,1337,1
809,538,809,959,63,50,1618,2945,30,48,1618,1307,1
1931,1284,1931,2306,63,26,3862,7027,30,48,3862,3115,1
361,240,361,436,63,25,722,1355,30,48,722,581,1
2497,1658,2497,3247,63,50,2497,5662,30,48,2497,2395,1
1479,982,493,643,63,38,493,1126,30,48,493,479,1
979,650,979,1279,63,46,979,2245,30,48,979,958,1
2443,1622,2443,3193,63,50,2443,5608,30,48,2443,2395,1
1443,958,481,631,63,37,481,1114,30,48,481,479,1
961,638,961,1261,63,45,961,2227,30,48,961,958,1
5565,3694,371,491,63,32,1855,4387,30,48,1855,1916,1
5403,3586,1801,2401,63,31,1801,4333,30,48,1801,1916,1
2313,1534,257,357,63,44,257,679,30,48,771,958,1
2283,1514,761,1061,63,43,761,2027,30,48,761,958,1
4473,2966,497,697,63,48,497,1341,30,48,1491,1916,1
4431,2938,1477,2077,63,47,7,19,30,48,1477,1916,1
4377,2902,1459,2059,63,50,1459,3991,30,48,1459,1916,1
4347,2882,483,683,63,50,483,1327,30,48,1449,1916,1
261,173,58,83,63,28,116,327,30,48,348,479,1
2079,1378,231,331,63,50,231,653,30,48,693,958,1
691,458,691,991,63,50,691,1957,30,48,691,958,1
2067,1370,689,989,63,50,689,1955,30,48,689,958,1
2061,1366,229,329,63,50,229,651,30,48,687,958,1
255,169,34,49,63,27,340,973,30,48,340,479,1
3843,2546,427,627,63,36,427,1271,30,48,1281,1916,1
80,53,32,47,63,50,320,953,30,48,320,479,1
957,634,319,469,63,50,319,952,30,48,319,479,1
477,316,53,78,63,50,106,317,30,48,318,479,1
317,210,317,467,63,50,317,950,30,48,317,479,1
3801,2518,1267,1867,63,35,1267,3799,30,48,1267,1916,1
237,157,158,233,63,20,316,949,30,48,316,479,1
39813,26374,13271,19571,65,50,13271,39857,31,49,13271,20118,1
115647,76610,38549,56849,65,50,38549,115775,31,49,38549,58438,1
29859,19780,9953,14678,65,50,19906,59785,31,49,19906,30177,1
9637,6384,9637,14212,65,50,19274,57887,31,48,19274,29219,1
14928,9889,9952,14677,65,50,19904,59783,31,48,19904,30177,1
14454,9575,3212,4737,65,50,6424,19295,31,48,19272,29219,1
9951,6592,3317,4892,65,50,6634,19927,31,48,6634,10059,1
28905,19148,1927,2842,65,50,19270,57883,31,48,19270,29219,1
14925,9887,398,587,65,50,19900,59779,31,48,19900,30177,1
4817,3191,9634,14209,65,50,19268,57881,31,48,19268,29219,1
119397,79094,39799,58699,65,50,39799,119557,31,48,39799,60354,1
115605,76582,2569,3789,65,50,12845,38587,31,48,38535,58438,1
19265,12762,3853,5683,65,50,19265,57878,31,48,19265,29219,1
59685,39538,3979,5869,65,50,19895,59774,31,48,19895,30177,1
39125,25918,1565,2309,65,50,39125,117617,31,48,39125,59396,1
115479,76498,12831,18931,65,50,12831,38573,31,48,38493,58438,1
119265,79006,7951,11731,65,50,39755,119513,31,48,39755,60354,1
117369,77750,13041,19241,65,50,13041,39205,31,48,39123,59396,1
4965,3289,662,977,65,50,6620,19913,31,49,6620,10059,1
14421,9553,9614,14189,65,50,19228,57841,31,49,19228,29219,1
115353,76414,12817,18917,65,50,12817,38559,31,49,38451,58438,1
5673,3758,1891,2791,65,50,1891,5689,31,49,1891,2874,1
57675,38206,769,1135,65,50,19225,57838,31,49,19225,29219,1
59565,39458,3971,5861,65,50,19855,59734,31,49,19855,30177,1
19223,12734,19223,28373,65,50,19223,57836,31,49,19223,29219,1
59559,39454,19853,29303,65,50,19853,59732,31,49,19853,30177,1
57663,38198,6407,9457,65,50,6407,19278,31,49,19221,29219,1
19851,13150,6617,9767,65,50,6617,19910,31,49,6617,10059,1
57657,38194,19219,28369,65,50,19219,57832,31,49,19219,29219,1
59547,39446,19849,29299,65,50,19849,59728,31,49,19849,30177,1
38437,25462,38437,56737,65,50,38437,115663,31,49,38437,58438,1
17013,11270,5671,8371,65,50,5671,17065,31,49,5671,8622,1
19217,12730,19217,28367,65,50,19217,57830,31,49,19217,29219,1
3866397,2561234,1288799,1902449,67,50,1288799,3878402,32,50,1288799,1959589,1
3751095,2484854,250073,369143,67,50,1250365,3762742,32,50,1250365,1901151,1
624551,413724,624551,921926,67,50,1249102,3758947,32,50,1249102,1899235,1
302667,200497,201778,297853,67,50,403556,1214429,32,50,403556,613599,1
3747303,2482342,416367,614617,67,50,416367,1252982,32,50,1249101,1899235,1
59541,39442,19847,29297,67,50,19847,59726,32,50,19847,30177,1
3516699,2329582,1172233,1730383,69,50,1172233,3527626,33,51,1172233,1782359,1
10081,6678,10081,14881,69,50,10081,30337,33,51,10081,15328,1
1994619,1321304,664873,981448,69,50,1329746,4001639,33,51,1329746,2021859,1
967539,640931,645026,952151,69,50,1290052,3882187,33,51,1290052,1961505,1
1409133,933458,469711,693361,69,50,469711,1413514,33,51,469711,714189,1
4108317,2721490,1369439,2021489,69,50,1369439,4121090,33,51,1369439,2082213,1
4231179,2802878,470131,693981,69,50,470131,1414778,33,51,1410393,2144483,1
3989235,2642606,265949,392579,69,50,1329745,4001638,33,51,1329745,2021859,1
1370699,907998,1370699,2023349,69,50,1370699,4124882,33,51,1370699,2084129,1
61431,40694,20477,30227,69,50,20477,61622,33,52,20477,31135,1
1209403,801150,1209403,1785253,69,50,1209403,3639490,33,52,1209403,1838881,1
3516687,2329574,390743,576793,69,50,390743,1175874,33,52,1172229,1782359,1
21107,13982,21107,31157,69,50,21107,63518,33,52,21107,32093,1
3870141,2563714,1290047,1904297,69,50,1290047,3882182,33,52,1290047,1961505,1
3628197,2403442,403133,595083,69,50,403133,1213162,33,52,1209399,1838881,1
3989211,2642590,1329737,1962887,69,50,1329737,4001630,33,52,1329737,2021859,1
3870129,2563706,1290043,1904293,69,50,1290043,3882178,33,52,1290043,1961505,1
3989199,2642582,1329733,1962883,69,50,1329733,4001626,33,52,1329733,2021859,1
1290039,854566,430013,634763,69,50,430013,1294058,33,52,430013,653835,1
34023,22538,11341,16741,69,50,11341,34129,33,52,11341,17244,1
110811,73405,73874,109049,69,50,147748,444625,33,52,147748,224651,1
1935057,1281848,645019,952144,69,50,1290038,3882173,33,52,1290038,1961505,1
241941,160270,80647,119047,69,50,80647,242695,33,52,80647,122624,1
3516645,2329546,234443,346073,69,50,1172215,3527608,33,52,1172215,1782359,1
1209385,801138,241877,357047,69,50,1209385,3639472,33,52,1209385,1838881,1
1876401,1242992,208489,307764,69,50,416978,1254859,33,52,1250934,1902109,1
1231087,815514,1231087,1817287,69,50,1231087,3704851,33,52,1231087,1871932,1
3808557,2522918,423173,624673,69,50,423173,1273503,33,52,1269519,1930370,1
3762,1889,209,123,73,52,1,1,35,59,3762,1889,0
3427182,1728403,761596,517809,73,52,7288,7347,35,59,3427182,1728403,0
3314218,1671673,6628436,4526671,73,52,13256872,13477157,35,59,3314218,1671673,0
3234182,1631479,6468364,4431983,73,52,12936728,13234321,35,59,3234182,1631479,0
350266,176937,700532,500449,73,52,1401064,1548863,35,59,350266,176937,0
3731574,1887643,1243858,925181,73,52,113078,134401,35,59,3731574,1887643,0
901098,456821,2706,2137,73,52,9102,11999,35,59,50061,27244,0
645354,327925,1938,1625,73,52,3774,5495,35,59,35853,22796,0
874038,444503,582692,499027,73,52,5576,8401,35,59,1165384,780207,0
379742,193359,379742,335059,73,52,34522,54539,35,59,189871,136359,0
42521,21673,680336,614893,73,52,1360672,2232161,35,59,1360672,1032075,0
20301,10352,108272,98869,73,52,216544,360953,35,59,216544,168051,0
40200,20501,107200,98111,73,52,214400,358627,35,59,214400,167217,0
39800,20299,318400,292067,73,52,636800,1068919,35,59,636800,499149,0
19701,10049,35024,32201,73,52,6368,10727,35,59,70048,55183,0
19503,9949,34672,31951,73,52,6304,10657,35,59,69344,54905,0
38612,19699,308896,285317,73,52,617792,1048129,35,59,617792,491643,0
38220,19501,101920,94361,73,52,203840,347077,35,59,203840,163047,0
18915,9652,100880,93619,73,52,201760,344783,35,59,201760,162213,0
37539,19157,66736,62043,73,52,133472,228711,35,59,133472,107725,0
149382,76237,66392,61797,73,52,132784,227949,35,59,132784,107447,0
37056,18913,98816,92143,73,52,197632,340211,35,59,197632,160545,0
36672,18719,97792,91409,73,52,195584,337933,35,59,195584,159711,0
18145,9263,290320,272033,73,52,30560,52999,35,59,580640,476631,0
17955,9167,31920,29983,73,52,3360,5849,35,59,63840,52681,0
142506,72763,63336,59603,73,52,126672,221131,35,59,126672,104945,0
139490,71239,15080,14263,73,52,1115920,1963067,35,59,1115920,934497,0
65490,33469,1180,1133,73,52,87320,157147,35,59,87320,75477,0
61950,31679,20650,20093,73,52,20650,37913,35,59,10325,9174,0
15225,7787,81200,79339,73,52,162400,300023,35,59,162400,145533,0
29841,15266,159152,156277,73,52,318304,592409,35,59,318304,288147,0
231182,118311,231182,228811,73,52,231182,435361,35,59,115591,106335,0
56616,28981,150976,150191,73,52,301952,572947,35,59,301952,280641,0
56280,28811,150080,149521,73,52,300160,570797,35,59,300160,279807,0
223110,114227,670,669,73,52,12395,23649,35,59,24790,23213,0
16187130,8288021,24305,24306,75,52,3597140,6878733,36,60,3597140,3378673,0
1149091790,588351103,574545895,574593839,75,52,208925780,399549211,36,60,2298183580,2158789401,0
1148997234,588303257,382999078,383038919,75,52,34818098,66588079,36,59,191499539,179891715,0
127655558,65361563,63827779,63835769,75,52,255311116,488286521,36,59,255311116,239845473,0
1148805474,588206225,382935158,382990975,75,52,20154482,38546935,36,59,191467579,179876703,0
1148708270,588157039,574354135,574450007,75,52,120916660,231269267,36,59,2297416540,2158429113,0
1148519190,588061363,191419865,191459698,75,52,765679460,1464553297,36,59,765679460,719417157,0
127591646,65329223,63795823,63811799,75,52,255183292,488132321,36,59,255183292,239785425,0
1148135766,587867347,191355961,191411762,75,52,765423844,1464244913,36,59,765423844,719297061,0
1147941422,587769007,573970711,574162391,75,52,2295882844,4392265769,36,59,2295882844,2157708537,0
1147752406,587673363,573876203,574091494,75,52,2295504812,4391809651,36,59,2295504812,2157530895,0
1147558094,587575039,573779047,574018607,75,52,2295116188,4391340713,36,59,2295116188,2157348249,0
1147369110,587479411,191228185,191315906,75,52,764912740,1463628209,36,59,764912740,719056869,0
127463870,65264567,63731935,63763871,75,52,254927740,487823969,36,59,254927740,239665329,0
1146985878,587285491,191164313,191267986,75,52,764657252,1463319889,36,59,764657252,718936773,0
1146791630,587187199,573395815,573731087,75,52,2293583260,4389490793,36,59,2293583260,2156627673,0
1146697170,587139401,382232390,382463767,75,52,382232390,731543797,36,59,191116195,179711571,0
127400006,65232251,63700003,63739913,75,52,254800012,487669817,36,59,254800012,239605281,0
1146505602,587042465,382168534,382415855,75,52,34742594,66496975,36,59,191084267,179696559,0
1146408494,586993327,573204247,573587351,75,52,208437908,398960539,36,59,2292816988,2156267385,0
1146314050,586945537,1146314050,1147103837,75,52,1146314050,2194168967,36,59,573157025,539044641,0
1146216950,586896403,573108475,573515489,75,52,2292433900,4388103521,36,59,2292433900,2156087241,0
1146122514,586848617,127346946,127440013,75,52,127346946,243770863,36,59,63673473,59888845,0
127336158,65199943,7074231,7079551,75,52,28296924,54168409,36,59,28296924,26616137,0
1145836566,586703923,63657587,63708086,75,52,254630348,487465019,36,59,254630348,239525495,0
1145642414,586605679,572821207,573299927,75,52,2291284828,4386716393,36,59,2291284828,2155546809,0
1145548002,586557905,381849334,382176335,75,52,381849334,731081405,36,59,190924667,179621499,0
127272326,65167643,63636163,63692009,75,52,254544652,487361561,36,59,254544652,239485185,0
1145356530,586461017,381785510,382128439,75,52,381785510,731004349,36,59,190892755,179606487,0
1145259470,586411903,572629735,573156239,75,52,2290518940,4385791721,36,59,2290518940,2155186521,0
1145070678,586316371,190845113,191028466,75,52,763380452,1461778609,36,59,763380452,718336293,0
127208510,65135351,63604255,63668063,75,52,23128820,44291587,36,59,254417020,239425137,0
1113353670,570078227,371117890,371503259,75,52,16868995,32305727,36,59,371117890,349273779,0
1144590802,586073545,1144590802,1145810645,75,52,1144590802,2192088455,36,59,572295401,538639317,0
1176707070,602519039,130745230,130888071,75,52,11885930,22764501,36,59,65372615,61531408,0
1143817290,585682133,127090810,127247787,75,52,304045,582444,36,59,127090810,119657177,0
1143157078,585348051,571578539,572367238,75,52,120332324,230563873,36,59,2286314156,2153207439,0
386353058,197830613,772706116,773805551,75,52,1545412232,2961289117,36,59,1545412232,1455564771,0
187861206,96193753,250481608,250845629,75,52,500963216,959979133,36,59,500963216,471866775,0
285693306,146288453,47615551,47685263,75,52,190462204,364982177,36,59,190462204,179403825,0
579409390,296685097,2317637560,2321055713,75,52,4635275120,8882705641,36,59,4635275120,4366241451,0
231735070,118659523,12526220,12545083,75,52,926940280,1776402497,36,60,926940280,873194247,0
30875390,15809719,417235,417881,75,52,61750780,118347533,36,60,61750780,58175253,0
1141729498,584625661,30857554,30909803,75,52,570864749,1094315983,36,60,1141729498,1075931307,0
1173216798,600752879,130357422,130596931,75,52,130357422,249940981,36,60,65178711,61440085,0
1140957090,584234801,126773010,127009189,75,52,126773010,243077599,36,60,63386505,59753737,0
1109581830,568169587,123286870,123519793,75,52,61643435,118201169,36,60,123286870,116227213,0
1140671790,584090431,63370655,63492692,75,52,253482620,486078563,36,60,253482620,238985063,0
1140478070,583992403,570239035,571361489,75,52,2280956140,4374238721,36,60,2280956140,2150682921,0
1140289678,583897071,570144839,571290748,75,52,207325396,397616657,36,60,2280579356,2150505279,0
1140192834,583848065,380064278,380836255,75,52,34551298,66265895,36,60,190032139,179201163,0
1140098646,583800403,190016441,190406338,75,52,760065764,1457773777,36,60,760065764,716775045,0
1140001810,583751401,1140001810,1142365301,75,52,1140001810,2186543591,36,60,570000905,537558453,0
1139907630,583703743,189984605,190382428,75,52,759938420,1457619817,36,60,759938420,716714997,0
126634886,64845083,63317443,63452729,75,52,13329988,25569539,36,60,253269772,238884705,0
1139525646,583510447,189920941,190334612,75,52,39983356,76700627,36,60,759683764,716594901,0
1139428834,583461457,1139428834,1141934957,75,52,1139428834,2185850807,36,60,569714417,537423345,0
1139334678,583413811,63296371,63436902,75,52,253185484,485719323,36,60,253185484,238844951,0
1139237874,583364825,126581986,126865725,75,52,126581986,242846655,36,60,63290993,59708701,0
1139143726,583317183,569571863,570860404,75,52,2278287452,4371012091,36,60,2278287452,2149424415,0
1139046930,583268201,126560770,126849789,75,52,126560770,242820999,36,60,63280385,59703697,0
1138952790,583220563,63275155,63420966,75,52,253100620,485616699,36,60,253100620,238804919,0
1138856002,583171585,1138856002,1141504685,75,52,1138856002,2185158095,36,60,569428001,537288237,0
1138761870,583123951,189793645,190238996,75,52,759174580,1456696169,36,60,759174580,716354709,0
126507590,64780667,63253795,63404921,75,52,23001380,44137579,36,60,253015180,238764609,0
638671345,383202811,40874966080,98226228691,1179,832,10218741520,55819542329,588,1005,786057040,2033894183,0
1234899530299487,740939733774441,19758392484791792,47543252855050809,1179,832,19758392484791792,107928919812031631,588,1005,1519876344983984,3932569288740081,0
2962873429171734,1777724101498853,758495597867963904,1825946550328204817,1179,832,5925746858343468,32368934074305637,588,1005,113956670352759,294853120217105,0
136346237892939,81807745071215,17452318450296192,42033059842113715,1179,832,94849556795088,518107244987473,588,1005,2181539806287024,5644518625863253,0
102252891375079,61351736865757,6544185048005056,15770484673113697,1179,832,71132446173968,388553595775129,588,1005,24418600925392,63180317796623,0
76472699496659,45883621447071,9788505535572352,23602876241470887,1179,832,1223563191946544,6683568227516063,588,1005,18262137193232,47250869761311,0
4633562641776226,2780137693993109,1186192036294713856,2860619514425277221,1179,832,18534250567104904,101241075146868423,588,1005,18534250567104904,47954859135214807,0
71438444021796671,42863068123671513,142876888043593342,344592540958119189,1179,832,1143015104348746736,6243577504802051663,588,1005,1143015104348746736,2957393650245940989,0
70657054212379181,42394234228647291,565256433699033448,1363330479600670977,1179,832,1130512867398066896,6175284816346747805,588,1005,1130512867398066896,2925044977574868231,0
69955234518387611,41973142403773725,279820938073550444,674911037365566045,1179,832,1119283752294201776,6113946481412135531,588,1005,1119283752294201776,2895990425041056657,0
33748499737282663,20249100673847481,1079951991593045216,2605012786541221323,1179,832,539975995796522608,2949549609941966887,588,1005,539975995796522608,1397111122096457925,0
2016310646405078,1209786438646339,516175525479699968,1245238230018587851,1179,832,8065242585620312,44055329569185951,588,1005,8065242585620312,20867642574103643,0
1983903112280658,1190341917760913,507879196743848448,1225275156147937577,1179,832,7935612449122632,43347233503552085,588,1005,7935612449122632,20532234077195977,0
1938963815355198,1163378339033765,496374736730930688,1197592218907999625,1179,832,969481907677599,5295665221977874,588,1005,3877927630710396,10033562776840517,0
1877719790277718,1126631923193001,480696266311095808,1159863564820202589,1179,832,938859895138859,5128394546233646,588,1005,3755439580555436,9716634113605305,0
14772465289692959,8863479562750905,264976955868932,639386848984845,1179,832,236359444635087344,1291081065689258159,588,1005,236359444635087344,611544154168513053,0
3490400283216081,2094240264490033,2003458458527616,4835080415970857,1179,832,55846404531457296,305053107305702653,588,1005,55846404531457296,144493841343095639,0
137219868092859,82331924681534,35128286231771904,84791126482374611,1179,832,2195517889485744,11992697757671585,588,1005,2195517889485744,5680549316516299,0
13037596872149229,7822558488674056,3337624799270202624,8056451272965919639,1179,832,208601549954387664,1139455527903136123,588,1005,208601549954387664,539722776015913817,0
828663433162080371,497198083201182021,828663433162080371,2000290373124795039,1179,832,13258614930593285936,72423242700856814915,588,1005,13258614930593285936,34304514573918256281,0
25462941207500843,15277765446657275,3259256474560107904,7867823385449845045,1179,832,407407059320013488,2225400901543758703,588,1005,407407059320013488,1054099092144661741,0
391442691295562,234865625969375,100209328971663872,241916056934523035,1179,832,391442691295562,2138197428458197,588,1005,782885382591124,2025586762944293,0
780006561779194,468003959410411,199681679815473664,482058164786009359,1179,832,1560013123558388,8521339025290501,588,1005,780006561779194,2018138051723237,0
761222321640894,456733415058071,194872914340068864,470483104756771199,1179,832,3044889286563576,16632248013385187,588,1005,3044889286563576,7878141538694383,0
40954098432718,24572460266355,10484249198775808,25314619530229635,1179,832,163816393730872,894821918913337,588,1005,163816393730872,423847065774009,0
46684786185139971,28010873093910403,5975652631697916288,14428898787105268901,1179,832,746956578962239536,4080135114843455623,588,1005,746956578962239536,1932622477232704949,0
2980868274826422079,1788521053293674585,2980868274826422079,7197699240694883960,1179,832,47693892397222753264,260520523150924939599,588,1005,47693892397222753264,123399785160561058813,0
92554840330442737,55532906951832507,5923509781148335168,14303374300580006307,1179,832,1480877445287083792,8089063656239456185,588,1005,113913649637467984,294732012605074599,0
2871780563833311,1723068424042457,22974244510666488,55476628698247339,1179,832,45948489021332976,250986478416792239,588,1005,3534499155487152,9144907621798225,0
3806054402535423,2283632755500941,243587481762267072,588209152622996231,1179,832,60896870440566768,332639659589774087,588,1005,60896870440566768,157560128976366085,0
45356299001616051,27213780763980997,181425196006464204,438110503237828297,1179,832,725700784025856816,3964026985716353539,588,1005,725700784025856816,1877624937279490265,0
11257791802782289,6754675421198699,720498675378066496,1739918316589844399,1179,832,180124668844516624,983902718733173625,588,1005,180124668844516624,466041233250671419,0
11205535559754979,6723321674592881,717154275824318656,1731866829352331141,1179,832,179288568956079664,979335588857008923,588,1005,179288568956079664,463877897674439617,0
44743497289101101,26846099727230907,357947978312808808,864418737133429839,1179,832,715895956625617616,3910468885883289629,588,1005,715895956625617616,1852255799577016455,0
44610416064210431,26766250990282521,89220832128420862,215463907009207053,1179,832,713766657027366896,3898837754604796175,588,1005,713766657027366896,1846746422809629501,0
44459058177606801,26675436256024567,355672465420854408,858940494748605959,1179,832,711344930841708816,3885609266567554369,588,1005,711344930841708816,1840480418264054195,0
44294772010991811,26576864553560885,177179088043967244,427888176670295105,1179,832,708716352175868976,3871250863427882771,588,1005,708716352175868976,1833679201290757897,0
88275153469494147,52965094770841765,1412402455511906352,3410995031112199645,1179,832,1412402455511906352,7715024391297359347,588,1005,108646342731685104,281103313508479373,0
88054344582323457,52832609435174423,1408869513317175312,3402489405820544657,1179,832,1408869513317175312,7695725974877333009,588,1005,108374577947475024,280400146027054447,0
43957527734250411,26374517982377485,175830110937001644,424640490175728955,1179,832,703320443748006576,3841776141713563771,588,1005,703320443748006576,1819717762656354497,0
9746106501833773,5847664198944747,155937704029340368,376601787555391623,1179,832,155937704029340368,851784896027754301,588,1005,155937704029340368,403461310386162279,0
87247925611983327,52348758040646089,1395966809791733232,3371425624984767331,1179,832,1395966809791733232,7625245983554075983,588,1005,1395966809791733232,3611817290828885885,0
43377266307799131,26026361117621981,173509065231196524,419052445608613091,1179,832,694036260924786096,3791062033193539115,588,1005,694036260924786096,1795695759893407441,0
343480510086260163,206088316660872965,5495688161380162608,13273403999924802875,1179,832,5495688161380162608,30019312778449399283,588,1005,5495688161380162608,14219113620247289641,0
340713386030359273,204428042184433743,5451414176485748368,13166807777582693067,1179,832,5451414176485748368,29777469709681764025,588,1005,5451414176485748368,14104558644997261083,0
340101500952410723,204060911128174853,5441624015238571568,13143236474806650857,1179,832,5441624015238571568,29723991744423007315,588,1005,5441624015238571568,14079227478921772873,0
41909933829479101,25145961607917217,5364471530173324928,12957479297537794769,1179,832,670558941271665616,3662819066696386769,588,1005,670558941271665616,1734950292267945395,0
2559624052219091,1535774512280871,327631878684043648,791428873241442867,1179,832,40953984835505456,223704398591865935,588,1005,3150306525808112,8150843232773217,0
5056019346370707,3033611768716337,323585238167725248,781685203116106937,1179,832,80896309541931312,441882687444500075,588,1005,6222793041687024,16100334326796469,0
139904794955367,83942881433891,17907813754286976,43260466895465947,1179,832,2238476719285872,12227307478457411,588,1005,172190516868144,445511282712301,0
1256351011026813,753810646717577,160812929411432064,388483642122886669,1179,832,20101616176429008,109801737669084161,588,1005,1546278167417616,4000709957416783,0
5009374979143067,3005625147635905,320599998665156288,774497139431311195,1179,832,80149999666289072,437806031715805827,588,1005,6165384589714544,15951795240126173,0
1228297865325778,736978758848109,314444253523399168,759674737618051581,1179,832,4913191461303112,26837482531615471,588,1005,377937804715624,977843666435451,0
147528372565226,88517028397911,37767263376697856,91255144505867619,1179,832,73764186282613,402924218658040,588,1005,295056745130452,763403254112847,0
143734580497846,86240753094287,36796052607448576,88916256366652943,1179,832,574938321991384,3140500708743561,588,1005,44226024768568,114426324537445,0
1142047604505418,685228600937091,292364186753387008,706503368348940999,1179,832,2284095209010836,12476471940685229,588,1005,87849815731186,227294427158625,0
1136611856493878,681967152038999,290972635262432768,703152129331545191,1179,832,4546447425975512,24834174686028661,588,1005,4546447425975512,11763052324623253,0
566508419530334,339905070759363,145026155399765504,350467864092518307,1179,832,2266033678121336,12377812405964909,588,1005,2266033678121336,5862922643544405,0
4497893514095647,2698736260211709,287865184902121408,695668469586072819,1179,832,71966296225530352,393103251086510983,588,1005,71966296225530352,186198780614137605,0
17891733845623313,10735040912702591,572535483059946016,1383642548818585903,1179,832,286267741529973008,1563687110602859377,588,1005,22020595502305616,56973991818475855,0
2233129543293051,1339877801585444,571681163083021056,1381585049153156261,1179,832,35730072692688816,195169223349358757,588,1005,2748467130206832,7111121719935811,0
139249892480841,83549940208673,17823986237547648,43075669439064691,1179,832,2227998279693456,12170047384476773,588,1005,2227998279693456,5764509754439119,0
8891573085558809,5334944153079780,2276242709903055104,5501095880752963215,1179,832,142265169368940944,777098350550972759,588,1005,142265169368940944,368083266879926253,0
141989450741651909,85193675268221907,2271831211866430544,5490471330666779643,1179,832,2271831211866430544,12409476190758550997,588,1005,2271831211866430544,5877917951101093551,0
141750921642317999,85050557804568729,2268014746277087984,5481279818651660601,1179,832,2268014746277087984,12388629085101989855,588,1005,2268014746277087984,5868043220570436909,0
140667075336152439,84400250002436881,2250673205378439024,5439514607218931929,1179,832,2250673205378439024,12293902453481964583,588,1005,2250673205378439024,5823173685295285637,0
34848196934996691,20908919355729829,139392787739986764,336900607665895009,1179,832,557571150959947056,3045632883790180387,588,1005,557571150959947056,1442605048299366713,0
2158007172314781,1294804377716278,552449836112583936,1335267909109928977,1179,832,34528114757036496,188603634941144383,588,1005,34528114757036496,89334634581431669,0
2135585229266661,1281351211499942,546709818692265216,1321442926684965113,1179,832,34169363668266576,186643989396814679,588,1005,34169363668266576,88406401912240765,0
68029565720082717,40817741792766331,1088473051521323472,2630971721162988919,1179,832,1088473051521323472,5945587382069752621,588,1005,1088473051521323472,2816206065281306423,0
67923573151646487,40754146249864657,1086777170426343792,2626887081378893083,1179,832,1086777170426343792,5936323784866134535,588,1005,1086777170426343792,2811818142821977637,0
67762768904274257,40657663698648263,1084204302468388112,2620690148831057417,1179,832,1084204302468388112,5922269726324124769,588,1005,1084204302468388112,2805161104852455571,0
8423012440377229,5053807757913181,1078145592368285312,2606097228828941507,1179,832,134768199046035664,736146821412776873,588,1005,134768199046035664,348685600100095067,0
66338514693896377,39803111147569449,8491329880818736256,20526420762498866343,1179,832,1061416235102342032,5797791978664974373,588,1005,1061416235102342032,2746199275036503375,0
65535718811826447,39321433604138435,8388572007913785216,20278905756992945575,1179,832,1048571500989223152,5727628800605561627,588,1005,1048571500989223152,2712964835537592529,0
65498628545909757,39299179443932633,8383824453876448896,20267470210979736901,1179,832,1047978056734556112,5724387165995518049,588,1005,1047978056734556112,2711429359074924451,0
261503361187456333,156902025969335091,8368107557998602656,20229612522461738853,1179,832,4184053778999301328,22854622615696958797,588,1005,4184053778999301328,10825384504185120855,0
8142456294210009,4885474065279935,130279300707360144,314949855287315285,1179,832,130279300707360144,711626625179095529,588,1005,130279300707360144,337071031084990123,0
14132323972058441,8479394890484855,452234367105870112,1093371327459482425,1179,832,9831181893605872,53700993835081247,588,1005,226117183552935056,585031380099070987,0
1987474083586165119,1192484522332357657,1987474083586165119,4805551652684266348,1179,832,1382590666842549648,7552140079282030409,588,1005,31799585337378641904,82274762908982661821,0
247496400984031683,148497849595957061,3959942415744506928,9574954947961525319,1179,832,3959942415744506928,21630435230651475827,588,1005,3959942415744506928,10245519555432796585,0
1808157181035903,1084894374626201,3616314362071806,8744287711456813,1179,832,28930514896574448,158027439038398607,588,1005,28930514896574448,74851613348721085,0
121233503981721989,72740106845868051,1939736063707551824,4690550506153756059,1179,832,1939736063707551824,10595436966917854613,588,1005,149210466439042448,386050429469863659,0
479852146533021691,287911305653282557,479852146533021691,1160394824700791233,1179,832,7677634344528347056,41937600302572396619,588,1005,590587257271411312,1528018585089086645,0
14984422449011173,8990654023375089,1918006073473430144,4638200477124973413,1179,832,239750759184178768,1309592373153279049,588,1005,239750759184178768,620303943703930587,0
467074865204599,280244936412305,7473197843273584,18072165087381665,1179,832,7473197843273584,40820902895996199,588,1005,7473197843273584,19335303144883333,0
230895946450082,138537576465871,59109362291220992,142948208601474739,1179,832,461791892900164,2522448704525787,588,1005,115447973225041,298696830162184,0
3620125394305722,2172075372729119,926752100942264832,2241401617313256491,1179,832,1810062697152861,9887113053431839,588,1005,7240250788611444,18732577692208715,0
114363159354034119,68617899941077265,114363159354034119,276607336622090630,1179,832,79556980420197648,434564327150423233,588,1005,1829810549664545904,4734235149689886613,0
28457861329697661,17074717877465315,910651562550325152,2202610035606546505,1179,832,19796773098920112,108135962572437067,588,1005,455325781275162576,1178055779586560167,0
7074960671046249,4244976671788847,113199370736739984,273803350073476253,1179,832,4921711771162608,26883875648480239,588,1005,113199370736739984,292878521213817691,0
875870187178828,525522145790559,224222767917779968,542363917165996881,1179,832,304650499888288,1664092717451929,588,1005,7006961497430624,18128967186768801,0
54221266702268,32532762104077,13880644275780608,33576614351284363,1179,832,433770133618144,2369382603511233,588,1005,433770133618144,1122284076309007,0
1730998974739066,1038599451411881,443135737533200896,1071934036503191849,1179,832,6923995898956264,37820941210403775,588,1005,6923995898956264,17914302889069159,0
6909126209113459,4145475991455905,442184077383261376,1069641022992220085,1179,832,110546019345815344,603835472294383659,588,1005,110546019345815344,286013267464941553,0
6885791651424989,4131475256393199,440690665691199296,1066042636918282899,1179,832,110172666422799824,601796069408788325,588,1005,110172666422799824,285047258288624319,0
6865602808710459,4119361950374945,439398579757469376,1062929330094650075,1179,832,4776071519102928,26088330304618453,588,1005,109849644939367344,284211476164543513,0
54578135513764137,32746883422748027,3493000672880904768,8449971960848709677,1179,832,37967398618270704,207389256271172455,588,1005,873250168220226192,2259339587908122067,0
1735803763259031859,1041482325411387269,1735803763259031859,4199211727195200146,1179,832,27772860212144509744,151703629421956380675,588,1005,27772860212144509744,71856047859208169689,0
13500587010057368,8100352731860125,3456150274574686208,8361177755733493615,1179,832,108004696080458944,589953750121449939,588,1005,8308053544650688,21495221339708041,0
12473405,7127684,49893620,74270713,189,167,99787240,240518301,93,141,19957448,15315541,0
3123356649235,1784787347188,12493426596940,18906058283141,189,167,24986853193880,60215852415507,93,141,4997370638776,3832758452507,0
3127984064995,1787434598632,6255968129990,9542693429497,189,167,25023872519960,60300044192883,93,141,5004774503992,3837322404827,0
1058664054535,604956998476,4234656218140,6509360613467,189,167,8469312436280,20406851834919,93,141,1693862487256,1298371426511,0
1041397298413,595090230796,4165589193652,6405706596539,189,167,8331178387304,20073933735405,93,141,8331178387304,6385882722937,0
1016796436127,581032523132,4067185744508,6257975601127,189,167,8134371489016,19599609326847,93,141,8134371489016,6234897194243,0
1299939173663,742830204104,199990642102,308033123705,189,167,10399513389304,25057150590447,93,141,10399513389304,7970797012307,0
1239801419987,708465589688,190738679998,294128662079,189,167,9918411359896,23897659010211,93,141,9918411359896,7601721146423,0
404958269631,231407244856,809916539262,1249573262963,189,167,3239666157048,7805687050831,93,141,1079888719016,827638267793,0
393782143593,225020852272,393782143593,607981561909,189,167,3150257148744,7590205882489,93,141,1050085716248,804775424999,0
958732178207,547853395108,3834928712828,5940509122449,189,167,7669857425656,18479047907231,93,141,7669857425656,5877383602403,0
3133375007827,1790522258340,12533500031308,19476628945393,189,167,25067000062616,60392077669139,93,141,25067000062616,19206482854663,0
784390552903,448228991108,3137562211612,4888145561673,189,167,6275124423224,15117781089223,93,141,6275124423224,4807577592427,0
193766659619,110725314884,59620510652,93165809533,189,167,1550133276952,3734398702179,93,141,1550133276952,1187473448471,0
765032283535,437167550588,235394548780,368951023107,189,167,6120258268280,14743726228207,93,141,1224051653656,937573401047,0
235410424735,134522242068,941641698940,1479816777901,189,167,1883283397880,4536707260127,93,141,376656679576,288474759047,0
79345415321,45340920238,634763322568,998460216375,189,167,634763322568,1529088449729,93,141,634763322568,486137335469,0
345165904451,197240681372,1380663617804,2174306069263,189,167,2761327235608,6651706669155,93,141,2761327235608,2114684506199,0
56781169201,32446893526,454249353608,716782941067,189,167,454249353608,1094208759801,93,141,454249353608,347847917509,0
96589400657,55194831988,386357602628,610627399509,189,167,772715205256,1861306030001,93,141,772715205256,591681804653,0
546853403597,312492730030,4374827228776,6918234685431,189,167,4374827228776,10537959783989,93,141,4374827228776,3349810589393,0
543015936887,310299874090,4344127495096,6871481389941,189,167,4344127495096,10463981363759,93,141,4344127495096,3326270724803,0
720573058873,411762754916,2882292235492,4559979146769,189,167,5764584470984,13885501279705,93,141,5764584470984,4413875791477,0
395697535313,226116613130,3165580282504,5012692262789,189,167,3165580282504,7625048394921,93,141,102115492984,78185962187,0
1539248565895,879585344398,12313988527160,19519707448327,189,167,12313988527160,29660811668367,93,141,79445087272,60825653945,0
8112756715295,4635939105188,32451026861180,51463533059281,189,167,64902053722360,156329370548127,93,141,12980410744472,9938038600135,0
1666719738261,952427441800,3333439476522,5289285017717,189,167,13333757906088,32116791824197,93,141,4444585968696,3402786151003,0
273212113527,156123879272,546424227054,867588652441,189,167,2185696908216,5264613256007,93,141,728565636072,557777971481,0
268698287133,153544527728,268698287133,426904776977,189,167,2149586297064,5177598056813,93,141,716528765688,548549123699,0
1592400348963,909958854848,1592400348963,2531215175042,189,167,12739202791704,30684100211603,93,141,4246400930568,3250834341389,0
1263679423789,722115115580,5054717695156,8037333638151,189,167,10109435390312,24349863329773,93,141,10109435390312,7739189051641,0
418238553301,238997640028,1672954213204,2660857890575,189,167,3345908426408,8059021888149,93,141,3345908426408,2561403026689,0
542652379109,310092660214,4341219032872,6921107368923,189,167,4341219032872,10456075870829,93,141,4341219032872,3323045269481,0
3075096352985,1757230478958,24600770823880,39311954190487,189,167,24600770823880,59250854132737,93,141,4920154164776,3765862095817,0
26615151744955,15208941148084,106460606979820,170182990292213,189,167,212921213959640,512817890632251,93,141,42584242791928,32593335984131,0
2988408999001,1707694386770,23907271992008,38249870805993,189,167,23907271992008,57579799797457,93,141,23907271992008,18297660539869,0
1039522066173,594023876414,8316176529384,13315428798655,189,167,8316176529384,20029041781157,93,141,2772058843128,2121559536299,0
94139712981,53795144026,753117703848,1206050942957,189,167,753117703848,1813838194861,93,141,251039234616,192128429443,0
43668656593,24953995710,349349252744,559798343999,189,167,349349252744,841380681401,93,141,349349252744,267361877317,0
1462626355671,835802607592,225019439334,360805217933,189,167,11701010845368,28180779166375,93,141,3900336948456,2984908030393,0
4356688197303,2489584296616,670259722662,1075054929989,189,167,34853505578424,83941087636615,93,141,11617835192808,8890963737049,0
1527944500525,873128095396,6111778002100,9805617135617,189,167,12223556004200,29439089129229,93,141,78861651640,60351055643,0
379715088575,216984276068,1518860354300,2437465791361,189,167,3037720708600,7315994847807,93,141,19598198120,14997910969,0
1383151438805,790387693116,5532605755220,8881282669127,189,167,11065211510440,26649182050069,93,141,2213042302088,1693555777357,0
113804468045,65032403314,910435744360,1462309555641,189,167,910435744360,2192657325701,93,141,182087148872,139341235213,0
15331151681,8760831414,122649213448,197100718459,189,167,122649213448,295381742473,93,141,122649213448,93854716949,0
167870367143,95927826130,1342962937144,2158619704329,189,167,1342962937144,3234312104831,93,141,1342962937144,1027665874067,0
1221125784789,697800054778,9769006278312,15707941739069,189,167,9769006278312,23526999930925,93,141,3256335426104,2491787350787,0
5297208522765,3027036739844,21188834091060,34079282318873,189,167,42377668182120,102059150762861,93,141,2825177878808,2161838315063,0
1076592103165,615207810934,8612736825320,13856375355931,189,167,8612736825320,20742193666821,93,141,1722547365064,1318085989229,0
1068932230483,610830696874,657804449528,1058631164425,189,167,8551457843864,20594541221067,93,141,8551457843864,6543458200687,0
1284802138217,734187534046,790647469672,1273387090635,189,167,10278417105736,24753381976913,93,141,10278417105736,7864672428413,0
52619311109,30068792594,420954488872,678504349193,189,167,420954488872,1013770565949,93,141,420954488872,322089350681,0
114393514997,65369061864,228787029994,368825069473,189,167,915148119976,2203916468005,93,141,29520907096,22587498863,0
1819747592843,1039877129700,7278990371372,11737497092417,189,167,14557980742744,35059328830411,93,141,469612282024,359313403457,0
1811370762073,1035090319980,7245483048292,11685943751347,189,167,14490966096584,34897858258841,93,141,14490966096584,11087349493237,0
28264807261,16151651229,452236916176,729439454893,189,167,226118458088,544549234193,93,141,226118458088,173007676069,0
112661488393,64379322201,1802583814288,2907965961001,189,167,901291907144,2170530151085,93,141,901291907144,689591798257,0
2020915098359,1154832505358,16167320786872,26085621001799,189,167,16167320786872,38934772116735,93,141,16167320786872,12369780179891,0
19761335551,11292425534,158090684408,255106635999,189,167,158090684408,380719638343,93,141,158090684408,120956210779,0
37039858417,21166073286,296318867336,478333133315,189,167,296318867336,713602846073,93,141,296318867336,226712335813,0
110329240937,63046595542,882633927496,1425265612299,189,167,882633927496,2125574267057,93,141,882633927496,675290853533,0
4120486493617,2354613251480,633920999018,1024480740483,189,167,32963891948936,79383494783329,93,141,32963891948936,25219413923773,0
2005002766013,1145740301896,308461964002,499145660289,189,167,16040022128104,38626956417005,93,141,16040022128104,12270995341337,0
625695968311,357548224108,2502783873244,4052228720675,189,167,5005567746488,12054137434839,93,141,5005567746488,3829293283579,0
416284131693,237881755348,1665136526772,2696265422413,189,167,3330273053544,8019774700813,93,141,1110091017848,849223944179,0
46113624639,26351209420,184454498556,298720604731,189,167,368908997112,888384284383,93,141,122969665704,94071739297,0
206788948119,118167659228,63627368652,103060560059,189,167,1654311584952,3983805446135,93,141,551437194984,421846458377,0
1961569089727,1120920791840,150889929979,244421755584,189,167,15692552717816,37789753539439,93,141,15692552717816,12004684095763,0
3908890978409,2233700238160,3908890978409,6332995268679,189,167,31271127827272,75304886749433,93,141,31271127827272,23922012941621,0
1296053174109,740618065810,10368425392872,16824060717257,189,167,10368425392872,24968072806933,93,141,3456141797624,2643746905307,0
2510990588031,1434883752998,20087924704248,32645818277395,189,167,20087924704248,48372634481639,93,141,6695974901416,5121719342953,0
192227484587,109846731646,1537819876696,2499776833215,189,167,1537819876696,3703130202803,93,141,1537819876696,1176260161943,0
191628205445,109504282594,1533025643560,2492370014961,189,167,1533025643560,3691579092221,93,141,306605128712,234517199173,0
38193687575,21825453666,305549500600,496842923089,189,167,305549500600,735772416559,93,141,61109900120,46741639783,0
3936106225,2249254258,31488849800,51230296057,189,167,31488849800,75825645417,93,141,6297769960,4816926929,0
50355933689,28775473098,402847469512,655933144549,189,167,402847469512,970054301905,93,141,402847469512,308113151261,0
148345365505,84770724098,1186762924040,1934116821057,189,167,1186762924040,2857688510137,93,141,237352584808,181529780513,0
899598857,514068364,3598395428,5868828411,189,167,7196790856,17329505225,93,141,7196790856,5504021093,0
22370144795,12783235948,89480579180,145978866051,189,167,178961158360,430928015867,93,141,35792231672,27373184515,0
530169197279,302960888096,530169197279,865479872992,189,167,4241353578232,10212857292687,93,141,4241353578232,3243620032691,0
4187238205151,2392763672228,16748952820604,27360099972625,189,167,33497905641208,80659811778399,93,141,33497905641208,25617210962339,0
260374698791,148789041158,2082997590328,3403559510915,189,167,2082997590328,5015647737999,93,141,2082997590328,1592936453699,0
281379676251,160792172342,2251037410008,3678601587931,189,167,2251037410008,5420262852035,93,141,750345803336,573811118733,0
369787986363,211312432436,1479151945452,2419031094869,189,167,2958303890904,7123225913915,93,141,986101296968,754077697029,0
90999744881,52001097254,727997959048,1191564186419,189,167,727997959048,1752911751033,93,141,727997959048,556686385349,0
272078601545,155477209414,2176628812360,3563272404291,189,167,2176628812360,5240990731601,93,141,435325762472,332883108313,0
1083033207565,618890973708,4332132830260,7093785291451,189,167,8664265660520,20862171856397,93,141,1732853132104,1325057558021,0
3868488138861,2210617796522,30947905110888,50685172418581,189,167,30947905110888,74517484696325,93,141,10315968370296,7888239637163,0
196916888061,112526651378,1575335104488,2581035149305,189,167,1575335104488,3793131926069,93,141,525111701496,401527258043,0
12041402531,6880968660,48165610124,78973886909,189,167,96331220248,231946798627,93,141,96331220248,73657598039,0
192357247437,109921110814,1538857979496,2524426458287,189,167,1538857979496,3705249021685,93,141,512952659832,392210465371,0
788432687487,450543999364,3153730749948,5175325751881,189,167,6307461499896,15186992740735,93,141,2102487166632,1607568035521,0
54689690179,31252019196,218758760716,359098751143,189,167,437517521432,1053443132387,93,141,437517521432,334523096791,0
64454054641,36831794348,257816218564,423276156675,189,167,515632437128,1241524057009,93,141,515632437128,394246923949,0
128135321959,73221990506,1025082575672,1683503051541,189,167,1025082575672,2468153465887,93,141,1025082575672,783756833011,0
58732499743,33562259332,234929998972,385972321481,189,167,469859997944,1131305608479,93,141,469859997944,359239867747,0
694622777735,396937200464,694622777735,1142120253667,189,167,5556982221880,13379705869431,93,141,1111396444376,849711307135,0
68335639145,39049918466,546685113160,899682384449,189,167,546685113160,1316256095649,93,141,109337022632,83589979849,0
339275573195,193876647878,208784968120,343732318319,189,167,6477815240,15596594673,93,141,542840917112,415004538475,0
8564712,5352949,356863,761305,227,200,11419616,51757579,112,185,11419616,23208539,0
3034999909032,1896877788041,1011666636344,2166696685487,227,200,4046666545376,18345308255191,112,185,4046666545376,8228641891751,0
42906029880,26816311717,28604019920,61295074979,227,200,57208039840,259357834187,112,185,57208039840,116337734587,0
581552930760,363471204389,193850976920,415633351109,227,200,775403907680,3515486064379,112,185,775403907680,1576976295179,0
247420754544,154638259603,17362859968,37256381695,227,200,19405549376,87984101989,112,185,19405549376,39470228549,0
53027059872,33141978895,3721197184,7990704241,227,200,4158985088,18857566105,112,185,4158985088,8460103385,0
13116901296,8198079841,17489201728,37557479011,227,200,17489201728,79299373271,112,185,17489201728,35576368951,0
25480112064,15925102625,33973482752,72968163713,227,200,33973482752,154043715655,112,185,33973482752,69110008775,0
185324120256,115827823879,247098827008,530996809303,227,200,247098827008,1120440324689,112,185,247098827008,502693257169,0
339231285672,212020029113,113077095224,243114771299,227,200,452308380896,2051001842983,112,185,452308380896,920230890743,0
81970527228,51231696407,218588072608,470056347343,227,200,109294036304,495602245237,112,185,109294036304,222367154477,0
79402548264,49626707705,26467516088,56927068127,227,200,105870064352,480081618535,112,185,105870064352,215406457655,0
77957318400,48723437987,103943091200,223588425803,227,200,103943091200,471346745557,112,185,103943091200,211489017557,0
151878201600,94924101013,202504268800,435669905197,227,200,202504268800,918297483443,112,185,202504268800,412036811443,0
147161420832,91976109505,196215227776,422221835989,227,200,196215227776,889789290695,112,185,196215227776,399251221255,0
145045396704,90653592823,193393862272,416188356355,227,200,193393862272,876999994433,112,185,193393862272,393515338753,0
272514883992,170322228923,11354786833,24445664743,227,200,363353178656,1647770708293,112,185,363353178656,739387761653,0
256522989624,160327282055,42753831604,92080571191,227,200,342030652832,1551112918585,112,185,342030652832,696036286505,0
255049389672,159406280897,4474550696,9637383317,227,200,340065852896,1542206223007,112,185,340065852896,692041590767,0
63201627132,39501119591,8870403808,19106397109,227,200,84268836176,382162456741,112,185,84268836176,171490366301,0
62604092076,39127659695,166944245536,359612409619,227,200,83472122768,378550837165,112,185,83472122768,169870530245,0
30543156714,19089523399,162896835808,350952621751,227,200,40724208952,184688530319,112,185,40724208952,82878007939,0
8210664672,5131679405,10947552896,23595959369,227,200,10947552896,49649606395,112,185,10947552896,22280724155,0
13305393024,8315894189,17740524032,38258349749,227,200,17740524032,80460010459,112,185,17740524032,36108700379,0
132174458240,82609278813,528697832960,1140768638831,227,200,528697832960,2397924496129,112,185,528697832960,1076179913729,0
609887695800,381180950531,203295898600,438781847641,227,200,813183594400,3688286742941,112,185,813183594400,1655327756941,0
3028062892200,1892544990889,1009354297400,2178649257479,227,200,237495128800,1077189839687,112,185,237495128800,483452017687,0
3006779899416,1879243100383,1002259966472,2163454864181,227,200,235825874464,1069622368049,112,185,235825874464,480057681889,0
234375221272,146484969965,468750442544,1012376574251,227,200,937500885088,4252312986665,112,185,937500885088,1908560773945,0
163617009576,102260961257,54539003192,117857940575,227,200,218156012768,989546909047,112,185,218156012768,444156877127,0
161342878632,100839627113,53780959544,116233406879,227,200,215123838176,975800200183,112,185,215123838176,437990604743,0
160001182536,100001065685,53333727512,115274909813,227,200,213334910048,967689863755,112,185,213334910048,434352588635,0
77789418816,48618547801,103719225088,224231136841,227,200,103719225088,470478737231,112,185,103719225088,211180674511,0
37834711872,23646774329,50446282496,109085822825,227,200,50446282496,228831758959,112,185,50446282496,102716052719,0
12412174126,7757635089,198594786016,429504078871,227,200,49648696504,225215742947,112,185,49648696504,101094001687,0
585493701144,365934812743,195164567048,422149712735,227,200,780658268192,3541245059353,112,185,780658268192,1589599388873,0
24242894852,15151861183,193943158816,419530950391,227,200,96971579408,439886856559,112,185,96971579408,197457908039,0
24090862796,15056840985,192726902368,416923159357,227,200,96363451184,437129754265,112,185,96363451184,196221126305,0
574613848536,359134893199,191537949512,414373840067,227,200,766151798048,3475476329809,112,185,766151798048,1560096834689,0
47287217440,29554613411,189148869760,409251100117,227,200,189148869760,858037551263,112,185,189148869760,385165376863,0
70040592480,43775523097,93387456640,202080177253,227,200,93387456640,423637264367,112,185,93387456640,190168622767,0
137362672680,85851973049,45787557560,99096827279,227,200,183150230240,830840944039,112,185,183150230240,372965368439,0
126114626040,78821931407,21019104340,45527615161,227,200,168152834720,762845132977,112,185,168152834720,342463046177,0
116312527032,72695607863,19385421172,42021383227,227,200,155083369376,703587831433,112,185,155083369376,315879407993,0
114369306792,71481092873,38123102264,82652413919,227,200,152492409056,691840262743,112,185,152492409056,310609240103,0
113625607992,71016280223,9468800666,20530069811,227,200,151500810656,687344282593,112,185,151500810656,308592255953,0
18303698672,11439856773,73214794688,158797598333,227,200,73214794688,332175484729,112,185,73214794688,149138498009,0
541385520,338367307,721847360,1566180173,227,200,721847360,3275092477,112,185,721847360,1470474077,0
26432231280,16520210923,35242975040,76468941797,227,200,35242975040,159901217053,112,185,35242975040,71793779453,0
26336736240,16460526403,35115648320,76195520237,227,200,35115648320,159323894533,112,185,35115648320,71534773733,0
26153257560,16345851997,917658160,1991320351,227,200,34871010080,158214658867,112,185,34871010080,71037133667,0
25925666136,16203607069,909672496,1974170671,227,200,34567554848,156838731379,112,185,34567554848,70419844259,0
282845419272,176779107151,62854537616,136418592353,227,200,2060804512,9350262247,112,185,2060804512,4198250967,0
1025173467864,640736042587,56954081548,123627328009,227,200,7469387744,33890291139,112,185,7469387744,15216821779,0
39485398176,24678475553,17549065856,38097478583,227,200,17549065856,79624660301,112,185,17549065856,35751995661,0
8332112992,5207592135,33328451968,72357130537,227,200,33328451968,151220347475,112,185,33328451968,67899217555,0
24885619224,15553576417,16590412816,36020012803,227,200,33180825632,150550970767,112,185,33180825632,67598906687,0
8173841992,5108672555,16347683984,35498604551,227,200,32695367968,148349772335,112,185,32695367968,66611352415,0
24198041112,15123839201,16132027408,35035295299,227,200,32264054816,146394065551,112,185,32264054816,65733928511,0
23560910016,14725631429,31414546688,68245491173,227,200,31414546688,142542127939,112,185,31414546688,64005761219,0
44547851712,27842529193,59397135616,129115712521,227,200,59397135616,269522417663,112,185,59397135616,121029578623,0
57448862744,35905699005,114897725488,249854739427,227,200,229795450976,1042751957305,112,185,229795450976,468263329865,0
342764770776,214228937791,114254923592,248472836399,227,200,457019694368,2073844780321,112,185,457019694368,931295544401,0
113638551736,71024412659,113638551736,247147691431,227,200,454554206944,2062665001607,112,185,454554206944,926279484247,0
339669382344,212294315693,113223127448,246254551535,227,200,452892509792,2055130010803,112,185,452892509792,922898736323,0
169128835032,105705996769,112752556688,245242823015,227,200,225505113376,1023297377999,112,185,225505113376,459534594559,0
42029222160,26268382213,56038962880,121896166267,227,200,56038962880,254294777843,112,185,56038962880,114197370643,0
27902070160,17438872593,111608280640,242782523461,227,200,111608280640,506459930069,112,185,111608280640,227439228469,0
13921271612,8700834087,111370172896,242270554717,227,200,55685086448,252690110191,112,185,55685086448,113477394071,0
13864694972,8665473607,5837766304,12699860143,227,200,55458779888,251663911951,112,185,55458779888,113016962231,0
27382149136,17113921217,5764662976,12542669095,227,200,109528596544,497029492421,112,185,109528596544,223208001061,0
13471442864,8419690479,53885771456,117266060867,227,200,53885771456,244530986347,112,185,53885771456,109816557707,0
80043926424,50027685019,3335163601,7258808092,227,200,106725235232,484317375589,112,185,106725235232,217504287509,0
13282792880,8301783967,53131171520,115643140499,227,200,53131171520,241109166811,112,185,53131171520,108281238011,0
108955732320,68097648733,48424769920,105406565539,227,200,48424769920,219752464921,112,185,48424769920,98690540121,0
432683975520,270428744267,192303989120,418625526221,227,200,11311999360,51334330687,112,185,11311999360,23054332287,0
15641677560,9776094143,2606946260,5675446139,227,200,1226798240,5567286769,112,185,1226798240,2500291169,0
19419824220,12137447029,51786197920,112750178707,227,200,25893098960,117505094119,112,185,25893098960,52772346719,0
212890227840,133057017139,94617879040,206012800057,227,200,94617879040,429385118743,112,185,94617879040,192840421143,0
211990976640,132494983819,94218211840,205153048897,227,200,94218211840,427572757903,112,185,94218211840,192027228303,0
18916684566,11822984005,100888984352,219727727993,227,200,25222246088,114462989125,112,185,25222246088,51407373905,0
296817217944,185511650887,98939072648,215532182819,227,200,395756290592,1796038461337,112,185,395756290592,806647734857,0
36655723956,22909938011,97748597216,212970548297,227,200,48874298608,221805550841,112,185,48874298608,99619804321,0
36285100428,22678297745,96760267808,210843679487,227,200,48380133904,219564621755,112,185,48380133904,98614286995,0
36126920748,22579435205,96338455328,209935918847,227,200,48169227664,218608206215,112,185,48169227664,98185137055,0
35969056428,22480769765,95917483808,209029945247,227,200,47958741904,217653695975,112,185,47958741904,97756841215,0
22750085872,14218874795,91000343488,198447440287,227,200,91000343488,413009116055,112,185,91000343488,185508257335,0
8107631616,5067295753,10810175488,23589450529,227,200,10810175488,49064471903,112,185,10810175488,22039033183,0
8096406528,5060280055,10795208704,23557218271,227,200,10795208704,48996597665,112,185,10795208704,22008575905,0
8085189216,5053269217,10780252288,23525008045,227,200,10780252288,48928770407,112,185,10780252288,21978139687,0
21472281376,13420244937,85889125504,187440065335,227,200,85889125504,389829795581,112,185,85889125504,175106981821,0
256701670008,160439371123,85567223336,186746777087,227,200,342268893344,1553479864813,112,185,342268893344,697807631453,0
21375468160,13359736521,4500098560,9821369953,227,200,5029521920,22827858829,112,185,5029521920,10254054029,0
8006885760,5004329431,561886720,1226323861,227,200,627991040,2850311473,112,185,627991040,1280333873,0
7995730656,4997357473,10660974208,23268119389,227,200,10660974208,48387843623,112,185,10660974208,21735408103,0
7984583328,4990390375,10646111104,23236107451,227,200,10646111104,48320439185,112,185,10646111104,21705161425,0
7973443776,4983428137,10631258368,23204117545,227,200,10631258368,48253081727,112,185,10631258368,21674935807,0
7962312000,4976470759,10616416000,23172149671,227,200,10616416000,48185771249,112,185,10616416000,21644731249,0
31821438000,19888501741,42428584000,92608734079,227,200,42428584000,192574926251,112,185,42428584000,86503466251,0
42411694952,26507446639,84823389904,185144715175,227,200,169646779808,769993335907,112,185,169646779808,345876386387,0
8000811,4444903,3555916,4473829,261,173,7111832,20444597,129,192,7111832,11552423,0
776026217239,431127242395,83894726188,106246229175,261,173,6208209737912,17845220110097,129,192,6208209737912,10080757520427,0
749062815631,416147547379,80979763852,102578371839,261,173,5992502525048,17225121178073,129,192,5992502525048,9730366241475,0
711684371671,395381706459,2846737486684,3607247173203,261,173,5693474973368,16365500602193,129,192,5693474973368,9244633952235,0
80039413405,44466531881,320157653620,406417529817,261,173,128063061448,368098746271,129,192,640315307240,1039587065913,0
450061007515,250035085743,1800244030060,2289127637151,261,173,720097612024,2069765397193,129,192,3600488060120,5845018145439,0
197001916613,109446068173,394003833226,501601807503,261,173,1576015332904,4529836764019,129,192,1576015332904,2558318511273,0
85855919647,47697993603,343423678588,437757954651,261,173,686847357176,1974123545801,129,192,686847357176,1114865780115,0
82866465751,46037181307,331465863004,422661732939,261,173,662931726008,1905375990353,129,192,662931726008,1076025036459,0
236167329693,131204820361,314889772924,401731559499,261,173,629779545848,1810077411593,129,192,629779545848,1022183990739,0
227930464371,126628770799,303907285828,387859446111,261,173,607814571656,1746937666631,129,192,607814571656,986512328685,0
36967466423,20537602205,295739731384,377542759185,261,173,295739731384,849990672529,129,192,295739731384,479991864759,0
8906377658,4948017247,142502042528,181989272871,261,173,35625510632,102391311107,129,192,4453188829,7227456225,0
17582810986,9768287259,281324975776,359329530987,261,173,70331243944,202138678219,129,192,17582810986,28536398385,0
477060329291,265035258571,477060329291,610503690078,261,173,3816482634328,10968624209533,129,192,3816482634328,6193348072791,0
25884953560067,14380632086391,103539814240268,132755712030567,261,173,207079628480536,595132897357381,129,192,207079628480536,336008910555879,0
9684457729167,5380292623711,140354459843,179963587257,261,173,25825220611112,74219911851827,129,192,25825220611112,41904119309913,0
9641108544717,5356209657661,139726210793,179168156907,261,173,25709622785912,73887629880377,129,192,25709622785912,41716411325163,0
3169307610517,1760739110029,6338615221034,8129311071129,261,173,25354460884136,72866729999651,129,192,25354460884136,41139700467033,0
392280295127,217935071967,784560590254,1006329151287,261,173,3138242361016,9019045491601,129,192,3138242361016,5092019264067,0
385871221589,214374462693,385871221589,495048550509,261,173,3086969772712,8871664586467,129,192,3086969772712,5008763595561,0
1456297304303,809060127295,1456297304303,1869762094965,261,173,11650378434424,33481728205369,129,192,11650378434424,18902477168619,0
44522595166483,24734964889127,178090380665932,228790998696159,261,173,356180761331864,1023609728094389,129,192,356180761331864,577874741850615,0
1380761738615,767095763359,2761523477230,3548068586019,261,173,2209218781784,6348951494141,129,192,11046093908920,17921293292067,0
2618681894995,1454834785947,227711469130,292784772249,261,173,4189891031992,12040963986673,129,192,20949455159960,33987128616111,0
19892876029925,11051687502481,3459630613900,4451497625079,261,173,31828601647880,91468475847863,129,192,159143008239400,258173021874273,0
19826450925575,11014784516779,79305803702300,102047438805003,261,173,31722321480920,91162985147117,129,192,158611607404600,257310221585307,0
352552760161,195864240417,352552760161,453677748246,261,173,2820422081288,8105266376183,129,192,2820422081288,4575458616069,0
9635174523583,5352918884351,260410122259,335222679474,261,173,77081396188664,221513652143849,129,192,77081396188664,125043499217307,0
2408719468424347,1338188650601103,260402104694524,335327804788923,261,173,19269755747394776,55376424584593901,129,192,19269755747394776,31259276940469215,0
13453595436723,7474283593237,969628499944,1249516592853,261,173,35876254497928,103098219240103,129,192,35876254497928,58195769002905,0
4079023079,2266144006,1763901872,2275515009,261,173,32632184632,93774172657,129,192,32632184632,52930105485,0
11831846127,6573307058,63103179344,81448732923,261,173,31551589672,90668189347,129,192,31551589672,51175768815,0
4007475575963,2226395452025,32059804607704,41385382123365,261,173,32059804607704,92128453028749,129,192,32059804607704,51999703122939,0
2047275820522351,1137385752020115,8189103282089404,10571527300305195,261,173,16378206564178808,47065104135386873,129,192,16378206564178808,26564731590517923,0
5977349604084,3320779892941,31879197888448,41155927087521,261,173,3984899736056,11451166420181,129,192,7969799472112,12926623036455,0
11638572756,6465932477,62072388032,80139150897,261,173,7759048504,22296694189,129,192,15518097008,25169517639,0
488170681615,271208418541,3905365452920,5043439152549,261,173,781073090584,2244511913317,129,192,3905365452920,6334189829823,0
30702287476855,17056983985787,122809149907420,158641753163859,261,173,49123659962968,141162434978749,129,192,245618299814840,398366590758411,0
30476536868827,16931566401231,121906147475308,157494117563847,261,173,243812294950616,700621163916461,129,192,243812294950616,395434641678879,0
30182163816007,16768025056011,120728655264028,155997503313507,261,173,241457310528056,693852225992801,129,192,241457310528056,391611473461659,0
1849112253121,1027294255189,7396449012484,9560330982063,261,173,14792898024968,42508694358743,129,192,14792898024968,23991636560925,0
14204838557,7891651888,227277416912,293850523809,261,173,113638708456,326549477131,129,192,113638708456,184300177875,0
113342738353,62968786488,1813483813648,2344783099869,261,173,906741906824,2605590191639,129,192,906741906824,1470557593263,0
903277587251,501825660767,3613110349004,4671946697409,261,173,7226220698008,20765061951253,129,192,7226220698008,11719468905639,0
900819208757,500459888425,211957460884,274084872615,261,173,7206553670056,20708533311811,129,192,7206553670056,11687541516321,0
224739720707,124856592273,105759868568,136764141021,261,173,1797917765656,5166439114981,129,192,1797917765656,2915845285155,0
6992294599,3884645275,1645245788,2127717855,261,173,55938356792,160742500577,129,192,55938356792,90719879547,0
13943246303,7746322165,6561527672,8486130825,261,173,111545970424,320534352169,129,192,111545970424,180902834079,0
3948368893,2193559385,15793475572,20429026965,261,173,31586951144,90766884539,129,192,31586951144,51226575609,0
108735023131,60408932411,108735023131,140689311948,261,173,869880185048,2499639281453,129,192,869880185048,1410716789031,0
107434592791,59686467591,2903637643,3757706199,261,173,859476742328,2469736986833,129,192,859476742328,1393828238451,0
26401164223,14667457891,2854179916,3694790511,261,173,211209313784,606914800169,129,192,211209313784,342515786547,0
3331589281055,1850901289927,6663178562110,8627724109107,261,173,5330542849688,15317380897589,129,192,26652714248440,43221780865131,0
2661593030245,1478677469249,10646372120980,13785636615093,261,173,4258548848392,12236988482359,129,192,21292744241960,34529654648577,0
13283328394355,7379700191159,53133313577420,68802787923363,261,173,21253325430968,61071642678545,129,192,106266627154840,172328324349687,0
26503423938271,14724270846371,106013695753084,137283728493987,261,173,212027391506168,609262448344073,129,192,212027391506168,343835467018131,0
1651362126547,917432541799,6605448506188,8554264652223,261,173,13210897012376,37961590481141,129,192,13210897012376,21423460665783,0
204911037239,113840603223,204911037239,265400219124,261,173,1639288297912,4710495581617,129,192,1639288297912,2658332851251,0
25224753361,14013893045,4386913628,5683443885,261,173,201798026888,579864383303,129,192,201798026888,327238210893,0
393317113357,218511737357,17100744059,22164909462,261,173,3146536906856,9041476944491,129,192,3146536906856,5102325121377,0
6176036629987,3431166805687,24704146519948,32030675838639,261,173,49408293039896,141972498190181,129,192,49408293039896,80117337718407,0
6099387965323,3388583994559,1060763124404,1375664469921,261,173,48795103722584,140210053342589,129,192,48795103722584,79121968613391,0
24096545032609,13387109091453,4190703483932,5435989144947,261,173,192772360260872,553918937342327,129,192,192772360260872,312579002326701,0
1960587955891,1089226910535,7842351823564,10173350532735,261,173,15684703647128,45068943299093,129,192,15684703647128,25432543962903,0
3427875968755,1904395443143,13711503875020,17787300757551,261,173,5484601550008,15759630519697,129,192,27423007750040,44466007846359,0
4793499297335,2663083016059,19173997189340,24874063287363,261,173,7669598875736,22038065190653,129,192,38347994378680,62180636938827,0
19151709674255,10639950046643,76606838697020,99382707327051,261,173,30642735478808,88049766172997,129,192,153213677394040,248433123665859,0
5884968841855,3269461637139,23539875367420,30547935416223,261,173,9415950146968,27055951473685,129,192,47079750734840,76337532507027,0
361613364445,200898451689,1446453457780,1877663855673,261,173,578581383112,1662497813599,129,192,2892906915560,4690621016697,0
14431207099,8017422703,57724828396,74936708631,261,173,115449656792,331733243597,129,192,115449656792,187192060671,0
179766227615,99871192427,719064910460,933529398489,261,173,287625964184,826464146165,129,192,1438129820920,2331799511811,0
44845182161,24914256297,89690364322,116445583197,261,173,358761457288,1030864181383,129,192,358761457288,581698391109,0
268441832415,149135946719,89480610805,116178324234,261,173,143168977288,411381075367,129,192,715844886440,1160673001449,0
1071104732085,595064558081,1428139642780,1854329591139,261,173,571255857112,1641442792333,129,192,2856279285560,4631166865851,0
89083545109,49491389005,178167090218,231344757585,261,173,712668360872,2047775417507,129,192,712668360872,1155516867417,0
2134806841635,1186016526043,1423204561090,1848041147571,261,173,1138563648872,3271538071115,129,192,5692818244360,9230291279733,0
4262527389495,2368096201091,5683369852660,7380124943379,261,173,2273347941064,6532213533055,129,192,11366739705320,18429909374121,0
4243367112645,2357451545641,5657822816860,7347570514329,261,173,2263129126744,6502842678685,129,192,11315645633720,18346973828571,0
4213866724995,2341062353071,330499350980,429261465147,261,173,2247395586664,6457621469035,129,192,11236977933320,18219281363901,0
521548463409,289752291205,40905761836,53139413445,261,173,1390795902424,3996273915469,129,192,1390795902424,2254967526639,0
514372962957,285765880369,685830617276,891175454121,261,173,1371661234552,3941277366457,129,192,1371661234552,2223908708691,0
2717034431993,1509480150109,10868137727972,14124758767083,261,173,21736275455944,62455986091999,129,192,21736275455944,35241182849301,0
338822196265,188236623114,5421155140240,7045916408667,261,173,542115514024,1557688021171,129,192,2710577570120,4394667386307,0
338296576555,187944610558,5412745224880,7035194908449,261,173,541274522488,1555270864297,129,192,2706372612440,4387842106329,0
2700930470345,1500533455549,10803721881380,14042637461943,261,173,4321488752552,12417140249219,129,192,21607443762760,35032069574277,0
12593861295,6996666877,33583630120,43656306351,261,173,6716726024,19299460631,129,192,33583630120,54448687317,0
500281906065,277937472331,1334085082840,1734445470453,261,173,266817016568,766655392169,129,192,1334085082840,2162917022331,0
1328182316869,737887260257,5312729267476,6907675715109,261,173,10625458534952,30530491375667,129,192,10625458534952,17226688332513,0
1324648050331,735923767935,5298592201324,6889649188635,261,173,10597184402648,30449226815213,129,192,10597184402648,17180795703423,0
1322370524641,734658468845,5289482098564,6878032402905,261,173,10578964197128,30396858930743,129,192,10578964197128,17151221957133,0
5284303626265,2935756930309,21137214505060,27485715917313,261,173,8454885802024,24293673090931,129,192,42274429010120,68537645238117,0
3377986204651,1876679914143,13511944818604,17570617955991,261,173,27023889637208,77648513739293,129,192,27023889637208,43812566891247,0
524319881245,291292079537,2097279524980,2727604930959,261,173,838911809992,2410464592543,129,192,4194559049960,6800389887081,0
1298975774485,721661312777,5195903097940,6758693905239,261,173,2078361239176,5971787319367,129,192,10391806195880,16847441966721,0
20664445355119,11480376722835,82657781420476,107531146963755,261,173,165315562840952,475002947986937,129,192,165315562840952,268011702919587,0
20560171117447,11422446264139,82240684469788,106999142877603,261,173,164481368939576,472605346097441,129,192,164481368939576,266657719498203,0
10246235842895,5692417628083,40984943371580,53326862584731,261,173,16393977348632,47104871840261,129,192,81969886743160,132889328167299,0
40801496392865,22667754947581,163205985571460,212371447464117,261,173,65282394228584,187575880339787,129,192,326411971142920,529175293726893,0
324967634797039,180539625943315,1299870539188156,1691601587391915,261,173,2599741078376312,7469825319218297,129,192,2599741078376312,4214648038865187,0
41015931,22372327,7636420608,13376413025,1253,612,656254896,2293164469,625,945,59659536,108132967,0
13686878212023,7465570606502,3503840822277888,6143446651785307,1253,612,218990051392368,765221627213171,625,945,218990051392368,396919897312939,0
24692017754865,13468374599761,50569252361963520,88674533415314101,1253,612,395072284077840,1380509613373159,625,945,395072284077840,716069330845583,0
44936985664635,24511085527454,11503868330146560,20174259873358333,1253,612,718991770634160,2512388585990951,625,945,24792819677040,44937039293003,0
44539591725979,24294325186462,11402135481850624,19996038857076453,1253,612,712633467615664,2490170640747847,625,945,24573567848816,44539645116395,0
44127708462187,24069661576798,11296693366319872,19811319371911953,1253,612,706043335394992,2467142610070039,625,945,706043335394992,1279705086559471,0
41182387421811,22463122746590,10542691179983616,18490405183204411,1253,612,21255425766096,74273300096321,625,945,658918198748976,1194290724766711,0
38384868191019,20937203084414,9826526256900864,17235691702747117,1253,612,19811544872784,69227918059145,625,945,614157891056304,1113162614921071,0
16581716299323,9044573576431,33959354981013504,59575224234157315,1253,612,265307460789168,927069790209637,625,945,265307460789168,480870442278941,0
7101396464607,3873489465230,454489373734848,797467865983183,1253,612,113622343433712,397033131221387,625,945,113622343433712,205940806607107,0
6975213033805,3804662134996,7142618146616320,12533062409228103,1253,612,111603408540880,389978325740989,625,945,111603408540880,202281484343653,0
6864213535195,3744116950114,3514477330019840,6166942412660901,1253,612,109827416563120,383772440653951,625,945,3787152295280,6864224015363,0
105914403677195,57771500399949,216912698730895360,380640996450065389,1253,612,99684144637360,348328583122473,625,945,58435533063280,105914568349733,0
1652156276705455,901176269175566,26434500427287280,46389195311085167,1253,612,1554970613369840,5433569417700907,625,945,26434500427287280,47912607464970963,0
100486106493446,54810610832733,205795546098577408,361158890173733371,1253,612,401944425973784,1404523636900527,625,945,401944425973784,728525434968595,0
4532492441753,2472268939828,4641272260355072,8145600172928371,1253,612,72519879068048,253407885308905,625,945,72519879068048,131442494691057,0
17696861998710,9652835142277,36243173373358080,63610292055836947,1253,612,70787447994840,247354215657367,625,945,70787447994840,128302460796059,0
5744960571795,3133615293154,2941419812759040,5162677769224561,1253,612,91919369148720,321195982222711,625,945,91919369148720,166604134629647,0
10718512934733,5846462442863,21951514490333184,38532578252137367,1253,612,171496206955728,599263201651175,625,945,171496206955728,310837412366767,0
10137772588833,5529694958063,20762158261929984,36447941802670367,1253,612,9541433024784,33340853658475,625,945,162204361421328,293995927406467,0
5046879048227,2752843525674,2584002072692224,4536243188455135,1253,612,4750003810096,16598050001799,625,945,80750064771632,146359752995599,0
5018907087111,2737586091206,1284840214300416,2255570423957803,1253,612,80302513393776,280602961920515,625,945,80302513393776,145548565401019,0
552047465357,301116844316,565296604525568,992408722819731,1253,612,8832759445712,30864519388781,625,945,8832759445712,16009405224725,0
14801612969037,8073608285602,3789212920073472,6652241476382501,1253,612,236825807504592,827546002094305,625,945,236825807504592,429247549091273,0
44217112152379,24118428437442,22639161422018048,39744977530299101,1253,612,707473794438064,2472142365979167,625,945,707473794438064,1282298566479095,0
29305642615037,15984898382795,60017956075595776,105367622768063211,1253,612,468890281840592,1638454378261727,625,945,468890281840592,849865174026407,0
38816795314997,21172800648544,39748398402556928,69783090623893585,1253,612,621068725039952,2170215115081933,625,945,621068725039952,1125689108287029,0
58024205977171,31649571694333,118833573841246208,208627776237219021,1253,612,928387295634736,3244085663675233,625,945,928387295634736,1682705034266905,0
57856355759493,31558017023203,118489816595441664,208025233018965187,1253,612,925701692151888,3234701303279095,625,945,925701692151888,1677837373525247,0
8538129970605,4657162510514,2185761272474880,3837429624875923,1253,612,136610079529680,477359831337761,625,945,136610079529680,247606221084937,0
12772752921495,6966957200116,13079298991610880,22962757919290073,1253,612,204364046743920,714114122666359,625,945,204364046743920,370410511717103,0
12716445680505,6936244157236,13021640376837120,22861692190947923,1253,612,203463130888080,710966033544649,625,945,203463130888080,368777600235473,0
29678798606445,16188438109526,15195544886499840,26679567195738089,1253,612,474860777703120,1659317290695449,625,945,474860777703120,860686758421633,0
577326755054095,314905552182582,147795649293848320,259503918606058879,1253,612,9237228080865520,32277866127366123,625,945,9237228080865520,16742507430231011,0
574930298035997,313598393706322,147182156297215232,258428514810193051,1253,612,9198884768575952,32143882285780945,625,945,9198884768575952,16673010111150393,0
573248383026651,312680985447230,146751586054822656,257673758799042481,1253,612,9171974128426416,32049847870548551,625,945,9171974128426416,16624234529831071,0
2588279384949,1411788980617,5300796180375552,9307795327011589,1253,612,41412470159184,144708584781787,625,945,41412470159184,75060245834915,0
4239627586254,2312524512329,8682757296648192,15247030198843631,1253,612,16958510345016,59258529682235,625,945,16958510345016,30737359712719,0
12609135234590,6877711246213,25823508960440320,45347077480670243,1253,612,1626985191560,5685213441583,625,945,1739191066840,3152289959049,0
19814178928975,10807735734469,40579438446540800,71261285322932349,1253,612,10226672995600,35735309677171,625,945,10931960788400,19814217939593,0
32393611643950,17669245641813,66342116646809600,116506854648774323,1253,612,129574446575800,452775115815213,625,945,129574446575800,234854151264161,0
32108027613218,17513472521219,65757240551870464,115481519554040373,1253,612,128432110452872,448783426526171,625,945,128432110452872,232783664980295,0
124499154898773,67908641421838,63743567308171776,111951351701301703,1253,612,1991986478380368,6960646666154065,625,945,1991986478380368,3610482814424057,0
20112443292789,10970425497338,20112443292789,35324993715175,1253,612,321799092684624,1124470405236761,625,945,321799092684624,583262056901953,0
29417201762505,16045749205264,30123214604805120,52910108356941917,1253,612,470675228200080,1644691947608161,625,945,470675228200080,853100630719337,0
570322492611,311085050894,146002558108416,256461853461409,1253,612,9125159881776,31886269977167,625,945,9125159881776,16539387327463,0
2297880640590,1253389665373,4706059551928320,8266986831478603,1253,612,9191522562360,32118163709233,625,945,9191522562360,16659670539941,0
824448086895,449699039038,105529355122560,185395827032113,1253,612,13191169390320,46094230047547,625,945,13191169390320,23909047186739,0
32035277389,17473790921,65608248092672,115268231335093,1253,612,512564438224,1791066665843,625,945,512564438224,929025120507,0
2345680206145,1279462171792,2401976531092480,4220273916698421,1253,612,37530883298320,131145102079513,625,945,37530883298320,68024879843041,0
6911435203357,3769874464275,14154619296475136,24870565477034051,1253,612,110582963253712,386412814803567,625,945,110582963253712,200432078336567,0
6800944497031,3709606800546,47699775102464,83814271706747,1253,612,108815111952496,380235373816395,625,945,108815111952496,197227844195459,0
8839044021130,4821297675079,247977563770880,435749245497513,1253,612,35356176084520,123545975641699,625,945,35356176084520,64083218489983,0
2886939480155,1574694570834,1478113013839360,2597467625883001,1253,612,1490033280080,5206660885761,625,945,46191031682480,83721442022647,0
68536505654627,37383555912901,140362763580676096,246663117169604357,1253,612,35373680337872,123607145078911,625,945,1096584090474032,1987563368604825,0
1636452716858287,892610749354830,52366486939465184,92025969835077089,1253,612,26183243469732592,91492769770539867,625,945,26183243469732592,47457241410587987,0
67650404464081,36900227942971,138548028342437888,243480663004341699,1253,612,1082406471425296,3782280335033395,625,945,1082406471425296,1961866403573659,0
2804514214661,1529735330664,2871822555812864,5046919186273421,1253,612,44872227434576,156798161110797,625,945,44872227434576,81331106486773,0
11009649921477,6005264800151,22547763039184896,39626844073857407,1253,612,5682399959472,19856154519761,625,945,176154398743632,319280617545175,0
1193289620546,650885379981,2443857142878208,4295214183887779,1253,612,76986427132,269015634825,625,945,2386579241092,4325685434213,0
10641109964406,5804242984975,21792993207103488,38303150763200833,1253,612,21282219928812,74367004329617,625,945,21282219928812,38574118221067,0
42501976556867,23182901045094,5440252999278976,9561765546939805,1253,612,40001860288816,139779521677359,625,945,680031624909872,1232560345129399,0
2490684120183,1358555253022,39850945922928,70042426303127,1253,612,2344173289584,8191304606483,625,945,39850945922928,72230017089659,0
1488540380586,811931284373,3048530699440128,5358312481480331,1253,612,87561198858,305967338989,625,945,744270190293,1348993063220,0
81855362429330,44648388812369,167639782255267840,294667233676158639,1253,612,40927681214665,143014647106708,625,945,81855362429330,148363215458447,0
81323300685710,44358173285513,166550119804334080,292756094135846703,1253,612,325293202742840,1136680396761803,625,945,325293202742840,589595409353951,0
81153269395138,44265428935503,166201895721242624,292145349637591097,1253,612,324613077580552,1134303820485885,625,945,324613077580552,588362680950473,0
240654962065558,131266370580877,492861362310262784,866361133269527211,1253,612,962619848262232,3363707320054939,625,945,962619848262232,1744752882921631,0
7217856985662,3937013747435,14782171106635776,25986794219008901,1253,612,849159645372,2967240545867,625,945,14435713971324,26164799054669,0
2326990421772,1269267780139,4765676383789056,8378609773914865,1253,612,1095054316128,3826476804907,625,945,18615923374176,33741449591707,0
4639817085364,2530809873153,9502345390825472,16706338806160115,1253,612,37118536682912,129704269499673,625,945,37118536682912,67277524420249,0
9264394491273,5053307192966,4743369979531776,8339482926193475,1253,612,148230311860368,517965040415477,625,945,148230311860368,268668146396221,0
9247860986571,5044288916686,2367452412562176,4162317231338723,1253,612,4773089541456,16678731166345,625,945,147965775785136,268188674129519,0
9200050327961,5018210372766,4710425767916032,8281696408264621,1253,612,4748413072496,16592503634955,625,945,147200805247376,266802163205149,0
4528356378523,2470013117283,9274073863215104,16305931571961407,1253,612,4261982473904,14892756774285,625,945,72453702056368,131322684077717,0
6686052389834,3646938481481,13693035294380032,24076362943129863,1253,612,786594398804,2748617420273,625,945,13372104779668,24237004853479,0
4992650591327,2723264568294,1278118551379712,2247329604629045,1253,612,79882409461232,279135198083163,625,945,79882409461232,144787255938259,0
212931657884414,116144566659419,436084035347279872,766772002409426901,1253,612,425863315768828,1488105352127095,625,945,425863315768828,771879332947657,0
2266547448563051,1236298885300806,36264759177008816,63765092777568773,1253,612,36264759177008816,126720899302826055,625,945,36264759177008816,65730052730300959,0
353473459989702,192803748687935,723913646058909696,1272878411811979121,1253,612,706946919979404,2470303172803519,625,945,706946919979404,1281344740773449,0
913094240721,498051516178,58438031406144,102755264484263,1253,612,14609507851536,51050387117413,625,945,14609507851536,26479804531565,0
17315803262094,9444985737461,35462765080768512,62358248303543123,1253,612,69263213048376,242028268564277,625,945,69263213048376,125539914973033,0
85908301949054,46859084448633,175940202391662592,309381609193627615,1253,612,343633207796216,1200766574325039,625,945,343633207796216,622836889119907,0
32093112345710,17505337995979,65726694084014080,115577998825238789,1253,612,64186224691420,224287617542297,625,945,64186224691420,116337850394139,0
7678288814005,4188158490831,15725135491082240,27652286761451591,1253,612,122852621024080,429287154867279,625,945,122852621024080,222670985482583,0
102089723487915,55685316448352,104539876851624960,183832199535565231,1253,612,1633435575806640,5707757046335123,625,945,1633435575806640,2960610101403691,0
33930922848639,18507780335644,34745264997006336,61099588520681213,1253,612,542894765578224,1897051515325135,625,945,542894765578224,983999465425031,0
8444091266653,4605869020310,4323374728526336,7602743413613041,1253,612,135105460266448,472102580013833,625,945,135105460266448,244879320895473,0
4210628410009,2296706933085,118128314845184,207732435541889,1253,612,67370054560144,235412962676919,625,945,67370054560144,122108560515359,0
8406181045073,4585190715255,235833681922048,414722907324703,1253,612,134498896721168,469983051485883,625,945,134498896721168,243779922954403,0
16753513241087,9138282054604,17155597558873088,30169057678819525,1253,612,268056211857392,936675913428463,625,945,268056211857392,485853226930599,0
16674980285157,9095445891884,17075179812000768,30027982188762595,1253,612,266799684562512,932285202049253,625,945,266799684562512,483575768056909,0
8304142247322,4529533182791,17006883322515456,29908170215471057,1253,612,33216568989288,116069537075399,625,945,33216568989288,60205198431235,0
131892451354830,71941353807341,270115740374691840,475031959690358651,1253,612,527569805419320,1843501164945161,625,945,527569805419320,956222936723197,0
932181774733595,508462904644134,102156906820120,179658259508323,1253,612,14914908395737520,52117560408181431,625,945,14914908395737520,27033347022940687,0
16758204735646887,9140841077042366,7346062349872608,12919193581323041,1253,612,268131275770350192,936938237401919411,625,945,268131275770350192,485989296481672555,0
33467335651051899,18254914612650982,66934671302103798,117715458182455171,1253,612,535477370416830384,1871132798838199447,625,945,535477370416830384,970555450185770735,0
3094182131759787,1687736104615610,1584221251461010944,2786205752556911519,1253,612,49506914108156592,172993327881523487,625,945,49506914108156592,89731534713387127,0
570765839994943,311326895531658,292232110077410816,513976061669067773,1253,612,9132253439919088,31911076932992115,625,945,9132253439919088,16552256390810987,0
568383061528589,310027198032246,291012127502637568,511835719007940817,1253,612,9094128984457424,31777857792649593,625,945,9094128984457424,16483155716953057,0
2890591,1839515,5781182,7918819,259,209,1051124,2364309,128,197,11562364,8141747,0
68308081483,43471060103,136616162966,194254088917,259,209,273232325932,614396372067,128,197,273232325932,192292462367,0
66077770543,42051733883,132155541086,188141605657,259,209,264311082172,594329751207,128,197,264311082172,186010522547,0
64198716751,40855940123,128397433502,182987366329,259,209,256794867004,577423589319,128,197,256794867004,180718007123,0
63481977013,40399820633,126963954026,181020851887,259,209,253927908052,570974975037,128,197,253927908052,178699255937,0
62917918441,40040864477,125835836882,179472961699,259,209,251671673764,565900063569,128,197,251671673764,177110546981,0
13583910583,8644816607,54335642332,77958782579,259,209,54335642332,122171066307,128,197,54335642332,38234511695,0
93880431521,59745874441,375521726084,541988246833,259,209,375521726084,844299910629,128,197,375521726084,264220431289,0
2972604699331,1891777911839,5945209398662,8584626985189,259,209,11890418797324,26733580270299,128,197,11890418797324,8366145557495,0
89284215281,56820916321,357136861124,516595261663,259,209,357136861124,802949349069,128,197,357136861124,251276129569,0
169647122221,107964449117,678588488884,983823829763,259,209,678588488884,1525637828889,128,197,678588488884,477427809821,0
10611863538211,6753458948351,21223727076422,30802380027589,259,209,42447454152844,95431716878139,128,197,42447454152844,29863857172439,0
4898735971025,3117596128261,1959494388410,2854667540683,259,209,3918988776820,8810507906757,128,197,19594943884100,13785190275277,0
2257700964775,1436823702611,903080385910,1320757786733,259,209,1806160771820,4060399810707,128,197,9030803859100,6352855473227,0
1103269770665,702132620413,441307908266,646150227451,259,209,882615816532,1984174297533,128,197,4413079082660,3104392082821,0
107670368975,68522630299,43068147590,63136049797,259,209,86136295180,193637612763,128,197,430681475900,302958258643,0
65415594725,41631262609,13083118945,19206940751,259,209,52332475780,117643893633,128,197,8440721900,5937401623,0
7903390573,5029818305,15806781146,23246048557,259,209,31613562292,71066504997,128,197,1019792332,717326231,0
7765451915,4942035751,3106180766,4572244405,259,209,6212361532,13965123879,128,197,31061807660,21848693887,0
177892505,113213197,71157002,104824735,259,209,142314004,319913613,128,197,711570020,500507989,0
7400589175,4709841251,2960235670,4368531773,259,209,5920471340,13308671907,128,197,29602356700,20821292507,0
95879525,61019177,38351810,56684311,259,209,76703620,172420329,128,197,383518100,269747089,0
790111525,502839129,316044610,467399777,259,209,632089220,1420851513,128,197,3160446100,2222875553,0
2349358411,1495168375,4698716822,6952316599,259,209,9397433644,21124076979,128,197,9397433644,6609562607,0
27096581549,17244715993,27096581549,40180911193,259,209,108386326196,243632157741,128,197,108386326196,76229468689,0
103608191395,65938103807,41443276558,61609900817,259,209,82886553116,186309338175,128,197,414432765580,291464212439,0
4087666801,2601465701,8175333602,12163012399,259,209,16350667204,36752174649,128,197,16350667204,11499031469,0
101202085495,64406879843,40480834198,60259647485,259,209,80961668396,181980514467,128,197,404808341980,284689475291,0
94271813377,59996516021,188543626754,281843188783,259,209,377087253508,847561581513,128,197,377087253508,265176439421,0
86916880627,55315888271,173833761254,261111146533,259,209,347667522508,781402826763,128,197,347667522508,244468989671,0
5315878525,3383149943,8505405640,12792739181,259,209,4252702820,9558082251,128,197,21263514100,14951523851,0
10529995225,6701539307,16847992360,25355676569,259,209,8423996180,18933093999,128,197,42119980900,29616548399,0
152895530667,97306397087,50965176889,76748907693,259,209,18532791596,41652575051,128,197,203860707556,143342657421,0
50626503939,32219936279,16875501313,25423529181,259,209,6136545932,13791877667,128,197,67502005252,47463056757,0
50082064857,31873458533,16694021619,25167210868,259,209,6070553316,13643476841,128,197,66776086476,46952125855,0
2299181841,1463257372,12262303152,18510460139,259,209,139344354,313170659,128,197,1532787894,1077723091,0
1236652519,787037420,19786440304,29895028943,259,209,2473305038,5558606433,128,197,2473305038,1738988059,0
156618734711,99676236499,313237469422,473587468259,259,209,626474938844,1407956734719,128,197,626474938844,440471557675,0
284780702943,181241919779,94926900981,143596839787,259,209,34518873084,77578283999,128,197,379707603924,266968347673,0
4443862005,2828190691,2370059736,3585514841,259,209,107729988,242113967,128,197,5925149340,4165903349,0
19366143185,12325123807,30985829096,46880451331,259,209,15492914548,34818978987,128,197,77464572740,54464363419,0
617427805331,392947395823,1234855610662,1868737943549,259,209,2469711221324,5550449496939,128,197,2469711221324,1736416118983,0
38455332803,24473995735,38455332803,58208467351,259,209,153821331212,345698643267,128,197,153821331212,108149030431,0
38368429349,24418690801,38368429349,58085414953,259,209,153473717396,344916963621,128,197,153473717396,107904375145,0
140444695479,89382754027,46814898493,70880211436,259,209,17023599452,38258814247,128,197,187259593972,131658331729,0
35033740797,22296410473,11677913599,17683501003,259,209,4246514036,9543597661,128,197,46711654396,32841918475,0
34869669681,22191996397,11623223227,17606042089,259,209,4226626628,9498876913,128,197,46492892908,32687951767,0
619845765,394486619,330584408,500893997,259,209,15026564,33770455,128,197,826461020,581060621,0
4320772995,2749857437,2304412264,3492545691,259,209,104746012,235403905,128,197,5761030660,4050394683,0
34408539231,21898535107,11469513077,17388267189,259,209,4170732028,9373187263,128,197,45878052308,32255222457,0
37443938771,23830349311,74887877542,113551503779,259,209,149775755084,336601383579,128,197,149775755084,105301717879,0
299271610207,190464667403,598543220414,907618652533,259,209,1197086440828,2690293442103,128,197,1197086440828,841625764355,0
149040230459,94853312647,298080460918,452121099611,259,209,596160921836,1339789685571,128,197,596160921836,419136212287,0
148365748409,94424075197,296731496818,450208743161,259,209,593462993636,1333722911121,128,197,593462993636,417237408037,0
147718970915,94012468783,59087588366,89674958611,259,209,118175176732,265581067023,128,197,590875883660,415416599911,0
7303796605,4648342289,2921518642,4437148601,259,209,5843037284,13131267057,128,197,29215186420,20539556633,0
2255231930,1435294123,7216742176,10969351739,259,209,1804185544,4054581945,128,197,9020927720,6342026221,0
560144702,356492233,8962315232,13628501629,259,209,2240578808,5035277583,128,197,2240578808,1575193855,0
685505327,436275475,685505327,1042805059,259,209,2742021308,6162153903,128,197,2742021308,1927711099,0
2220194873,1412996671,17761558984,27025496963,259,209,8880779492,19957764807,128,197,8880779492,6243391723,0
2216896787,1410897781,17735174296,26988033617,259,209,8867587148,19928099853,128,197,8867587148,6234107161,0
17695646269,11262026753,35391292538,53863806391,259,209,70782585076,159069260421,128,197,2283309196,1605212279,0
17616668623,11211765659,35233337246,53639491417,259,209,70466674492,158358889287,128,197,2273118532,1598040269,0
4374653449,2784158993,17498613796,26652052097,259,209,17498613796,39324259341,128,197,17498613796,12301727489,0
17401642867,11074923995,69606571468,106057101431,259,209,69606571468,156424827663,128,197,69606571468,48933926219,0
17332072135,11030649407,13865657708,21132329923,259,209,13865657708,31159814247,128,197,69328288540,48738077519,0
3452957885,2197566181,2762366308,4211166257,259,209,2762366308,6207755805,128,197,13811831540,9709734037,0
8537106305,5433274207,13659370088,20839115995,259,209,6829685044,15347974923,128,197,34148425220,24006089659,0
33642399161,21411063271,269139193288,411024283631,259,209,134569596644,302408064639,128,197,134569596644,94599863779,0
1069934221051,680939449847,2139868442102,3269346533989,259,209,4279736884204,9617491975059,128,197,4279736884204,3008552869391,0
1067715643261,679527552737,2135431286522,3263032410979,259,209,4270862573044,9597537130149,128,197,4270862573044,3002307477641,0
1064854092415,677706469067,425941636966,650977442333,259,209,851883273932,1914359827851,128,197,4259416369660,2994252106499,0
1054335581005,671012514929,421734232402,644989072391,259,209,843468464804,1895438254257,128,197,4217342324020,2964642133913,0
521804787203,332093254015,1043609574406,1597196037377,259,209,2087219148812,4690358828667,128,197,2087219148812,1467224183191,0
520608643529,331332030781,1041217287058,1593788526851,259,209,2082434574116,4679600283441,128,197,2082434574116,1463857036165,0
1030246649809,655682371397,2060493299618,3156321582511,259,209,4120986599236,9260526797721,128,197,4120986599236,2896831748237,0
127374334823,81065204659,254748669646,390530264717,259,209,509497339292,1144915401087,128,197,509497339292,358144725739,0
63383444305,40339313477,25353377722,38879821715,259,209,50706755444,113945185413,128,197,253533777220,178217393549,0
126194530505,80314379197,50477812202,77433166135,259,209,100955624404,226860782013,128,197,504778122020,354823625989,0
249821141755,158994538679,99928456702,153401419241,259,209,199856913404,449102255607,128,197,999284567020,702418691663,0
247062364195,157238856191,98824945678,151826568929,259,209,197649891356,444139649343,128,197,988249456780,694652954327,0
122736545051,78113722039,245473090102,377297935169,259,209,490946180204,1103201999379,128,197,490946180204,345089643535,0
61029722539,38841408167,122059445078,187682182381,259,209,244118890156,548556021891,128,197,244118890156,171591837887,0
487414939271,310207610131,974829878542,1499107459829,259,209,1949659757084,4381047405279,128,197,1949659757084,1370418492619,0
3889742073295,2475565807259,1555896829318,2393101234853,259,209,3111793658636,6992447631579,128,197,15558968293180,10936388469203,0
160901405385,102403236797,21453520718,33014485373,259,209,42907041436,96415076159,128,197,214535207180,150795370583,0
816771669,519822581,1089028892,1679008949,259,209,1089028892,2447081467,128,197,1089028892,765447815,0
545544549,347204551,1454785464,2247629983,259,209,66126612,148585687,128,197,727392732,511246265,0
99115533,63080803,264308088,408719281,259,209,12014004,26995099,128,197,132154044,92882789,0
10431475131,6638979575,6954316754,10757558943,259,209,1264421228,2841107123,128,197,13908633508,9775452549,0
4677126349,2976697725,18708505396,28942359107,259,209,18708505396,42037279161,128,197,18708505396,13148945213,0
65737409,41837745,262949636,406850287,259,209,262949636,590836701,128,197,262949636,184809073,0
55888620925,35569612433,22355448370,34595069129,259,209,44710896740,100463346801,128,197,223554483700,157120541081,0
13941931975,8873169011,5576772790,8631444893,259,209,11153545580,25061471667,128,197,55767727900,39195064427,0
203783913663,129695760251,135855942442,210324257569,259,209,24701080444,55501991399,128,197,271711884884,190965647921,0
101578448433,64648363165,33859482811,52431284512,259,209,12312539204,27665551489,128,197,4368965524,3070602457,0
3446619463,2193559475,6893238926,10677902617,259,209,13786477852,30977305407,128,197,444725092,312560501,0
429135098,273117931,6866161568,10639078951,259,209,1716540392,3856942557,128,197,1716540392,1206408493,0
6842723846,4354971109,109483581536,169687556617,259,209,27370895384,61500285459,128,197,27370895384,19236565315,0
872198701927,555100741907,1744397403854,2704474008673,259,209,3488794807708,7839029605023,128,197,3488794807708,2451950522123,0
92868,54181,7739,7885,51,46,61912,116029,24,37,61912,53973,0
231581836,135129991,57895459,60117579,51,46,463163672,867579565,24,37,463163672,402224213,0
32108452,18737779,16054226,16913655,51,46,64216904,120241873,24,37,64216904,55601141,0
4219036,2462475,1054759,1129803,51,46,8438072,15792601,24,37,8438072,7280513,0
6397364,3734191,3198682,3460971,51,46,12794728,23939813,24,37,12794728,11015737,0
10158988,5930327,2539747,2772471,51,46,2902568,5429563,24,37,20317976,17459429,0
36084076,21065075,9021019,9898698,51,46,10309736,19282663,24,37,72168152,61944833,0
130397356,76126031,32599339,35933979,51,46,260794712,487711045,24,37,260794712,223627373,0
59140244,34527497,14785061,16373979,51,46,118280488,221166467,24,37,118280488,101318827,0
26157580,15272231,6539395,7286331,51,46,52315160,97804429,24,37,10463032,8950513,0
6097780,3560331,3048890,3409437,51,46,12195560,22797529,24,37,2439112,2084833,0
1331980,777759,332995,375189,51,46,2663960,4978741,24,37,532792,454633,0
17141340,10009807,1428445,1623574,51,46,11427560,21351831,24,37,2285512,1946363,0
15946164,9312241,1328847,1517041,51,46,10630776,19860521,24,37,10630776,9044129,0
6029244,3521069,1004874,1151239,51,46,4019496,7508485,24,37,4019496,3416809,0
3904540,2280283,976135,1120383,51,46,7809080,14586697,24,37,1561816,1327069,0
3092900,1806289,773225,888054,51,46,6185800,11554331,24,37,247432,210211,0
3830800,2237243,3830800,4402317,51,46,7661600,14310697,24,37,306464,260327,0
3766384,2199645,3766384,4333083,51,46,7532768,14069599,24,37,7532768,6397097,0
7393844,4318203,3696922,4258365,51,46,14787688,27619241,24,37,14787688,12554677,0
3400900,1986319,1700450,1969893,51,46,6801800,12701701,24,37,272072,230681,0
2477900,1447319,619475,722259,51,46,4955800,9252701,24,37,198232,167821,0
5953940,3477733,1488485,1740408,51,46,11907880,22230647,24,37,2381576,2014859,0
359966,210263,719932,843813,51,46,719932,1343933,24,37,179983,152182,0
34898134,20384813,69796268,81871125,53,46,69796268,130289071,25,38,34898134,29502061,0
2372080748,1385588013,1186040374,1391270019,53,46,4744161496,8855943695,25,38,4744161496,4010573059,0
592869596,346309099,148217399,173867847,53,46,1185739192,2213422457,25,38,1185739192,1002384193,0
7114187124,4155564407,1185697854,1390897861,53,46,4742791416,8853380479,25,38,4742791416,4009394539,0
2467541124,1441349195,411256854,482439373,53,46,1645027416,3070774963,25,38,1645027416,1390643839,0
7108579668,4152291175,1184763278,1389882401,53,46,4739053112,8846386671,25,38,4739053112,4006178923,0
28419445092,16600482565,2368287091,2778418027,53,46,18946296728,35366995869,25,38,18946296728,16016186437,0
7102539732,4148765491,1183756622,1388788583,53,46,4735026488,8838853467,25,38,4735026488,4002715327,0
3550898148,2074165763,591816358,694326973,53,46,338180776,631280445,25,38,2367265432,2001144503,0
7101280452,4148030413,591773371,694280263,53,46,676312424,1262468979,25,38,4734186968,4001993197,0
3549896844,2073581273,591649474,694145635,53,46,2366597896,4417714257,25,38,2366597896,2000570309,0
1230803964,718942909,205133994,240682439,53,46,820535976,1531687445,25,38,820535976,693620729,0
7091169732,4142128493,590930811,693364703,53,46,4727446488,8824672453,25,38,4727446488,3996195277,0
6942931484,4055542487,1735732871,2036809764,53,46,13885862968,25920511517,25,38,13885862968,11737695997,0
6933846740,4050239453,1733461685,2034341478,53,46,13867693480,25886519327,25,38,2773538696,2344413539,0
7071999420,4130938219,589333285,691628623,53,46,4714666280,8800762707,25,38,942933256,797040479,0
7215790164,4214930333,601315847,705694970,53,46,4810526776,8979701877,25,38,4810526776,4066225829,0
6923774132,4044359773,1730943533,2031604764,53,46,13847548264,25848830879,25,39,13847548264,11704740031,0
2350951676,1373254355,587737919,689894703,53,46,4701903352,8776885361,25,39,4701903352,3974224633,0
611369664,357117671,203789888,239221679,53,46,407579776,760814511,25,39,407579776,344498129,0
1761064896,1028686411,587021632,689116147,53,46,1174043264,2191541235,25,39,1174043264,992323981,0
7042778868,4113881305,586898239,688982023,53,46,4695185912,8764318161,25,39,4695185912,3968446873,0
1760566296,1028395363,586855432,688935493,53,46,1173710864,2190919371,25,39,1173710864,992038081,0
3520762440,2056574657,1173587480,1377736871,53,46,2347174960,4381377081,25,39,469434992,396772783,0
4022407740,2349600067,335200645,393519469,53,46,2681605160,5005640811,25,39,536321032,453303143,0
125634165,73386431,167512220,196663967,53,46,83756110,156343863,25,39,33502444,28316291,0
304946535,178127869,406595380,477373333,53,46,203297690,379486437,25,39,81319076,68730289,0
292914049,171099384,1171656196,1375637541,53,46,292914049,546768860,25,39,1171656196,990270859,0
439355664,256640081,146451888,171949109,53,46,292903776,546749641,25,39,292903776,247558879,0
3513947184,2052596383,1171315728,1375267435,53,46,2342631456,4372876967,25,39,2342631456,1979956049,0
6749526124,3942591065,3374763062,3962503509,53,46,13499052248,25198005619,25,39,13499052248,11409108767,0
92926721228,54281159851,23231680307,27278022930,55,46,185853442456,346923182777,26,40,185853442456,157078827049,0
4932699863628,2881331293499,411058321969,482653796786,55,46,3288466575752,6138413551523,26,40,3288466575752,2779332260883,0
8776086870828,5126363767373,1462681145138,1717442362873,55,46,5850724580552,10921250272805,26,40,5850724580552,4944890023233,0
172078240500,100515830899,28679706750,33674997251,55,46,114718827000,214139799707,26,40,4588753080,3878301671,0
17207644500,10051478281,1433970375,1683733597,57,46,11471763000,21413756033,27,41,458870520,387826049,0
8418193023940,4917307812387,4209096511970,4942222564179,57,46,2405198006840,4489660617559,27,41,3367277209576,2845939332049,0
502375293196,293451807549,251187646598,294938720319,57,46,143535798056,267930961801,27,41,1004750586392,849190274243,0
2048657890692,1196679793961,170721490891,200457269354,57,46,195110275304,364202408471,27,41,1365771927128,1154316493137,0
6154141577628,3594810490511,512845131469,602171038130,57,46,4102761051752,7658414980439,27,41,4102761051752,3467551664583,0
6162607315084,3599755571323,1540651828771,1808998233210,57,46,12325214630168,23006850043561,27,41,12325214630168,10416964987097,0
5737145554692,3351231174485,478095462891,561369012917,57,46,3824763703128,7139491403629,27,42,3824763703128,3232594884037,0
591908719644,345750851615,49325726637,57917190734,57,46,394605813096,736590543463,27,42,394605813096,333510957559,0
4738428162468,2767851730745,394869013539,463646620028,57,46,451278872616,842379250183,27,42,3158952108312,2669867195473,0
8417920272580,4917148598963,4208960136290,4942074311691,57,46,2405120077880,4489514826151,27,42,3367168109032,2845845496033,0
16835478287060,9834085736641,4208869571765,4941975859881,57,46,33670956574120,62851852123499,27,42,6734191314824,5691566362631,0
8417626212412,4916976946925,4208813106206,4941914476677,57,46,16835252424824,31425503513167,27,42,16835252424824,14228721645371,0
6553605984,3828149285,2184535328,2565044981,57,46,4369070656,8155520253,27,42,4369070656,3692625299,0
23363238432,13647137959,7787746144,9144247255,57,46,15575492288,29073972591,27,42,15575492288,13164000577,0
39484182587,23063844061,157936730348,185446825827,57,46,78968365174,147406196111,27,42,157936730348,133484006267,0
81946362134,47867222373,163892724268,192440598405,57,46,23413246324,43704303473,27,42,81946362134,69258899561,0
443878446648,259282146631,147959482216,173732333185,57,46,42274137776,78910955577,27,42,295918964432,250102775053,0
16258906164,9497294287,2709817694,3181848761,57,46,10839270776,20233106199,27,42,10839270776,9161052979,0
11163533752,6520941067,11163533752,13108190607,57,46,3189581072,5953825375,27,42,22327067504,18870205691,0
431872732732,252269281975,107968183183,126775969686,57,46,123392209352,230329828891,27,42,863745465464,730013191181,0
1209519505066,706515124785,2419039010132,2840430121599,57,46,2419039010132,4515494460571,27,42,604759752533,511125780407,0
23277228312,13596898561,7759076104,9110698771,57,46,15518152208,28966927737,27,42,15518152208,13115498707,0
26966890392,15752136425,8988963464,10554839963,59,46,17977926928,33558460449,28,43,17977926928,15194426987,0
1538170129012,898489420413,384542532253,451529804544,59,46,3076340258024,5742444235519,28,43,3076340258024,2600034339071,0
1207461101,705312765,4829844404,5671203933,59,46,344988886,643972793,28,43,4829844404,4082045441,0
5357796752,3129643225,5357796752,6291127959,61,46,1530799072,2857462901,29,44,10715593504,9056510341,0
160888064304,93979347215,53629354768,62971629851,61,46,107258709536,200214245783,29,44,107258709536,90651961569,0
1770865409676,1034413434809,295144234946,346558591123,61,46,1180576939784,2203721474609,29,44,1180576939784,997789509861,0
1771999335968,1035075793841,1771999335968,2080683017235,61,46,3543998671936,6615397704827,29,44,3543998671936,2995285248469,0
841819312160,491730881513,841819312160,988465235067,61,46,1683638624320,3142760482787,29,45,336727724864,284592517961,0
266148333580,155464899909,133074166790,156255899403,61,46,532296667160,993610439191,29,45,106459333432,89976336943,0
2129154374612,1243700348245,532288593653,625014820896,61,46,4258308749224,7948762680647,29,45,4258308749224,3598997926471,0
1344707967132,785482633307,1535054757,1802467877,61,46,896471978088,1673397391555,29,45,896471978088,757671668827,0
1344692277972,785473475057,1535036847,1802448407,61,46,896461518648,1673377823785,29,45,896461518648,757662672817,0
25548844731348,14923815915793,2129070394279,2499967988359,61,46,17032563154232,31793793823305,29,45,17032563154232,14395413863953,0
35545983308412,20763432459341,5924330551402,6956387375743,61,46,23697322205608,44234550429477,29,45,23697322205608,20028268694057,0
49943004682580,29173147255829,12485751170645,14660851377384,61,46,99886009365160,186451982548871,29,45,19977201873032,16884133774043,0
2019714621564,1179773473559,168309551797,197630202182,61,46,1346476414376,2513397000095,29,45,1346476414376,1138001588079,0
51062663588820,29827172311669,4255221965735,4996510531048,61,46,34041775725880,63543999625357,29,45,6808355145176,5754217994409,0
1775592518869,1037174725999,7102370075476,8339652908541,61,46,3551185037738,6628811055925,29,45,7102370075476,6002710317229,0
1906283222597,1113514932653,7625132890388,8953487147349,61,46,3812566445194,7116717975839,29,45,7625132890388,6444533358377,0
16385475054,8822948107,174778400576,268191181981,689,505,131083800432,374660088137,343,526,10083369264,13549521535,0
43848611635506599,23610790886026673,701577786168105584,1077118030383477671,689,505,1403155572336211168,4010459308713488279,343,526,1403155572336211168,1885488649264432133,0
1523629286878111482,820415770079478019,16252045726699855808,24956455851310047817,689,505,6094517147512445928,17419173606465861769,343,526,6094517147512445928,8189498882506495223,0
4418345459834601285,2379109094503915087,23564509119117873520,36192680914457068253,689,505,141387054714707241120,404108371260400786397,343,526,141387054714707241120,189988625123602340311,0
617799276512315515,332661149005669903,4942394212098524120,7592074972904794523,689,505,19769576848394096480,56504826027385689943,343,526,19769576848394096480,26565333704701397509,0
259494739318590227,139727936608410849,4151915829097443632,6378700149077889773,689,505,8303831658194887264,23733766956608847787,343,526,8303831658194887264,11158257724679096769,0
694080534635351361,373735672644186827,3701762851388540592,5687718569988610493,689,505,22210577108331243552,63481613583138302761,343,526,22210577108331243552,29845417408790084027,0
616870997170479549,332161306308245927,3289978651575890928,5055567961765870733,689,505,19739871909455345568,56419914021131563573,343,526,19739871909455345568,26525409973754340575,0
607352446687436805,327035932970142799,3239213048999662960,4977634619707021181,689,505,19435278293997977760,55549333186733057309,343,526,19435278293997977760,26116112635120102807,0
199619355617307935,107487345378221133,3193909689876926960,4908086095185087581,689,505,6387819379753853920,18257474843951767303,343,526,6387819379753853920,8583618200402662869,0
1124013900320520633,605238254285207249,1498685200427360844,2303181282224117849,689,505,35968444810256660256,102803932839789674581,343,526,35968444810256660256,48332515775148276095,0
175538399710942395,94520676810402364,1872409596916718880,2877713668159215857,689,505,5617228790750156640,16054994722521290309,343,526,5617228790750156640,7548137973642667567,0
104559925657806495,56301498456815956,1115305873683269280,1714131162928100453,689,505,3345917621049807840,9563201275510370321,343,526,3345917621049807840,4496068903749406483,0
103890286760114445,55940923665668726,1108163058774554080,1703164905230118713,689,505,3324489176323662240,9501955104980722591,343,526,3324489176323662240,4467274456449912893,0
42794313099226685,23043091679423017,342354504793813480,526180066479332197,689,505,1369418019175253920,3914029424235070977,343,526,1369418019175253920,1840152201086222851,0
42349010751260183,22803313492001093,677584172020162928,1041421341625224221,689,505,1355168344040325856,3873301408786682015,343,526,1355168344040325856,1821004217142668957,0
116729148918750993,62854157140467791,622555460900005296,956935089718216919,689,505,3735332765400031776,10676215263953074033,343,526,3735332765400031776,5019344064331543571,0
106908773285422161,57566262567346895,570180124188918192,876515388572303735,689,505,3421080745133509152,9778029137368738609,343,526,3421080745133509152,4597068320598820691,0
846090455329267143,455587168485310040,9024964856845516192,13873897935940162625,689,505,27074894570536548576,77384641289410965697,343,526,27074894570536548576,36381818518745570723,0
2241869327771254835,1207160407875717721,35869909244340077360,55142510296685875697,689,505,71739818488680154720,205044569388597159771,343,526,71739818488680154720,96400192204046384593,0
829222791034699485,446504580016691936,8845043104370127840,13597632770126941843,689,505,26535129313110383520,75841899697729721611,343,526,26535129313110383520,35656509665159701313,0
101832725045351925,54833005821995807,543107866908543600,834946501400065133,689,505,3258647201451261600,9313766238191201677,343,526,3258647201451261600,4378798460876526311,0
1596778581309131925,859803851923117382,17032304867297407200,26185240993461738241,689,505,51096914601892221600,146043644104342947127,343,526,51096914601892221600,68661340937297350661,0
25183966562266793121,13560597386814068995,134314488332089563312,206496929690105750185,689,505,805886929992537379872,2303361442801783316249,343,526,805886929992537379872,1082908369088699392651,0
519308849705127860,279627842296738003,16617883190564091520,25548882649393294717,689,505,8308941595282045760,23748363281906917599,343,526,8308941595282045760,11165117540725951277,0
454172166486360,244554243622663,4844503109187840,7448201947258319,689,505,7266754663781760,20769616254676729,343,526,7266754663781760,9764681590655867,0
19605539937998280,10556829203251783,209125759338648320,321557539422642079,689,505,313688639007972480,896575236272996929,343,526,313688639007972480,421518206441677907,0
54028208377230885,29092112219981726,576300889357129440,886233348693191113,689,505,1728902668071388320,4941496242817956151,343,526,1728902668071388320,2323207776535696133,0
53901172771116039,29023708432053910,574945842891904416,884152369363418495,689,505,1724837528675713248,4929877378857610421,343,526,1724837528675713248,2317745251568062399,0
161095908527802783,86743950796157708,1718356357629896352,2642503782261985309,689,505,5155069072889689056,14734059249210782305,343,526,5155069072889689056,6927108563137197827,0
640346903103072303,344802178795000754,6830366966432771232,10503888813882024307,689,505,20491100899298313696,58567031624109668341,343,526,20491100899298313696,27534855013616038655,0
1696716940837576311,913616814831548869,9049157017800406992,13916113644737812591,689,505,54294942106802441952,155184125680433538623,343,526,54294942106802441952,72958664129285888893,0
618436942752520458,333004507833558905,6596660722693551552,10144975421063334895,689,505,4947495542020163664,14140778584667028943,343,526,4947495542020163664,6648181945040092277,0
21329624957587002,11485182676403981,227515999547594688,349912759171955923,689,505,170636999660696016,487709377473068641,343,526,170636999660696016,229292935234973195,0
1182537257852578761,636750831537749825,1576716343803438348,2424976438156093445,689,505,37841192251282520352,108156520680018821989,343,526,37841192251282520352,50848983280800288431,0
590266706004376110,317835918810757801,6296178197380011840,9683492122881947963,689,505,2361066824017504440,6748327874297853547,343,526,2361066824017504440,3172676125641298901,0
21792174803917110,11734247978477381,232449864575115840,357508396648343503,689,505,87168699215668440,249142868529852407,343,526,87168699215668440,117132665225507881,0
390717719518357323,210386464484258911,1041913918715619528,1602474792958173737,689,505,12502967024587434336,35735591890049250023,343,526,12502967024587434336,16800822511274542261,0
290491553393245845,156418528845956527,1549288284763977840,2382851592557357413,689,505,9295729708583867040,26568765671484537677,343,526,9295729708583867040,12491107353446129191,0
191368236043203265,103044434855946189,1530945888345626120,2354680413169203149,689,505,6123783553382504480,17502807626600454389,343,526,6123783553382504480,8228814638202942687,0
1140856102878146073,614307132698492987,6084565882016779056,9358488829485781193,689,505,36507395292100674336,104344300898843007409,343,526,36507395292100674336,49056695729440267859,0
21032719220697205,11325310356618109,84130876882788820,129400017270318397,689,505,673047015062310560,1923682022936429569,343,526,673047015062310560,904404770310035587,0
565171288482218985,304323001679294953,376780858988145990,579523092735198779,689,505,18085481231431007520,51691359176353086773,343,526,18085481231431007520,24302307327033877279,0
1124598117325778085,605552832782965711,5997856625737483120,9225314690700169709,689,505,35987139754424898720,102857321625142657661,343,526,35987139754424898720,48357603185170151863,0
442589148984018045,238317234217812499,2360475461248096240,3630737696785984931,689,505,14162852767488577440,40479824029503462269,343,526,14162852767488577440,19031287436273563447,0
4343046251564178885,2338563367707727471,23162913341675620720,35628747792742431149,689,505,138977480050053724320,397221093044472264221,343,526,138977480050053724320,186750533449258325143,0
178772609544812251,96262174431612210,5720723505433992032,8799664925474714645,689,505,5720723505433992032,16350793107704381609,343,526,5720723505433992032,7687203351732023451,0
66382489685252937,35744417545713623,354039944988015664,544595169506976447,689,505,2124239669928093984,6071435380746656041,343,526,2124239669928093984,2854440019246179131,0
262705478822242239,141456796379952632,2802191774103917216,4310486722552594281,689,505,8406575322311751648,24027410441368957513,343,526,8406575322311751648,11296307590387620155,0
1040414146591300185,560223002373101051,5548875448486934320,8535715007961740169,689,505,33293252690921605920,95157731960610658801,343,526,33293252690921605920,44737696864408555283,0
85630990950338285,46108995157118746,2740191710410825120,4215256712110976119,689,505,2740191710410825120,7831930037419464471,343,526,2740191710410825120,3682123381648467493,0
21048704605660559,11333917872026581,336779273690568944,518083286555570177,689,505,673558547381137888,1925143897709019207,343,526,673558547381137888,905092010189731477,0
165412218497631151,89068117711563728,5293190991924196832,8142985776443996147,689,505,5293190991924196832,15128832132389934057,343,526,5293190991924196832,7112707254899372315,0
3913545519155358189,2107293742489383527,20872242768828577008,32110332065903285333,689,505,125233456612971462048,357938325665246870533,343,526,125233456612971462048,168282025059165300815,0
1428224340871099458,769043876373739147,15234392969291727552,23437935484500242441,689,505,2856448681742198916,8164211575788835799,343,526,2856448681742198916,3838342920926759539,0
1389489593068355322,748186704472815679,14821222326062456768,22803263862209441797,689,505,2778979186136710644,7942790529545146067,343,526,2778979186136710644,3734243423394366319,0
3685472539295061189,1984485214830723695,19655853542906993008,30241868084794567725,689,505,117935121257441958048,337078436855811882781,343,526,117935121257441958048,158474899710131523479,0
459185780453311998,247253881952794055,4897981658168661312,7535917271447148745,689,505,3673486243626495984,10499442272231074783,343,526,3673486243626495984,4936234052477230037,0
4725473879007153,2544485936612650,50405054709409632,77553524183760905,689,505,151215164128228896,432198398271944147,343,526,151215164128228896,203194834780586713,0
445966037110460862,240135558611867999,4756971062511582528,7319306356610237857,689,505,3567728296883686896,10197168005616783763,343,526,3567728296883686896,4794122001251249201,0
589924540327343977,317651675783689647,9438792645237503632,14523171189471478609,689,505,18877585290475007264,53955315948494909465,343,526,18877585290475007264,25366686718902982923,0
881632155382618773,474725007078089983,4702038162040633456,7234920621885397517,689,505,28212228972243800736,80635298408112753965,343,526,28212228972243800736,37910080097877850567,0
1759657857535027287,947508077800768441,9384841906853478864,14440293949426277689,689,505,56309051441120873184,160940745331516626839,343,526,56309051441120873184,75665082916857155845,0
439422822092076246,236612288985347905,4687176768982146624,7212091022964860075,689,505,219711411046038123,627972187658772506,343,526,439422822092076246,590472816853389233,0
27414790104426108,14761810066628729,292424427780545152,449950550709232157,689,505,438636641670817728,1253697337486979693,343,526,438636641670817728,589416388344504055,0
13612297463783496,7329698639526557,145197839613690624,223417020817547701,689,505,217796759420535936,622499786520639203,343,526,217796759420535936,292663598795530201,0
3990788526808696,2148886131347245,127705232857878272,196504438717820735,689,505,63852616428939136,182501520438582587,343,526,63852616428939136,85801718521254113,0
428339273741575191,230644224486810599,142779757913858397,219702381627593921,689,505,13706856759730406112,39176502480994500523,343,526,13706856759730406112,18418538210191894913,0
427552667857957065,230220667472403589,1140140447621218840,1754396687258626683,689,505,13681685371454626080,39104558357806116989,343,526,13681685371454626080,18384714203658637687,0
426746778699715755,229786727156272663,1137991409865908680,1751095325437030911,689,505,13655896918390904160,39030850558166255063,343,526,13655896918390904160,18350061017466641029,0
408673397665071105,220054906595678113,272448931776714070,419264172315590109,689,505,13077548725282275360,37377832729821018413,343,526,13077548725282275360,17572906702530377479,0
195033653248495845,105018121058412767,1040179483991977840,1600830388066181973,689,505,6241076903951867040,17838046258047068317,343,526,6241076903951867040,8386422965087666711,0
385423786828386639,207535885371255779,1027796764875697704,1581806435773369273,689,505,12333561178508372448,35251389441872556955,343,526,12333561178508372448,16573174872328983761,0
762693642976491801,410681192682242843,4067699429207956272,6260413541294771897,689,505,24406196575247737632,69757008508604941297,343,526,24406196575247737632,32795731234509865235,0
1519564948184929977,818227280411270311,8104346390319626544,12473119331939367919,689,505,48626078341917759264,138981497527219538969,343,526,48626078341917759264,65341102309844547595,0
3034137202528554225,1633766187214666067,16182065080152289200,24905328932838508073,689,505,97092390480913735200,277506356006085437737,343,526,97092390480913735200,130467519097434364091,0
504559639806942475,271685960102107357,8072954236911079600,12424889615282304499,689,505,16145908473822159200,46147717588830174427,343,526,16145908473822159200,21696001147403159761,0
753809438019409905,405897390011232323,4020317002770186160,6187616956127080737,689,505,24121902016621116960,68944446188072457673,343,526,24121902016621116960,32413710978726088859,0
495100014571973995,266592315742879317,7921600233151583920,12192353432856106519,689,505,15843200466303167840,45282526494855963467,343,526,15843200466303167840,21289237858029289761,0
2930910918682678749,1578182803584111287,15631524899640953328,24059487105792077573,689,505,93789149397845719968,268065129862377961333,343,526,93789149397845719968,126028795422548113055,0
730324005074546301,393251387651462093,243441335024848767,374698449267271142,689,505,23370368162385481632,66796434317865142297,343,526,23370368162385481632,31403838851536396235,0
181904575998579789,97948617921155767,970157738659092208,1493251021340226893,689,505,5820946431954553248,16637241740506685573,343,526,5820946431954553248,7821873469542569935,0
58294453499265149,31389321139756531,932711255988242384,1435717428077717177,689,505,1865422511976484768,5331690386928112317,343,526,1865422511976484768,2506653884380446967,0
112141693626108907,60383988924170011,112141693626108907,172631416639822702,689,505,3588534196035485024,10256632186020008239,343,526,3588534196035485024,4822077889656563725,0
1343315757199123545,723323869843424543,7164350705061992240,11028869537037979867,689,505,42986104230371953440,122861490337558298953,343,526,42986104230371953440,57762398483306824859,0
134212181300655885,72268097681640013,89474787533770590,137738567002276859,689,505,4294789801620988320,12275229046950881033,343,526,4294789801620988320,5771105896261052059,0
670229980738440255,360893066842337167,223409993579480085,343920835566236953,689,505,21447359383630088160,61300147558839760307,343,526,21447359383630088160,28819799728849946521,0
446018117080575223,240163601698663977,7136289873289203568,10985753110977180259,689,505,14272579746578407136,40793424838575797399,343,526,14272579746578407136,19178719459378753029,0
165178475222585322,88942255961284777,1761903735707576768,2712375148100228671,689,505,1321427801780682576,3776862068241804575,343,526,1321427801780682576,1775663058203029477,0
3363768426531863,1811259923465849,53820294824509808,82857608621777963,689,505,107640589649019616,307654834041956951,343,526,107640589649019616,144641585038182725,0
9860018042564739,5309240488867972,105173525787357216,161924312675369201,689,505,315520577362071648,901810636392358253,343,526,315520577362071648,423979419735511975,0
19365028384047444,10427322984765769,206560302763172736,318029755598431637,689,505,309840454144759104,885575877281064145,343,526,309840454144759104,416346766439111843,0
19211410297593612,10344605553563539,204921709840998528,315511795583329127,689,505,307382564761497792,878550811051196371,343,526,307382564761497792,413043982928121737,0
76694701971437370,41297147250176893,818076821028665280,1259573125289646659,689,505,613557615771498960,1753650342266858057,343,526,613557615771498960,824465371883426371,0
5109463197194630,2751249416192403,163502822310228160,251741685775664167,689,505,40875705577557040,116829606844498207,343,526,40875705577557040,54926551143876981,0
3062051274909534,1648796841726103,32661880265701696,50288892467215929,689,505,24496410199276272,70014839593496831,343,526,24496410199276272,32916944332951477,0
305281377765521295,164382280474090891,814083674041390120,1253436983922483027,689,505,86451363615014880,247092463284849787,343,526,9769004088496681440,13127056559505234913,0
203094703862666279,109358686787724981,3249515261802660464,5003268680847055277,689,505,57513544456684256,164383333562963999,343,526,6499030523605320928,8733043839644686797,0
202686777327629531,109139034037996961,3242988437242072496,4993239068152957217,689,505,6485976874484144992,18538007141680932515,343,526,6485976874484144992,8715503027189052329,0
606361084625026539,326502122767062313,3233925784666808208,4979312660679236167,689,505,19403554708000849248,55458605804123149379,343,526,19403554708000849248,26073441564325043593,0
34983256999151669,21528158153324106,17911427583565654528,55810490427286445815,1293,1255,559732111986426704,4706593580017266283,645,1040,172225265226592832,939165902231915089,0
3607951430357671816500006130613,2220277803297029223422696195063,3694542264686255940096006277747712,11513848043507970770887173794135257,1293,1255,28863611442861374532000049044904,242704117760013741786883230400507,645,1040,230908891542890996256000392359232,1259175056697922496598047539930227,0
3430216182422694883581571091447,2110902266106274177583253642425,3512541370800839560787528797641728,10946748338263140836086761849603799,1293,1255,27441729459381559068652568731576,230748004341297534848512888238755,645,1040,219533835675052472549220549852608,1197145454983478131320410839683177,0
3260947473163645475849572652204,2006736906562243762646557451111,3339210212519572967269962395856896,10406658372484429617748948003339585,1293,1255,52175159570618327613593162435264,438722856933213020622254802422573,645,1040,104350319141236655227186324870528,569035337633636764949677029083391,0
22755884110073027988635285945572,14003620990814174011999224527893,23302025328714780660362532808265728,72622734100930063802189895311655395,1293,1255,364094145761168447818164575129152,3061541644628398277924205790507399,645,1040,728188291522336895636329150258304,3970901803915090955543589647372493,0
317585920060431150566861058979255,195437489267957674985072654130712,2540687360483449204534888471834040,7918475609677105749029189080635733,1293,1255,5081374720966898409069776943668080,42727521173387333050717101663099151,645,1040,20325498883867593636279107774672320,110837486897517071588112146380063611,0
3744027345726260576172832637990,2304016828139237810359515382583,3833884002023690830000980621301760,11949086420629917802952568932926081,1293,1255,59904437531620169218765322207840,503715680049924210530622030090359,645,1040,14976109382905042304691330551960,81666597083134807274799940876509,0
35378057819103641735573447657510,21771112504063784705995184535383,36227131206762129137227210401290240,112910646392671161918418266070535521,1293,1255,566048925105658267769175162520160,4759709480898391857303496534422359,645,1040,141512231276414566942293790630040,771683892052963523979460861783929,0
1127633881563993651570049108369795,693928542500919335515256523934456,9021071052511949212560392866958360,28116381493159692967033628420942299,1293,1255,18042142105023898425120785733916720,151710127913969444104684441417675963,645,1040,72168568420095593700483142935666880,393544227667267236115211147394371223,0
70319726486705950867091499828565,43273677837972903162131152663522,36003699961193446843950847912225280,112214420155653690347263139032517707,1293,1255,1125115623787295213873463997257040,9460707836661810659742984771105331,645,1040,4500462495149180855493855989028160,24541584731240274024465855838681101,0
17110565815027962843780520726369,10529578963094133526553695261954,8760609697294316976015626611900928,27304766779502379572529442244323243,1293,1255,273769053040447405500488331621904,2302029205575671507711040899576287,645,1040,1095076212161789622001953326487616,5971587515664361645043732726933481,0
66367464713207266672213596097279,40841516746589097209531310511000,1061879435411316266755417537556464,3309651888495906836937452855653337,1293,1255,1061879435411316266755417537556464,8928976617506849036391988706775895,645,1040,4247517741645265067021670150225856,23162245366947646476646072304418339,0
8083148933983271076785570323565,4974245497835860361400800858351,8277144508398869582628424011330560,25798247858830262267373251326270177,1293,1255,64665191471866168614284562588520,543747212141086134482022577264699,645,1040,517321531774929348914276500708160,2821019000422578807909868193491803,0
1968284335013797447675619338805,1211251898470029503813149133957,2015523159054128586419834202936320,6282031026997233398624374657918939,1293,1255,3936568670027594895351238677610,33101243359356367657771931554567,645,1040,125970197440883036651239637683520,686931238461658805642193971124471,0
15459336213238048051163889444631,9513437669684955066523272364066,7915180141177880602195911395651072,24670329229263397431462959787086227,1293,1255,247349379411808768818622231114096,2079875315067831750534992805017173,645,1040,989397517647235075274488924456384,5395308382350048252559593909402279,0
60730331404349683805034383734531,37372511633445968855997476805208,1943370604939189881761100279504992,6057195666843116940808258688404729,1293,1255,971685302469594940880550139752496,8170565373830501905768327772926939,645,1040,3886741209878379763522200559009984,21194885834253818868170672225657175,0
952604467013015292049714014503407,586218133546471100905839690571840,121933371777665957382363393856436096,380049879096096442009141751063318203,1293,1255,15241671472208244672795424232054512,128161939731263193485921296404853855,645,1040,60966685888832978691181696928218048,332458961746307191032029433937394307,0
14968060619584501312689311495584735,9211114227436618601661678802164952,29936121239169002625378622991169470,93307255347578010161863165023821647,1293,1255,239488969913352021003028983929355760,2013779852486776504938000990639374071,645,1040,957955879653408084012115935717423040,5223853199975858398829672309393649411,0
737083285406634082614950531675585,453589714096390324236050373890696,23586665133012290643678417013618720,73517041856992940368969578158532101,1293,1255,11793332566506145321839208506809360,99166051468287188034927095960143433,645,1040,47173330266024581287356834027237440,257242068777401822666732897918096733,0
907210080986286195055516689081295,558283126760791652932370617793368,3628840323945144780222066756325180,11310738602732968901115514809107381,1293,1255,14515361295780579120888267025300720,122054648865869898373265410949742439,645,1040,58061445183122316483553068101202880,316616320956359961713963752679132979,0
28204577705920817597575069669352,17356663203643584681960362762825,28881487570862917219916871341416448,90020871002548845019775078854205359,1293,1255,451273243294733081561201114709632,3794600501555234820283672640303735,645,1040,902546486589466163122402229419264,4921698851639722019973182389921491,0
1750338503521346118030759603656,1077131386782367129713361190117,1792346627605858424863497834143744,5586584961277030798374423919532851,1293,1255,28005416056341537888492153658496,235487849974547619311224528890971,645,1040,56010832112683075776984307316992,305434071477486992502297461243271,0
1647862965422623187920534319693,1014069517183153010432272625087,1687411676592766144430627143365632,5259591973073250480710208755366545,1293,1255,13182903723380985503364274557544,110850474358800230891635387012483,645,1040,105463229787047884026914196460352,575104180005214306248287660174619,0
1551193446452100304540702578659,954580582432061996850211617077,1588422089166950711849679440546816,4951121257667638572852513407955547,1293,1255,12409547571616802436325620629272,104347590170929705304811852918283,645,1040,99276380572934419490604965034176,541366517731537501367401289702445,0
49317037199812129743729044245705,30348945969115165408587724187182,25250323046303810428789270653800960,78705542648714725143144754062945157,1293,1255,789072595196994075899664707931280,6635038328689933064009187532545211,645,1040,3156290380787976303598658831725120,17211646139656184474920190686224921,0
785426417903044924755272065583755,483339334094181630128694228087352,6283411343224359398042176524670040,19585487954735447669697444125193343,1293,1255,12566822686448718796084353049340080,105670062174815330544004689865754371,645,1040,50267290745794875184337412197360320,274113822353103624350159386512802431,0
195833541966543094274883757715131,120512948902488092462214887335072,25066693371717516067185120987536768,78133315934695400656296474347581867,1293,1255,3133336671464689508398140123442096,26347143518339002743393472479804811,645,1040,12533346685858758033592560493768384,68345906771723640010040622283131807,0
48777167396710963402446635965627,30016718397975986074214758294360,1560869356694750828878292350900064,4865261461594328039116846442485447,1293,1255,780434678347375414439146175450032,6562405075860775111013653426192915,645,1040,3121738713389501657756584701800128,17023231577512763909293680426279087,0
12038755550584531314881810863753,7408464954205867559760188136370,6163842841899280033219487162241536,19212888242289670399590728819458483,1293,1255,192620088809352501038108973820048,1619675654613356826436015588050775,645,1040,770480355237410004152435895280192,4201525725919904611160053711225233,0
47588361366333517937344421612137,29285145456205250297981008302730,24365241019562761183920343865414144,75947445425923009133051016637000807,1293,1255,761413781861336286997510745794192,6402464941268689474452260639842975,645,1040,3045655127445345147990042983176768,16608338270997418279193256873381057,0
23689583462677192357841327252627,14578205207801353379136597155417,24258133465781444974429519106690048,75613675404053429959715244751295383,1293,1255,189516667701417538862730618021016,1593580060745488428717855578138113,645,1040,1516133341611340310901844944168128,8267664705378231096003913518728853,0
23631539570039314028022903884501,14542485889254966709438795332767,24198696519720257564695453577729024,75428457088878700906948434340934641,1293,1255,189052316560314512224183231076008,1589675492732021190615563810316823,645,1040,1512418532482516097793465848608064,8247407386753309141756288471896387,0
23213616349948432427926414681370,14285302369199039533497408402119,23770743142347194806196648633722880,74094862058276300540248449854508433,1293,1255,371417861599174918846822634901920,3123124238321712099644222150898587,645,1040,371417861599174918846822634901920,2025388045565551197706907846951973,0
1419686285193385569727882928990,873653098580545225224539052473,1453758756038026823401352119285760,4531481590444981964519426105780911,1293,1255,22714980563094169115646126863840,191002409162826324627469151332829,645,1040,22714980563094169115646126863840,123867629559771269961690345878241,0
89521164390337616733612240920243,55089947317130857535577301076198,45834836167852859767609467351164416,142871406960437349288102321483747281,1293,1255,1432338630245401867737795854723888,12044039763060134397779611728840269,645,1040,5729354520981607470951183418895552,31242886671225720030618825990074187,0
2829892995431769741155824803352363,1741472612573397287571691156768696,11319571981727078964623299213409452,35284266877198197611788034899926143,1293,1255,45278287926908315858493196853637808,380729450905110681822083248084364323,645,1040,181113151707633263433972787414551232,987632664915229302601396744004374431,0
87758928691859827423046976285863,54005494579606063950640175928290,44932571490232231640600051858361856,140059730607068349749873181810418163,1293,1255,1404142859069757238768751620573808,11806951283013318352026106969800485,645,1040,5616571436279028955075006482295232,30627866409496705569749479444451703,0
1357122381807791491975592457992,835152234958641171600472333235,1389693318971178487783006676983808,4331838210688325667733268675435509,1293,1255,21713958108924663871609479327872,182585157842665896865445554926365,645,1040,43427916217849327743218958655744,236817857926318772504148405847401,0
5382408826038731268303190743848,3312251585254604866951123557455,5511586637863660818742467321700352,17180307325540155694241434254478201,1293,1255,86118541216619700292851051901568,724141004717540290125154531088705,645,1040,172237082433239400585702103803136,939230349308044668447169478346429,0
42727553298593318003249549607151,26293878952980511431714108879256,683640852777493088051992793714416,2130998954474945536793735365629191,1293,1255,683640852777493088051992793714416,5748499301166986846420522931779143,645,1040,2734563411109972352207971174857664,14911916247271716788484819646356819,0
1361519237364625594338709082197895,837857992224385238031170283181904,174274462382672076075354762521330560,543237191613310666797540589254336641,1293,1255,21784307797834009509419345315166320,183176704031329934638540297885473767,645,1040,87137231191336038037677381260665280,475170218504391389309351825043582747,0
43481059887253464342601519136808535,26757575315232909346435291484645272,86962119774506928685203038273617070,271072903014665348197639168478659867,1293,1255,695696958196055429481624306188936560,5849874918678074952019277766403280431,645,1040,2782787832784221717926497224755746240,15174890049753837753784543904583433371,0
168153442789318142993588652138787,103479041716503504531480812560033,172189125416261778425434779790117888,536738736098482414598588713024826255,1293,1255,1345227542314545143948709217110296,11311552777534661542825513898222597,645,1040,10761820338516361151589673736882368,58685552112995768204534741176401621,0
1296623634819559190621399594885,797922236812036672745545141373,1327742602055228611196313185162240,4138783592707283029079533758886051,1293,1255,1296623634819559190621399594885,10902859342947508885480065277469,645,1040,82983912628451788199769574072640,452521653050006128687813456222359,0
2534163053127135993003736239955,1559484955770545716301829937024,324372870800273407104478238714240,1011128209113666075180054051887911,1293,1255,40546608850034175888059779839280,340942399372994037380824353701827,645,1040,162186435400136703552239119357120,884422914434615233431864532783767,0
9906794578573103105049515761441,6096488971429603847731323852346,5072278824229428789785352069857792,15811304191309103718980479894027567,1293,1255,158508713257169649680792252183056,1332844905007428967210032498826663,645,1040,634034853028678598723169008732224,3457471343087939865522606956691129,0
4930580730108127922277379908089,3034203526220387379939507955205,5048914667630722992412037025883136,15738494610375769369598743330057723,1293,1255,19722322920432511689109519632356,165838186932515052951800795410415,645,1040,315557166726920187025752314117696,1720772692350114235389856668351339,0
4914573437050389655921356299627,3024352884338702291382606775487,5032523199539599007663468850818048,15687413974312011676979227357236673,1293,1255,19658293748201558623685425198508,165299787786434561588727236178209,645,1040,314532699971224937978966803176128,1715186147044485273627723391644513,0
154957064097951693755836139104939,95358193291047226799624363075584,19834504204537816800747025805432192,61828514062103034271418560847863567,1293,1255,2479313025567227100093378225679024,20847685065660021464059402398937627,645,1040,9917252102268908400373512902716096,54080015926508805937505580855883791,0
611015948313528055618056724228591,376009814346786617457304496594776,1222031896627056111236113448457182,3809358401826639732037190670422887,1293,1255,9776255173016448889888907587657456,82205145889543668853197329022823303,645,1040,39105020692065795559555630350629824,213244568170804478341164933908945619,0
19019596393650860737569106409768,11704367011477456557023111534483,19476066707098481395270764963602432,60711512343892264893000501612084757,1293,1255,304313542298413771801105702556288,2558867244994609106939492571385949,645,1040,608627084596827543602211405112576,3318919605146115464128799412562521,0
1181640706663448525103316687544,727163511792891636571423182977,1210000083623371289705796288045056,3771863532484927627000910430323767,1293,1255,18906251306615176401653067000704,158976123208792790071469395194191,645,1040,37812502613230352803306134001408,206196305459728697895698941319715,0
2308129377345360975902252778655,1420387309135607221884780236584,147720280150103102457744177833920,460483187725682119356056436456563,1293,1255,36930070037525775614436044458480,310532176335551687719320304255207,645,1040,147720280150103102457744177833920,805537161180917248312327829331747,0
1127067316277916905816579923910,693579886940256788407399666043,1154116931868586911556177842083840,3597713499114805956156429776237341,1293,1255,18033077060446670493065278782560,151633903215033073964571570879539,645,1040,9016538530223335246532639391280,49168312196822386647199019932293,0
8904562582457431607413131238414,5479730819973805902453537700027,9118272084436409965991046388135936,28424378177995036685263500224272157,1293,1255,142473001319318905718610099814624,1198006153956982255158867375285691,645,1040,35618250329829726429652524953656,194230773413594992516881924073125,0
141118210070705069069332855153117,86841975428126225591769968748328,4515782722262562210218651364899744,14077085169805004114272306099430515,1293,1255,2257891361131281105109325682449872,18985826932754716326523911816842629,645,1040,9031565444525124420437302729799488,49250255845567980673844893566788361,0
8719815983618302044546124417891,5366040605303572306162311511495,8929091567225141293615231403920384,27834826167281849491936364237185337,1293,1255,34879263934473208178184497671564,293287657684710352316658018063085,645,1040,558068222951571330850951962745024,3043215811275126002552222685486441,0
68889020562094117654069280782583,42393243422827163772229266412475,70542357055584376477766943521364992,219903881982920265777158739935800261,1293,1255,275556082248376470616277123130332,2317055717594955240773523249565085,645,1040,4408897315974023529860433970085312,24042268438456705541598911913341253,0
8781216011392396339247150667848251,5403825237779938054097409702268216,8781216011392396339247150667848251,27373993124689638660782738802074231,1293,1255,140499456182278341427954410685572016,1181411296066664928743519637021100723,645,1040,561997824729113365711817642742288064,3064644421478800394626019786643660399,0
136950251444861236895418771215899,84277077812222328434288845144954,70118528739768953290454410862540288,218583080524708871066238664856033623,1293,1255,2191204023117779790326700339454384,18425076190662665636031270892887937,645,1040,8764816092471119161306801357817536,47795638277249533161767415534791211,0
136298205171733179051624952397869,83875818567220446615663945597814,69784681047927387674431975627708928,217542690567341808701271870305255953,1293,1255,2180771282747730864825999238365904,18337350888095618415855701613028567,645,1040,8723085130990923459303996953463616,47568074126682412427231409636725661,0
8675253901144208065309678844628175,5338617785319514489737688764286552,17350507802288416130619357689256350,54087553487015252342602597116015037,1293,1255,138804062418307329044954861514050800,1167155316751583854051077466394228071,645,1040,555216249673229316179819446056203200,3027663644799432603854557748438515251,0
2155559215225898875022103086598475,1326497978600553610998290764613464,68977894887228764000707298771151200,215028449733414527882022385543770619,1293,1255,34488947443614382000353649385575600,290005621427945618173116834775152547,645,1040,137955789774457528001414597542302400,752290174413409077370356945773751807,0
535443317007860744636060806021291,329503579697145187540497649670968,4283546536062885957088486448170328,13353353851521512351056667859171031,1293,1255,8567093072125771914176972896340656,72037720324701988174907259588253219,645,1040,34268372288503087656707891585362624,186869719703985142456170819937117215,0
33160396081812903240136817642161,20406397588807947542911221537418,16978122793888206458950050632786432,52927063826664633009932158209891079,1293,1255,530566337309006451842189082274576,4461348686130694057717988782530919,645,1040,2122265349236025807368756329098304,11572978361228635195792199666714985,0
1023537387252405279018043827215,629869161386095776436398664703,1048102284546463005714476879068160,3267333839028892332802004712325921,1293,1255,2047074774504810558036087654430,17213143227550212697112872669093,645,1040,65506392784153937857154804941760,357214552147430576124569329941429,0
4042838690579874388787582185415,2487900732664538960347424730113,4139866819153791374118484157864960,12905593256976020106036032956336591,1293,1255,32342709524638995110300657483320,271958649658944829750092322534087,645,1040,258741676197111960882405259866560,1410950718897327664801591340671209,0
32026012880465523607706495390203,19708315618748021492934549920344,1024832412174896755446607852486496,3194815876937866235899885369359967,1293,1255,512416206087448377723303926243248,4308730515197175871417584647097427,645,1040,2049664824349793510893215704972992,11177078621737489673865562090118895,0
31768073464625516051510188549777,19549583670538786045658946175960,2033156701736033027296652067185728,6338185923530647213869555336837269,1293,1255,508289175434008256824163016796432,4274027742967330908116344773115465,645,1040,2033156701736033027296652067185728,11087057765099559660670805208425037,0
63142177945055613390042211058249,38856724889265006686341426171760,8082198776967118513925403015455872,25195589727911262983285845328547191,1293,1255,1010274847120889814240675376931984,8495051504826314559501955428893225,645,1040,4041099388483559256962701507727936,22036620353931622646086121297311989,0
251956102605481623063257616787577,155049909295681054064780506640504,16125190566750823876048487474404928,50268994750853259001200701910236767,1293,1255,4031297641687705969012121868601232,33897786523285573187014439542536977,645,1040,16125190566750823876048487474404928,87932680812523683113336082793706709,0
125629644062215037091911132002099,77310550192132358108163117696304,16080594439963524747764624896268672,50130015223725066038228853409775137,1293,1255,2010074304995440593470578112033584,16902019087441936495383643864399987,645,1040,8040297219981762373882312448134336,43844746278623953071784993988226711,0
62775200355357580036699108751117,38630892526373909197879485694592,8035225645485770244697485920142976,25049202536321889245853030467683961,1293,1255,1004403205685721280587185740017872,8445678904413842851131154695084701,645,1040,4017612822742885122348742960071488,21908545174396236326586355406059593,0
7840315949223037708672619021362,4824809814906486466910302046701,8028483532004390613680761877874688,25028191385705140080373832542886651,1293,1255,125445055187568603338761904341792,1054824049011994066643372501419933,645,1040,15680631898446075417345238042724,85508446798836392366820885896265,0
122283542325681960590655334123,75251410661958156493532974534,62609173670749163822415531070976,195179488473548296916056978088257,1293,1255,1956536677210911369450485345968,16451839706363499287329362063397,645,1040,7826146708843645477801941383872,42676956760032457978244589332835,0
1421061874582567993667505587050,874499615127734462752866811051,1455167359572549625515525721139200,4536379045030884009182262276861197,1293,1255,22736989993321087898680089392800,191187478943304708617725011256423,645,1040,22736989993321087898680089392800,123987649977104225096422629441447,0
15598913848750020156339700260950,9599331599230785071903751078809,15973287781120020640091853067212800,49795604171972523776084349061230223,1293,1255,249582621580000322501435204175200,2098653877321114829822629022570357,645,1040,249582621580000322501435204175200,1361005248904595339586249107291223,0
971433759342886743050169196478,597805390364853594779853446273,14010537599536845420892581087232,43676919712066540932819772794017,1293,1255,15542940149486187888802707143648,130695203870248668218348303855669,645,1040,15542940149486187888802707143648,84757596475988094764234532070293,0
30804366021161390216261421545545,18956532936099323887182892758562,222138526800487771700364053962240,692504170053781150435785493990637,1293,1255,492869856338582243460182744728720,4144372025951895348789240024186151,645,1040,1971479425354328973840730978914880,10750723865405821367549792298738801,0
487938473744256539429487111306295,300269829996465671473407036757912,1951753894977026157717948445225180,6084501520714420074813640566953609,1293,1255,7807015579908104630871793780900720,65646491786704111588506089997799951,645,1040,31228062319632418523487175123602880,170290529311110042797668195670809851,0
3878241003069883601731886834058809,2386609848043006160534559709729352,124103712098236275255420378689881888,386888355610247299951321551525225821,1293,1255,62051856049118137627710189344940944,521772579652934702590774478358144641,645,1040,248207424196472550510840757379763776,1353506125815116813255761060065165045,0
30865105794294622439119792070980639,18993911258027466881810460573376216,61730211588589244878239584141961278,192441797207768255896473917440639795,1293,1255,493841692708713959025916673135690224,4152543861748768406264039478541924663,645,1040,1975366770834855836103666692542760896,10771922047831598528042831066723479107,0
239667098318473266785281621708199,147487445119060525760202730583282,122709554339058312594064190314597888,382543567442499982271787847567429931,1293,1255,3834673573095572268564505947331184,32244442790116070118347108424056981,645,1040,15338694292382289074258023789324736,83643818291588517847203981178092375,0
29673748192596399114265671788761,18260768118520867697859194318446,15192959074609356346504023955845632,47363772236144315945503446036873637,1293,1255,474779971081542385828250748620176,3992260442471714361936172271303563,645,1040,1899119884326169543313002994480704,10356138240938934647351520559955049,0
14763222191635434230753170608596,9085059810237193639739865088307,15117539524234684652291246703202304,47128732055006624641998008224594261,1293,1255,236211555066166947692050729737536,1986221207277525877573567522944041,645,1040,472423110132333895384101459475072,2576182302795366332618621478248151,0
14743567101501130787992294385372,9072964370154545365045566420737,15097412711937157926904109450620928,47066008135976635747245590034021463,1293,1255,235897073624018092607876710165952,1983576841685286602571997214389811,645,1040,471794147248036185215753420331904,2572752489546722721040921014862029,0
29209097890113256859378754955775,17974829470838933949882432316666,14955058119737987512001922537356800,46622368999778008332206711595794151,1293,1255,467345566241812109750060079292400,3929747105523595531174100847846693,645,1040,1869382264967248439000240317169600,10193975284416218804198986688376383,0
3608319438595092719123548310525,2220504269904673269117412620906,1847459552560687472191256734988800,5759475179125287522773252887958791,1293,1255,57733111017521483505976772968400,485457747556417099677169800322963,645,1040,230932444070085934023907091873600,1259303499076642712176466316789253,0
7171111472896606496600979692495,4412991675628682568921022800472,14342222945793212993201959384990,44712132113695273880767563404427,1293,1255,114737783566345703945615675079920,964790308171550156969549401929831,645,1040,458951134265382815782462700319680,2502717933959984236614803023489331,0
7130227270112403614398374466555,4387832166223019252092187086888,456334545287193831321495965859520,1422633752177199881551964217698681,1293,1255,114083636321798457830373991464880,959289810418924287827989495069699,645,1040,456334545287193831321495965859520,2488449347102891219629333752504399,0
1774756671279932244964888423345,1092157951556881791424634016547,1817350831390650618844045745505280,5665642786849518267984389092210349,1293,1255,14198053370239457959719107386760,119386516463520578253245003464403,645,1040,113584426961915663677752859094080,619390085718769601315047277285031,0
14124241745546602014868701807215,8691841074182527587574388357369,14463223547439720463225550650588160,45089590781856379627049613599662423,1293,1255,112993933964372816118949614457720,950126880485258911808566553628031,645,1040,903951471714982528951596915661760,4929360428577481529106560949921537,0
28106408670942594951611800644943,17296251489810834187513522295482,14390481239522608615225241930210816,44862892192925281993967892514506055,1293,1255,449702538735081519225788810319088,3781392994183743643780820901285301,645,1040,1798810154940326076903155241276352,9809136744623179318259402669820879,0
28037564200390542735703558602229,17253885661778802046650603101854,14355232870599957880680222004341248,44753041966232714762393581396963453,1293,1255,448601027206248683771256937635664,3772130765015260397789959515983287,645,1040,1794404108824994735085027750542656,9785110024255336257428160389725941,0
31796462468862803840310987951041,19567053826992502090284489983576,2034973598007219445779903228866624,6344132747342998023549642837569509,1293,1255,508743399501804861444975807216656,4277847156825536324056630320552953,645,1040,2034973598007219445779903228866624,11096965536334518530408003806625469,0
110363735416053308556754284355591,67916144871417446509802763690136,882909883328426468454034274844728,2752524034380983053563920363382313,1293,1255,1765819766656852936908068549689456,14848167220958600435962034852271583,645,1040,7063279066627411747632274198757824,38516944129694149927232410672924299,0
13620873842332082342253579615431,8382076210665900037965827429342,6973887407274026159233832763100672,21741605582336880901693198414228613,1293,1255,217933981477313317476057273846896,1832531417574098726056074668364521,645,1040,871735925909253269904229095387584,4753685029288643987990132782742367,0
837748190801365417725095170517,515537348185455840817580062535,857854147380598187750497454609408,2674438343590418226470975779302409,1293,1255,6701985526410923341800761364136,56354676560056824097746627100195,645,1040,53615884211287386734406090913088,292374122205170048593204599514227,0
6631922999055102927210645369589,4081183384033911078444342291349,6791089151032425397463700858459136,21171917159012744557194579162185291,1293,1255,13263845998110205854421290739178,111531090037915081668827800547309,645,1040,424443071939526587341481303653696,2314541155442607397202291531375511,0
210968586465155369713321432800365,129826822440095662694007134672696,13501989533769943661652571699223360,42093926294355319468642659060482437,1293,1255,3375497383442485915413142924805840,28383389150689722754174308573683333,645,1040,13501989533769943661652571699223360,73628037594329993921179785126886713,0
18262874,11740455,146102992,242840653,157,153,36525748,116081771,77,119,1304491,1303978,0
3325776323662,2138012329833,3325776323662,5593396028707,157,153,6651552647324,21135829418809,77,119,1662888161831,1661565015815,0
349099295519,224422499376,22342354913216,37658213137811,157,153,1396397182076,4437030595411,77,119,1396397182076,1395181281275,0
49142902114,31592098371,393143216912,664071577637,157,153,1184166316,3762560861,77,119,24571451057,24548236610,0
45233222389,29078723496,2894926232896,4895658033121,157,153,2179914332,6926332747,77,119,180932889556,180754625305,0
125359694237,80589018663,8023020431168,13583307951983,157,153,501438776948,1593217748413,77,119,501438776948,500925027455,0
109093665752,70132244013,3490997304064,5923375762549,157,153,109093665752,346612174777,77,119,218187331504,217947235705,0
23307863728,14983765497,745851639296,1268735193101,157,153,23307863728,74051144843,77,119,46615727456,46560340385,0
552644277520,355275057421,17684616880640,30221599548481,157,153,552644277520,1755689007311,77,119,1105288555040,1103797827941,0
660853891190,424839639189,660853891190,1134497766587,157,153,1321707782380,4198655157413,77,119,330426945595,329928709051,0
416730073220,267901130881,13335362343040,22917077632791,157,153,104182518305,330950715949,77,119,833460146440,832172705851,0
13251863158,8519159547,212029810528,364698287383,157,153,26503726316,84191866681,77,119,697466482,696367555,0
421725591668,271112741107,13495218933376,23243962177881,157,153,210862795834,669815152079,77,119,44392167544,44320091815,0
1051871522738,676211971627,8414972181904,14516437710009,157,153,2103743045476,6682490303711,77,119,525935761369,525052987150,0
1027887132238,660793332877,8223097057904,14193240416509,157,153,2055774264476,6530068902961,77,119,513943566119,513070966400,0
3050639388814,1961151424381,24405115110512,42134726276977,157,153,6101278777628,19380351106033,77,119,1525319694407,1522715920100,0
326381406805,209819474416,20888410035520,36102668920337,157,153,1305525627220,4146862125329,77,119,1305525627220,1303246734217,0
29259408750,18809882653,234075270000,405092173157,157,153,19506272500,61958465227,77,119,4876568125,4867831944,0
24183802500,15546954613,773881680000,1341557915963,157,153,2015316875,6401171624,77,119,16122535000,16092685221,0
45283352780,29111161001,1449067288960,2516389653491,157,153,22641676390,71914126043,77,119,90566705560,90393454231,0
14766441660,9492855647,472526133120,821056483177,157,153,1230536805,3908378741,77,119,518120760,517118701,0
7282852380,4681904761,233051276160,405099287051,157,153,1213808730,3855227591,77,119,255538680,255041063,0
64679018920,41580004849,2069728605440,3599003444209,157,153,64679018920,205428631289,77,119,129358037840,129104456069,0
71549834152,45997028633,2289594692864,3982455957369,157,153,71549834152,227250295697,77,119,143099668304,142817703725,0
70917081262,45590255783,1134673300192,1974105458187,157,153,141834162524,450479652109,77,119,70917081262,70776724405,0
69702849642,44809672283,34851424821,60663928726,157,153,46468566428,147587870393,77,119,11617141607,11593949295,0
349940354223,224965189502,22396182670272,39003408891407,157,153,466587138964,1481907521209,77,119,466587138964,465647303565,0
164889679033,106002177172,10552939458112,18380906878157,157,153,659558716132,2094791945237,77,119,659558716132,658226676805,0
3535814048,2273059357,113146049536,197152673721,157,153,3535814048,11229863443,77,119,7071628096,7057247965,0
6939932896,4461456839,222077852672,387170869467,157,153,6939932896,22041292361,77,119,13879865792,13851374855,0
27498288934,17677755731,439972622944,767258458959,157,153,54996577868,174668982913,77,119,27498288934,27441576385,0
27235446494,17508784231,435767143904,760136820999,157,153,54470892988,172998733253,77,119,27235446494,27179005265,0
236142305246,151808267079,3778276883936,6597954867191,157,153,472284610492,1499945657477,77,119,236142305246,235643670785,0
482853001546,310410693389,7725648024736,13503969617421,157,153,965706003092,3066979697047,77,119,482853001546,481817118715,0
479464354186,308232258989,7671429666976,13412044767981,157,153,958928708372,3045446665207,77,119,479464354186,478432110235,0
56117039029,36075848526,3591490497856,6281269580221,157,153,224468156116,712881354041,77,119,224468156116,223982054245,0
58717084082,37747337083,469736672656,821755943421,157,153,117434168164,372954085439,77,119,29358542041,29294684770,0
19404061504,12474252011,620929968128,1086539663583,157,153,19404061504,61624289789,77,119,38808123008,38723346395,0
1064528320,684351403,34064906240,59643863263,157,153,1064528320,3380748893,77,119,2129056640,2124360923,0
265749146720,170841712313,8503972695040,14901140242373,157,153,265749146720,843961836103,77,119,531498293440,530311214233,0
245726667266,157969918639,245726667266,430814725611,157,153,491453334532,1560737380127,77,119,122863333633,122586487825,0
45749620988,29410989187,1463987871616,2567274616221,157,153,11437405247,36322329682,77,119,91499241976,91292339785,0
1420504304,913197491,45456137728,79728910463,157,153,1420504304,4511152369,77,119,2841008608,2834563675,0
1325431280,852078129,42413800960,74421390469,157,153,1325431280,4209202339,77,119,2650862560,2644812409,0
753042470680,484107405449,24097359061760,42300979983489,157,153,753042470680,2391439381709,77,119,1506084941360,1502623896629,0
6309763017982,4056349303953,6309763017982,11080151658547,157,153,12619526035964,40075672002529,77,119,3154881508991,3147591967775,0
6154231868362,3956364090603,3077115934181,5407906669871,157,153,12308463736724,39087387899899,77,119,3077115934181,3069916455245,0
2000919284594,1286329013751,2000919284594,3519398866799,157,153,4001838569188,12708297571943,77,119,1000459642297,998089645225,0
157085313859,100985297371,10053460086976,17692979245541,157,153,628341255436,1995353768411,77,119,628341255436,626839963045,0
153993088639,98997419671,9855557672896,17356202611721,157,153,615972354556,1956056888951,77,119,615972354556,614485928905,0
48827944646,31389987309,48827944646,86024999291,157,153,97655889292,310110247037,77,119,24413972323,24354688675,0
150612869979,96824401396,9639223678656,16987935371911,157,153,200817159972,637700101957,77,119,200817159972,200327155045,0
18656600688,11993758237,597011222016,1052482501121,157,153,6218866896,19748087101,77,119,654617568,653013005,0
231781111568,149005002147,7416995570176,13079075103871,157,153,231781111568,736020928873,77,119,24398011744,24337972825,0
1461110624704,939303466331,46755539990528,82461533719503,157,153,1461110624704,4639746366509,77,119,2922221249408,2915013419915,0
1456472001344,936321465481,46607104043008,82208703271173,157,153,1456472001344,4625009314639,77,119,2912944002688,2905747620505,0
3669542921098,2359037380827,7339085842196,12946371273701,157,153,7339085842196,23305148086651,77,119,1834771460549,1830232538465,0
1826857656154,1174431195651,1826857656154,3223111963189,157,153,3653715312308,11602289300083,77,119,913428828077,911164262765,0
10722310452974,6893048590281,21444620905948,37863540656293,157,153,21444620905948,68096164936073,77,119,5361155226487,5347716142915,0
20992403861438,13495383356337,20992403861438,37092596208503,157,153,41984807722876,133318949303681,77,119,10496201930719,10469609750815,0
1375226586184,884091759781,44007250757888,77777963173093,157,153,1375226586184,4366892009069,77,119,2750453172368,2743460375945,0
1767894788,1136526467,56572633216,100031160401,157,153,883947394,2806866929,77,119,3535789576,3526742365,0
2206533368,1418514207,70609067776,124903342831,157,153,2206533368,7006534783,77,119,4413066736,4401707035,0
2176355038,1399113657,8705420152,15406981027,157,153,4352710076,13821318721,77,119,57272501,57124055,0
715881221,460218719,45816398144,81125212519,157,153,2863524884,9092593189,77,119,150711836,150318605,0
11388430366,7321283179,182214885856,322707458321,157,153,22776860732,72323491357,77,119,11388430366,11358630595,0
25400161681,16329009984,1625610347584,2879916114109,157,153,101600646724,322611633629,77,119,101600646724,101333621845,0
48169596154,30966806911,385356769232,682958401327,157,153,96339192308,305903302603,77,119,24084798077,24021162080,0
94909977983,61014823697,6074238590912,10771129242157,157,153,379639911932,1205451220687,77,119,379639911932,378629307005,0
195623093098,125760329247,1564984744784,2776376876909,157,153,391246186196,1242295931491,77,119,97811546549,97549549070,0
24124829861,15509145309,1543989111104,2740505038739,157,153,96499319444,306405171469,77,119,96499319444,96239081555,0
35738656459,22975336701,2287274013376,4061685004801,157,153,142954625836,453907313531,77,119,142954625836,142566701905,0
1106847602218,711560192607,8854780817744,15743648612789,157,153,2213695204436,7028766205891,77,119,553423801109,551897080790,0
1425727141474,916558932351,1425727141474,2538248332219,157,153,2851454282948,9053563380463,77,119,712863570737,710863015745,0
352573605886,226659447669,2820588847088,5023664359373,157,153,705147211772,2238877382617,77,119,176286802943,175789375400,0
261850285342,168336048033,130925142671,233275561376,157,153,523700570684,1662766243729,77,119,130925142671,130553898935,0
943452894082,606519166283,7547623152656,13473354661971,157,153,1886905788164,5990825108839,77,119,24827707739,24755602280,0
425329156900,273432221971,13610533020800,24341244939121,157,153,212664578450,675180796573,77,119,44771490200,44638446959,0
74246212100,47730819739,2375878787200,4250940574089,157,153,37123106050,117860005157,77,119,148492424200,148048751989,0
99414743944,63910974871,3181271806208,5694370082863,157,153,99414743944,315624205979,77,119,198829487888,198232335995,0
297847129672,191477641663,9531108149504,17061299044759,157,153,297847129672,945611144867,77,119,595694259344,593903996675,0
219193143580,140913187207,7014180594560,12558084115297,157,153,54798285895,173974268723,77,119,438386287160,437065919837,0
27251619260,17519310629,872051816320,1561656126359,157,153,13625809630,43259248787,77,119,54503238520,54338637739,0
108224161919,69574319726,6926346362816,12407287718911,157,153,432896647676,1374355286011,77,119,432896647676,431584570775,0
107420697089,69057800501,6874924613696,12318981670831,157,153,429682788356,1364145900121,77,119,429682788356,428375595215,0
14144828657,9093320388,905269034048,1622471730053,157,153,56579314628,179626006573,77,119,56579314628,56406746045,0
9363272348,6019390167,299624715136,537162469681,157,153,2340818087,7431514807,77,119,18726544696,18669225325,0
9281311028,5966700117,297001952896,532656644371,157,153,2320327757,7366424047,77,119,18562622056,18505554055,0
70356585728,45230324047,2251410743296,4039704357651,157,153,70356585728,223361932393,77,119,140713171456,140278115935,0
23160280832,14889113149,741128986624,1330512138825,157,153,23160280832,73526671723,77,119,46320561664,46176448621,0
4465900703,2871006321,285817644992,513432502925,157,153,17863602812,56710863343,77,119,17863602812,17807619293,0
13258501817,8523531963,848544116288,1524974900963,157,153,53034007268,168363851353,77,119,53034007268,52866932915,0
26437288964,16995818151,845993246848,1520587185253,157,153,13218644482,41964351887,77,119,52874577928,52707754945,0
6585149176,4233414519,210724773632,378816179687,157,153,6585149176,20905387751,77,119,13170298352,13128668915,0
2909965864,1870738579,93118907648,167439686731,157,153,2909965864,9238021127,77,119,5819931728,5801482823,0
1759717154,1131274949,28155474464,50665623223,157,153,3519434308,11172726179,77,119,1759717154,1754089829,0
810854983198,521277016257,810854983198,1460116086553,157,153,1621709966396,5148197918161,77,119,405427491599,404120917535,0
1528435495830,982590391781,764217747915,1376261267239,157,153,1018956997220,3234724760519,77,119,254739249305,253917445953,0
758543282790,487647279553,6068346262320,10931923209437,157,153,505695521860,1605345537847,77,119,126423880465,126014504964,0
199252107742,128093887233,99626053871,179533824851,157,153,398504215484,1265057335729,77,119,99626053871,99302211335,0
671955,358378,179188,180509,261,173,1075128,2105599,129,192,1075128,761617,0
1970485639,1050937512,1970485639,1999806555,261,173,15763885112,30875084931,129,192,15763885112,11168097725,0
1901865919,1014340120,1901865919,1930671645,261,173,15214927352,29799969851,129,192,15214927352,10779217285,0
5420233557,2890825240,1806744519,1834823695,261,173,43361868456,84928895753,129,192,43361868456,30720438455,0
1421468379,758126576,473822793,482167550,261,173,11371747032,22273208791,129,192,668926296,473923865,0
13713919533,7314198598,18285226044,18642491815,261,173,109711356264,214889269157,129,192,6453609192,4572388315,0
4508146501,2404380610,18032586004,18387368295,261,173,36065172008,70640161829,129,192,36065172008,25552251115,0
4426627291,2360903374,17706509164,18058081425,261,173,35413018328,69362914139,129,192,35413018328,25090253845,0
17114699959,9127979528,17114699959,17460347535,261,173,19559657096,38311305973,129,192,136917599672,97007023245,0
16258660159,8671421448,16258660159,16595589135,261,173,18581325896,36395231373,129,192,130069281272,92155532645,0
5212553799,2780075941,13900143464,14212217825,261,173,41700430392,81679879721,129,192,41700430392,29545837055,0
561619998,299536139,1497653328,1533805135,261,173,280809999,550039312,129,192,561619998,397930475,0
90193068,48103865,240514848,246428965,261,173,51538896,100952723,129,192,360772272,255623135,0
534146508,284883475,1424390688,1459644215,261,173,305226576,597868813,129,192,2136586032,1513868785,0
1360335233,725526037,10882681864,11158362675,261,173,10882681864,21316788107,129,192,10882681864,7710931485,0
10268893219,5476851144,10268893219,10536628215,261,173,82151145752,160917159951,129,192,82151145752,58208770865,0
27331822167,14577277688,9110607389,9363137675,261,173,218654577336,428305600243,129,192,218654577336,154932322765,0
196322349561,104707568464,65440783187,67352406250,261,173,1570578796488,3076527187469,129,192,1570578796488,1112886926195,0
120033921501,64019511704,40011307167,41183890175,261,173,960271372008,1881028519729,129,192,960271372008,680433662095,0
14789712717,7888023040,4929904239,5075426920,261,173,118317701736,231767189393,129,192,6959864808,4931666815,0
2925986739,1560561595,7802631304,8036013695,261,173,23407893912,45852825881,129,192,1376934936,975682255,0
11039823561,5888043193,29439529496,30346355045,261,173,88318588488,173005288619,129,192,88318588488,62582340125,0
337441970697,179973343928,112480656899,116024973875,261,173,2699535765576,5288093385613,129,192,2699535765576,1912900958515,0
10464570201,5581237747,27905520536,28788211415,261,173,83716561608,163991707079,129,192,4924503624,3489526465,0
433294759,231096089,3466358072,3576348495,261,173,3466358072,6790227361,129,192,203903416,144487095,0
842265803,449219374,3369063212,3477508065,261,173,6738126424,13199328587,129,192,6738126424,4774700325,0
202894112,108212879,1623152896,1676374665,261,173,811576448,1589807249,129,192,811576448,575094955,0
400529824,213621243,3204238592,3309988605,261,173,1602119296,3138417573,129,192,1602119296,1135288135,0
76138136253,40608025588,50758757502,52442349545,261,173,609105090024,1193187656537,129,192,609105090024,431622768455,0
5580979693,2976597632,5580979693,5767065000,261,173,44647837544,87461643697,129,192,44647837544,31638323535,0
50060242647,26699471104,16686747549,17244065560,261,173,400481941176,784513393763,129,192,400481941176,283789462685,0
18693129537,9969921685,49848345432,51516759185,261,173,149545036296,292947438923,129,192,149545036296,105970675805,0
72973479273,38920187165,194595944728,201189183865,261,173,583787834184,1143600552067,129,192,583787834184,413686079845,0
18240562291233,9728552387192,6080187430411,6288656532875,261,173,145924498329864,285857183716357,129,192,145924498329864,103406111067835,0
65641886118,35009953367,175045029648,181302853675,261,173,32820943059,64295072017,129,192,65641886118,46516469045,0
60641911638,32343262799,161711764368,167721821635,261,173,4331565117,8485491871,129,192,60641911638,42974023325,0
15489695381853,8261403551384,5163231793951,5355339096095,261,173,17702509007832,34679047526791,129,192,123917563054824,87814496277775,0
1896688638981,1011596062072,632229546327,655997596555,261,173,15173509111848,29724864459449,129,192,15173509111848,10752796238855,0
77412946599,41288091976,25804315533,26784434125,261,173,619303572792,1213218323171,129,192,619303572792,438875175005,0
230521312737,122948248312,76840437579,79769908315,261,173,1844170501896,3612742431173,129,192,1844170501896,1306890630395,0
228281768037,121753807192,76093922679,79009126615,261,173,1826254144296,3577650182873,129,192,1826254144296,1294196939495,0
224219565117,119587267480,74739855039,77629061695,261,173,1793756520936,3513997982993,129,192,1793756520936,1271172436655,0
30990954473,16528996440,30990954473,32198152965,261,173,247927635784,485695539117,129,192,247927635784,175698264595,0
110171509671,58759872970,146895346228,152623462465,261,173,881372077368,1726627385759,129,192,881372077368,624600082865,0
429657816,229157605,1145754176,1190468705,261,173,245518752,480976801,129,192,1718631264,1217939245,0
3428256888,1828457761,9142018368,9499265645,261,173,1959003936,3837734893,129,192,13713027552,9717991945,0
8178598179,4362048248,2726199393,2832885995,261,173,65428785432,128176598191,129,192,65428785432,46367356945,0
109093304451,58184821678,145457739268,151157757835,261,173,872746435608,1709732526179,129,192,51338025624,36381694525,0
6811461111,3632887078,9081948148,9438019735,261,173,7784526984,15250089617,129,192,3205393464,2271565225,0
3398655078,1812669895,9063080208,9418781915,261,173,242761077,475575401,129,192,3398655078,2408525065,0
52869537,28197926,70492716,73265495,261,173,60422328,118369039,129,192,422956296,299736775,0
210849198,112456259,562264528,584413735,261,173,15060657,29504266,129,192,12402894,8789575,0
2239042817,1194191859,17912342536,18619538565,261,173,17912342536,35090828943,129,192,1053667208,746704505,0
6661025481,3552653545,17762734616,18466971605,261,173,53288203848,104393383499,129,192,53288203848,37763936765,0
822016077,438421817,2192042872,2279510245,261,173,6576128616,12882886783,129,192,6576128616,4660342345,0
1082998681,577616848,1082998681,1126471470,261,173,8663989448,16973122349,129,192,8663989448,6139976275,0
809169417,431570161,2157785112,2244565565,261,173,924765048,1811655149,129,192,380785608,269854525,0
199551933,106430960,66517311,69210830,261,173,228059352,446779351,129,192,93906792,66549935,0
25179439089,13429448779,67145170904,69883592015,261,173,28776501816,56374712633,129,192,201435512712,142753969865,0
100577887851,53643197428,67051925234,69788444105,261,173,114946157544,225185753897,129,192,804623102808,570223095425,0
100390529241,53543271292,66927019494,69660988835,261,173,803124233928,1573364451989,129,192,803124233928,569161134155,0
66766728879,35610024544,22255576293,23165807380,261,173,534133831032,1046397952091,129,192,534133831032,378532217765,0
12479963337,6656186840,4159987779,4330391495,261,173,99839706696,195591663373,129,192,99839706696,70754879155,0
1548518289,825902125,4129382104,4299158345,261,173,12388146312,24269116331,129,192,12388146312,8779306685,0
190605723,101659574,254140964,264670655,261,173,217835112,426753181,129,192,1524845784,1080641125,0
7994313173,4263768569,63954505384,66627087855,261,173,9136357912,17898778081,129,192,63954505384,45324037025,0
1012068355099,539786958760,1012068355099,1054594747995,261,173,8096546840792,15861746844071,129,192,8096546840792,5737972805785,0
31385692727,16739570612,62771385454,65419119915,261,173,251085541816,491896257883,129,192,251085541816,177943122245,0
11711903307,6246548372,7807935538,8138089105,261,173,93695226456,183556464703,129,192,93695226456,66401442145,0
46654656633,24883281656,15551552211,16210498715,261,173,373237253064,731202295357,129,192,373237253064,264512067715,0
46071898353,24572472248,15357299451,16012124435,261,173,368575186824,722070668437,129,192,368575186824,261208922155,0
181999186707,97069385624,60666395569,63269354735,261,173,1455993493656,2852424041503,129,192,1455993493656,1031864685985,0
725583982233,386990713784,241861327411,252255885395,261,173,5804671857864,11371888862557,129,192,5804671857864,4113782853475,0
181228206687,96658189592,60409402229,63006839615,261,173,1449825653496,2840343013723,129,192,1449825653496,1027494662245,0
181018114377,96546138536,60339371459,62935302905,261,173,1448144915016,2837050929133,129,192,1448144915016,1026303829075,0
723225277233,385732717304,241075092411,251452741595,261,173,5785802217864,11334928649557,129,192,5785802217864,4100413376875,0
44441806653,23703075868,29627871102,30914172395,261,173,355534453224,696527616137,129,192,355534453224,251969332055,0
2730505383,1456317808,910168461,950021710,261,173,21844043064,42794812307,129,192,21844043064,15481069805,0
2724171993,1452939944,908057331,947864345,261,173,21793375944,42695569597,129,192,21793375944,15445171075,0
1357343829,723940774,1809791772,1889267095,261,173,10858750632,21273476141,129,192,10858750632,7695706115,0
338603391,180594485,902942376,942637105,261,173,386975304,758127127,129,192,2708827128,1919774215,0
225097159,120055819,1800777272,1880054445,261,173,257253896,503988923,129,192,1800777272,1276230715,0
224198089,119576307,1793584712,1872703365,261,173,1793584712,3513834231,129,192,1793584712,1271134625,0
335231091,178795895,893949576,933446155,261,173,2681848728,5254046689,129,192,2681848728,1900659415,0
85307641731,45498935186,113743522308,118784005205,261,173,682461133848,1337020579099,129,192,682461133848,483669434485,0
451937654237,241041528440,451937654237,472032161985,261,173,3615501233896,7083196079473,129,192,3615501233896,2562359224655,0
450420687407,240232465832,450420687407,470481430395,261,173,3603365499256,7059425494603,129,192,3603365499256,2553760761845,0
56064233719,29901934908,112128467438,117133032345,261,173,448513869752,878693251851,129,192,448513869752,317869068245,0
1296639669,691564678,1728852892,1806531655,261,173,10373117352,20322253901,129,192,10373117352,7351623395,0
20507302659,10937602246,27343070212,28578737575,261,173,164058421272,321412031411,129,192,164058421272,116271655805,0
10229116032,5455715407,27277642752,28511830595,261,173,40916464128,80160775489,129,192,40916464128,28998378235,0
10213137792,5447193533,27235034112,28468257625,261,173,40852551168,80035587059,129,192,40852551168,28953094145,0
10368097241073,5529842229176,3456032413691,3613204391315,261,173,82944777928584,162500151988117,129,192,82944777928584,58784913468715,0
856888414009,457022952456,856888414009,896018872575,261,173,6855107312072,13430114564061,129,192,6855107312072,4858386726755,0
10023121167,5345849588,6682080778,6987505225,261,173,80184969336,157093636243,129,192,80184969336,56829130765,0
639908592693,341296406060,426605728462,446128936735,261,173,5119268741544,10029372770497,129,192,5119268741544,3628158651295,0
2556643004727,1363590201368,852214334909,891237924575,261,173,2921877719688,5724373810069,129,192,20453144037816,14495678830765,0
9978956547,5322294716,6652637698,6957388435,261,173,11404521768,22343083009,129,192,79831652376,56578795225,0
13292158201,7089396996,26584316402,27802718295,261,173,15191037944,29761413747,129,192,106337265608,75364042235,0
13005505017,6936510136,4335168339,4533973555,261,173,104044040136,203837189693,129,192,104044040136,73738796675,0
113024,63587,56512,59229,61,44,113024,176303,29,44,113024,63587,0
194062208,109198305,97031104,106494415,61,44,194062208,302187749,29,44,194062208,109198305,0
20864984,11741003,20864984,23063037,61,44,20864984,32481401,29,44,20864984,11741003,0
13026944,7330649,6513472,7252743,61,44,13026944,20273789,29,44,13026944,7330649,0
30882176,17378577,1187776,1327483,61,44,30882176,48054869,29,44,30882176,17378577,0
201828848,113578455,970331,1088435,61,44,201828848,314014919,29,44,201828848,113578455,0
174141136,98000659,3348868,3788433,61,44,174141136,270846235,29,44,174141136,98000659,0
21425872,12058177,206018,235107,61,44,21425872,33312577,29,44,21425872,12058177,0
48630592,27369087,24315296,27866909,61,44,48630592,75597067,29,44,48630592,27369087,0
193394048,108843261,96697024,111296947,61,44,193394048,300582257,29,44,193394048,108843261,0
396331648,223059677,198165824,228577699,61,44,396331648,615943825,29,44,396331648,223059677,0
203195120,114361407,668405,772652,61,44,50798780,79338401,29,44,203195120,114361407,0
341039360,191948971,8974720,10461023,61,44,682078720,1088982749,29,44,341039360,191948971,0
302617856,170330143,151308928,177885881,61,44,605235712,988180553,29,44,302617856,170330143,0
293635136,165275743,146817568,172994381,61,44,587270272,964449533,29,44,293635136,165275743,0
44294752,24931887,22147376,26121359,61,44,88589504,145850255,29,44,44294752,24931887,0
182418496,102677599,7016096,8292801,61,44,364836992,603983997,29,44,182418496,102677599,0
176021248,99077959,6770048,8024181,61,44,352042496,586961409,29,44,176021248,99077959,0
105008384,59107069,4038784,4795991,61,44,210016768,351853595,29,44,105008384,59107069,0
50914032,28658767,244779,291386,61,44,12728508,21458735,29,44,50914032,28658767,0
47871024,26946481,11967756,14317961,61,44,47871024,81734909,29,44,47871024,26946481,0
44174000,24866157,849500,1023179,61,44,44174000,76706819,29,44,44174000,24866157,0
20137000,11335791,1549000,1880683,61,44,80548000,142677463,29,44,20137000,11335791,0
76731264,43195403,38365632,46780181,61,44,153462528,274706981,29,44,76731264,43195403,0
96644736,54405797,48322368,58976219,61,44,193289472,346799819,29,44,96644736,54405797,0
94459616,53176177,47229808,57762629,61,44,188919232,340685669,29,44,188919232,106394285,0
72139840,40611693,36069920,44229071,61,44,144279680,261844127,29,44,28855936,16483467,0
17975360,10119459,691360,849421,61,44,35950720,65558041,29,44,7190144,4151181,0
8082880,4550381,310880,382339,61,44,16165760,29551159,29,44,3233152,1876739,0
3923520,2208833,1961760,2419451,61,44,7847040,14441867,29,44,1569408,924647,0
25883520,14572073,995520,1234787,61,44,51767040,96585527,29,44,10353408,6283907,0
3422848,1927083,131648,164537,61,44,6845696,13006325,29,44,6845696,4318845,0
160567,90402,1284536,1612799,61,44,5138144,9868055,29,44,5138144,3315855,0
3490010,1964947,13960040,17549197,61,44,55840160,107555989,29,44,11168032,7250969,0
6853780,3858851,13707560,17264113,61,44,54830240,106076281,29,44,10966048,7185101,0
16866032,9496153,4216508,5329243,61,44,16866032,32899327,29,44,16866032,11239975,0
5980128,3367057,2990064,3789109,61,44,11960256,23473621,29,44,11960256,8071325,0
1337952,753323,668976,848051,61,44,2675904,5256179,29,44,2675904,1808875,0
1145368,644897,1145368,1455353,61,44,4581472,9048017,29,44,4581472,3131225,0
4462144,2512433,2231072,2842891,61,44,8924288,17739931,29,44,8924288,6180115,0
61561792,34662933,30780896,39283871,61,44,123123584,245642159,29,44,123123584,85890375,0
61062912,34382173,30531456,38999851,61,44,122125824,244146139,29,44,122125824,85541075,0
18369792,10343369,9184896,11744063,61,44,36739584,73614383,29,44,36739584,25850695,0
117842816,66353723,4532416,5808057,61,44,235685632,474633333,29,44,235685632,167511805,0
75253568,42373289,2894368,3714351,61,44,150507136,304102899,29,44,150507136,107676715,0
17347040,9767779,8673520,11160563,61,44,34694080,70529651,29,44,6938816,5024431,0
104313920,58737967,52156960,67319549,61,44,208627840,427104173,29,44,41725568,30632113,0
109327904,61561613,54663952,70636701,61,44,218655808,448805661,29,44,218655808,161344165,0
57304576,32267889,28652288,37066343,61,44,114609152,235846487,29,44,114609152,84992175,0
53015040,29852803,2039040,2644057,61,44,106030080,219359317,29,44,21206016,15889657,0
8620560,4854307,165780,215579,61,44,8620560,17948699,29,44,1724112,1307879,0
6857152,3861391,3428576,4476597,61,44,13714304,28815141,29,44,13714304,10586285,0
37814848,21294569,18907424,24765523,61,44,75629696,160038499,29,44,75629696,59173915,0
48216640,27152227,24108320,31608969,61,44,96433280,204509433,29,44,19286656,15153133,0
9854080,5549149,4927040,6465603,61,44,19708160,41877171,29,44,3941632,3108271,0
1085056,611033,542528,712711,61,44,2170112,4622263,29,44,2170112,1719055,0
3339840,1880803,1669920,2199241,61,44,6679680,14306617,29,44,1335936,1069357,0
22765440,12820363,11382720,15039061,61,44,45530880,98214757,29,44,9106176,7386697,0
22423424,12627867,11211712,14840389,61,44,44846848,97132117,29,44,44846848,36654045,0
1698331,956425,13586648,17988435,61,44,54346592,117771531,29,44,54346592,44463395,0
1230440,692931,64760,85781,61,44,4921760,10676663,29,44,984352,806883,0
1296560,730169,17060,22611,61,44,1296560,2816253,29,44,259312,213073,0
35566688,20029931,17783344,23629587,61,44,71133376,155371347,29,44,71133376,59054155,0
26956464,15181183,3369558,4491679,61,44,13478232,29646769,29,44,13478232,11334785,0
63843168,35955365,31921584,42686585,61,44,127686336,282798233,29,44,127686336,108739585,0
76137792,42879953,38068896,51022811,61,44,152275584,338927339,29,44,152275584,130850275,0
40215360,22648873,20107680,26957731,61,44,80430720,179132467,29,44,16086144,13838767,0
4720480,2658529,2360240,3165213,61,44,9440960,21039741,29,44,1888192,1626241,0
8728544,4915897,4364272,5868749,61,44,17457088,39134957,29,44,17457088,15197045,0
19217264,10823267,2402158,3239241,61,44,9608632,21670083,29,44,9608632,8455555,0
12254672,6901961,1531834,2069553,61,44,6127336,13875279,29,44,6127336,5431615,0
45635968,25702893,22817984,30885251,63,44,91271936,207512435,30,45,91271936,81489195,0
74603648,42017971,37301824,50496317,63,44,149207296,339325517,30,45,149207296,133280405,0
2846752544,1603337171,1423376272,1926975927,63,44,5693505088,12949825623,30,45,5693505088,5086968175,0
6628190350,3733105787,26512761400,35896222487,63,44,106051045600,241256462639,30,45,21210209120,18956870779,0
52963720400,29830060303,13240930100,17929925983,63,44,52963720400,120527025451,30,45,10592744080,9472910711,0
13225997996,7449110413,26451995992,35824697759,63,44,105807983968,240858370967,30,44,105807983968,94675671695,0
26442642552,14892956161,26442642552,35813686949,63,44,105770570208,240797076317,30,44,105770570208,94658930245,0
52879857168,29782857161,3304991073,4476311509,63,44,3304991073,7524352846,30,44,3304991073,2957939765,0
13217626172,7444398259,26435252344,35804987147,63,44,105741009376,240748645667,30,44,105741009376,94645701755,0
3303954295,1860845013,26431634360,35800727951,63,44,105726537440,240724934567,30,44,21145307488,18927844947,0
13213946940,7442327371,26427893880,35796324523,63,44,105711575520,240700420291,30,44,21142315104,18926505631,0
52850361552,29766255295,13212590388,17896565255,63,44,52850361552,120341319251,30,44,52850361552,47313835195,0
54617556912,30761579609,13654389228,18496064209,63,44,54617556912,124380800869,30,44,54617556912,48906797885,0
13199235132,7434046699,26398470264,35761684267,63,44,105593881056,240507559747,30,44,105593881056,94579833755,0
51057921584,28756742901,12764480396,17292238631,63,44,51057921584,116297968379,30,44,51057921584,45735857475,0
13192892972,7430476957,1388725576,1881407909,63,44,105543143776,240424407095,30,44,105543143776,94557109295,0
81274704,45775403,1069404,1448887,63,44,81274704,185165473,30,44,81274704,72831545,0
2086260,1175021,4172520,5654273,63,44,16690080,38040521,30,44,3338016,2993501,0
669677470,377175367,2678709880,3630727167,63,44,10714839520,24432367959,30,44,2142967904,1923306179,0
17074038688,9616433171,8537019344,11571762367,63,44,34148077376,77875407007,30,44,34148077376,30654590455,0
17228109472,9703210745,8614054736,11676648985,63,44,34456218944,78584854297,30,44,34456218944,30935921665,0
2388184232,1345072513,2388184232,3237312187,63,44,9552736928,21787742563,30,44,9552736928,8577223675,0
1618932704,911814927,809466352,1097290759,63,44,3237865408,7385100487,30,44,3237865408,2907376095,0
6182018464,3481835739,3091009232,4190246423,63,44,12364036928,28202843255,30,45,12364036928,11103630735,0
4754073172,2677589225,9508146344,12890135305,63,44,38032585376,86763349393,30,45,38032585376,34162196185,0
54666553168,30789332561,6833319146,9266047093,63,44,27333276584,62386227043,30,45,27333276584,24573506995,0
6538630150,3682695983,2011886200,2728797791,63,44,104618082400,238906943051,30,45,20923616480,18828362311,0
50578210800,28486732951,243164475,329826743,63,44,3161138175,7219440962,30,45,632227635,569006207,0
6535473966,3680919491,1375889256,1866289309,63,44,104567583456,238824028735,30,45,104567583456,94119087095,0
2167381,1147443,2039888,2066765,157,153,17339048,30982899,77,119,1019944,637525,0
15886010279,8410329711,15886010279,16309484291,157,153,127088082232,227107641141,77,119,127088082232,79445177155,0
79495841779,42086508263,37409807896,38472300501,157,153,635966734232,1136488947841,77,119,37409807896,23385873735,0
23400945247,12388884135,1376526191,1418078033,157,153,187207561976,334547810013,77,119,11012209528,6884115115,0
167085829366,88458289891,314514502336,324244952867,157,153,167085829366,298590580033,77,119,4914289099,3072109505,0
5881899881,3113986067,94110398096,97085726791,157,153,47055199048,84090243799,77,119,47055199048,29416141505,0
21669270194,11472116633,693416646208,716271189593,157,153,21669270194,38724452297,77,119,10834635097,6773241320,0
60090627154,31813117563,1922900068928,1988786212343,157,153,120181254308,214773475929,77,119,120181254308,75131669405,0
16327050733,8643852779,15366635984,15904346205,157,153,18659486552,33346113901,77,119,7683317992,4803274125,0
1040046315,550620577,978867120,1013905769,157,153,237724872,424836631,77,119,97886712,61194839,0
3831916110,2028691513,7213018560,7482173797,157,153,1532766444,2739218737,77,119,90162732,56366729,0
3542360618,1875396257,6667972928,6926628217,157,153,1771180309,3165314017,77,119,208374154,130269935,0
26205619952,13873778551,49328225792,51254831865,157,153,104822479808,187330740529,77,119,6166028224,3854842875,0
1120060016,592982289,35841920512,37264331983,157,153,4480240064,8006769207,77,119,4480240064,2800943885,0
560717596,296855471,1055468416,1100075277,157,153,2242870384,4008352967,77,119,131933552,82483365,0
136225850168,72120833697,256425129728,267766874327,157,153,544903400672,973835707611,77,119,32053141216,20039543065,0
391243086671,207132372567,391243086671,408756139871,157,153,3129944693368,5593762577709,77,119,3129944693368,1956840969355,0
128994514064,68292445239,242813202944,253849893593,157,153,515978056256,922146964353,77,119,30351650368,18975941035,0
8409424816,4452134761,15829505536,16602927047,157,153,33637699264,60117761407,77,119,1978688192,1237111765,0
4282589396,2267300357,137042860672,144223543967,157,153,17130357584,30616169117,77,119,17130357584,10710481015,0
4221180364,2234789353,135077771648,142206671923,157,153,16884721456,30177215653,77,119,16884721456,10556929535,0
20743872948,10982282411,663803934336,699142306681,157,153,82975491792,148298284871,77,119,82975491792,51879404645,0
165172259502,87446019923,5285512304064,5572228730971,157,153,82586129751,147603162388,77,119,165172259502,103272666155,0
391183037519,207101464599,391183037519,412897557113,157,153,3129464300152,5593213193901,77,119,3129464300152,1956690792715,0
122639266943,64928121537,1962228271088,2072709055427,157,153,981114135544,1753527890697,77,119,981114135544,613442971135,0
116793568273,61833281881,233587136546,246845067901,157,153,934348546184,1669948483667,77,119,934348546184,584204616565,0
28785500977,15239728594,921136031264,973790806759,157,153,230284007816,411584340833,77,119,230284007816,143986277935,0
2357720914,1248233753,75447069248,79797335673,157,153,2357720914,4213942157,77,119,1178860457,737091270,0
3894249500,2061709363,7330352000,7759156617,157,153,623079920,1113632251,77,119,183258800,114584613,0
94517875,50040054,177916000,188478661,157,153,30245720,54058491,77,119,8895800,5562233,0
884528122,468291003,1664994112,1767207343,157,153,1769056244,3161885547,77,119,104062132,65067355,0
26499570828,14029537699,49881545088,53045353225,157,153,105998283312,189455791531,77,119,6235193136,3898761425,0
576267700,305090663,1084739200,1154287917,157,153,92202832,164799107,77,119,27118480,16956813,0
5131686300,2716844597,568214400,604839319,157,153,821069808,1467545033,77,119,241491120,151001447,0
15194510240,8044359611,1682437120,1791595157,157,153,1736515456,3103780183,77,119,715035776,447104491,0
3420747680,1811030987,109463925760,116610152741,157,153,390942592,698757031,77,119,2736598144,1711171499,0
168026966690,88957762717,5376862934080,5728646839941,157,153,16802696669,30032570587,77,119,33605393338,21013187331,0
80777401870,42765620881,2584876859840,2754543718813,157,153,32310960748,57751579429,77,119,32310960748,20203819541,0
13576767808,7187888311,434456569856,463044873241,157,153,54307071232,97066806841,77,119,54307071232,33957874595,0
27756886080,14695207883,888220354560,946985042629,157,153,3172215552,5669931991,77,119,22205508864,13885002331,0
32274532290,17086969811,1032785033280,1101735083023,157,153,1844258988,3296388659,77,119,12909812916,8072481161,0
77377025830,40965398099,2476064826560,2642121799827,157,153,15475405166,27660447943,77,119,7737702583,4838381016,0
2581841736,1366893997,82618935552,88194345227,157,153,10327366944,18458981047,77,119,10327366944,6457715965,0
132797907,70306669,2124766512,2269051207,157,153,1062383256,1898892053,77,119,1062383256,664311635,0
25311584936,13400613307,809970717952,865174239357,157,153,101246339744,180966816697,77,119,101246339744,63309771315,0
14954265437,7917179859,239268246992,255702054257,157,153,119634123496,213833560923,77,119,119634123496,74808013885,0
29748724331,15749762255,237989794648,254652092249,157,153,237989794648,425384928649,77,119,237989794648,148818015215,0
57781368821,30590998850,1849003802272,1980352247771,157,153,462250950568,826235529109,77,119,462250950568,289053454715,0
31587901620,16723478941,59459579520,63690028279,157,153,25270321296,45168645233,77,119,1486489488,929528131,0
31369833780,16608029629,59049098880,63264926551,157,153,25095867024,44856879377,77,119,1476227472,923112739,0
56604214514,29967790685,1811334864448,1941339083669,157,153,28302107257,50587878616,77,119,56604214514,35395772845,0
7027878241,3720747760,224892103712,241087744921,157,153,56223025928,100494536789,77,119,56223025928,35157468715,0
2246533192,1189375249,71889062144,77089806439,157,153,8986132768,16062080659,77,119,8986132768,5619235505,0
1259780376,666961801,2371351296,2543803087,157,153,5039121504,9007093027,77,119,296418912,185358065,0
248190072,131398565,467181312,501413651,157,153,992760288,1774497719,77,119,58397664,36517645,0
485667832,257125823,914198272,981919353,157,153,1942671328,3472419389,77,119,114274784,71459535,0
38479452094,20372076435,72431909824,77823409147,157,153,19239726047,34390027761,77,119,2263497182,1415437985,0
18003013263,9531289399,18003013263,19346979730,157,153,144024106104,257436021677,77,119,144024106104,90063070475,0
6704447436,3549518873,214542317952,230614020355,157,153,26817789744,47935546997,77,119,26817789744,16770088175,0
1040965176,551115647,33310885632,35814164617,157,153,4163860704,7442715677,77,119,4163860704,2603810015,0
2331418488,1234317409,8327424,8956985,157,153,1332239136,2381323693,77,119,548569056,343040825,0
2559568382,1355106489,9142336,9837211,157,153,731305252,1307181351,77,119,301125692,188305745,0
556875664441,294825446911,287419697776,309328429127,157,153,4455005315528,7963167799439,77,119,4455005315528,2785894497385,0
771139394279,408262664943,771139394279,830144353769,157,153,6169115154232,11027096308341,77,119,6169115154232,3857804526595,0
108654884736,57524925815,204526841856,220218915593,157,153,434619538944,776869372697,77,119,25565855232,15987417235,0
898363776,475618891,1691037696,1821292597,157,153,3593455104,6423203077,77,119,211379712,132185015,0
76115520877,40297693294,143276274592,154394975927,157,153,608924167016,1088438582933,77,119,35819068648,22399328555,0
14923787714,7901073231,477561206848,514790340307,157,153,29847575428,53351982939,77,119,29847575428,18665123395,0
32391924950,17149197187,60973035200,65730595683,157,153,185096714,330857035,77,119,190540735,119154339,0
20954207225,11093747816,39443213600,42525028969,157,153,957906616,1712241715,77,119,1972160680,1233288407,0
48951330077,25916216533,48951330077,52789804668,157,153,391610640616,699998343383,77,119,391610640616,244893754065,0
74372876682,39375110201,2379932053824,2567921250385,157,153,37186438341,66470416108,77,119,74372876682,46509277025,0
72935255634,38614004717,2333928180288,2520091568485,157,153,36467627817,65185808596,77,119,72935255634,45610509125,0
66207202831,35051988445,62312661488,67313387149,157,153,75665374664,135252038807,77,119,31156330744,19483870295,0
5990275907,3171423785,5637906736,6091438193,157,153,6846029608,12237306379,77,119,2818953368,1762858315,0
65439154561,34645368163,61589792528,66561437275,157,153,523513236488,935783427119,77,119,30794896264,19257908825,0
8107393432,4292287581,15260975872,16498366075,157,153,32429573728,57968188239,77,119,1907621984,1192954325,0
2013229624,1065861861,3789608704,4097914771,157,153,1150416928,2056384689,77,119,473701088,296235245,0
3930218338,2080771127,7398058048,8001007707,157,153,7860436676,14050639663,77,119,462378628,289154895,0
350441564872,185533894531,11214130075904,12129051636565,157,153,200252322784,357953963767,77,119,1401766259488,876614528075,0
69869966008,36991181581,2235838912256,2418538052251,157,153,279479864032,499574682991,77,119,279479864032,174776879045,0
89916411289,47604351769,359665645156,389094248987,157,153,719331290312,1285816788731,77,119,719331290312,449844841165,0
223839652709,118507201853,223839652709,242193597649,157,153,1790717221672,3200940035311,77,119,1790717221672,1119853834745,0
94777618272,50178022015,178404928512,193060696801,157,153,379110473088,677667490369,77,119,22300616064,13946064395,0
186188807328,98573787745,350473049088,379524299839,157,153,744755229312,1331269828831,77,119,43809131136,27396920405,0
514852094939,272577816579,514852094939,557974951343,157,153,588402394216,1051789652583,77,119,4118816759512,2575800748615,0
289774261413,153415019941,68182179156,73912400351,157,153,331170584472,591979753961,77,119,136364358312,85278892345,0
186288427872,98626582385,350660570112,380198760431,157,153,745153711488,1331991334319,77,119,43832571264,27411842245,0
185384982048,98148279539,348959966208,378426502445,157,153,105934275456,189361850603,77,119,43619995776,27278942575,0
219956566809,116451508186,414035890464,449101353751,157,153,251378933496,449350705823,77,119,103508972616,64732247815,0
27437962396,14526468837,51647929216,56026595671,157,153,109751849584,196186261617,77,119,6455991152,4037438195,0
185017664,97953827,348268544,377824285,157,153,740070656,1322909453,77,119,43533568,27224975,0
46058304,24384631,86697984,94071241,157,153,184233216,329325433,77,119,10837248,6777395,0
1836630768,972366805,3457187328,3751660699,157,153,1049503296,1876037173,77,119,432148416,270257105,0
1980368089,1048465770,63371778848,68794562999,157,153,2263277816,4045725183,77,119,15842944712,9907893335,0
1959876119,1037616895,1959876119,2128457622,157,153,15679008952,28027096901,77,119,15679008952,9805402035,0
28693395430,15191140779,54011097280,58666811851,157,153,819811298,1465459479,77,119,168784679,105555383,0
9115919435,4826240691,536230555,582620257,157,153,2083638728,3724629099,77,119,857968888,536561947,0
84710170910,44848107623,159454439360,173310007687,157,153,16942034182,30284961061,77,119,498295123,311627771,0
7663451972,4057262659,245230463104,266709262449,157,153,30653807888,54795821719,77,119,30653807888,19170617205,0
2297217820,1351304601,4594435640,8389300033,231,49,574304455,1699687184,114,174,67565230,80233639,0
1128146813877115,663615773856787,2256293627754230,4125493598655271,231,49,18050349022033840,53421029682455387,114,174,18050349022033840,21434750971292317,0
27077362089686616,15927860078431513,18051574726457744,33013528112114235,231,49,36103149452915488,106849307817182529,114,174,36103149452915488,42872406609650991,0
3384902768954565,1991119279313498,1128300922984855,2063951246984869,231,49,18052814767757680,53428320526530691,114,174,18052814767757680,21437672625876821,0
22834796527225560,13432233274827127,15223197684817040,27847839410003637,231,49,30446395369634080,90107818640667171,114,174,30446395369634080,36155018138578701,0
801526126015747,471485957312551,1603052252031494,2932548755071675,231,49,1165856183295632,3450416886572761,114,174,12824418016251952,15228963948983269,0
11374353085954716,6690795945479779,7582902057303144,13874603379218921,231,49,689354732482104,2040183952294801,114,174,7582902057303144,9004675793380057,0
1121988266241687,659993099102822,373996088747229,684447431076323,231,49,5983937419955664,17709797046645089,114,174,5983937419955664,7105908625233895,0
4360698388350423,2565116704209113,2907132258900282,5320597677343759,231,49,23257058071202256,68830561459919381,114,174,23257058071202256,27617689188824755,0
89538363001068408,52669625402294923,59692242000712272,109252487201338289,231,49,119384484001424544,353325039826622119,114,174,119384484001424544,141768725540735945,0
88476244522822584,52044849826216627,58984163015215056,107958894140552105,231,49,117968326030430112,349133839167902191,114,174,117968326030430112,140087040026883329,0
87373025749669320,51395897606045971,58248683833112880,106615227039462281,231,49,116497367666225760,344780453620398283,114,174,116497367666225760,138340279140776453,0
15976269232812120,9397805450738371,10650846155208080,19495650414472281,231,49,21301692310416160,63043544999644983,114,174,21301692310416160,25295695742277753,0
4431430716049052,2606723956154975,8862861432098104,16223776570090967,231,49,8862861432098104,26230131700925015,114,174,8862861432098104,10524620978344741,0
4371077695469876,2571222179305787,8742155390939752,16003240547826227,231,49,2185538847734938,6468223815946121,114,174,1092769423867469,1297660342387514,0
4327117526744828,2545363256498645,8654235053489656,15842604645260573,231,49,4327117526744828,12806344996820425,114,174,4327117526744828,5138438736650357,0
4087112039066348,2404183557711965,8174224078132696,14965583224527653,231,49,2043556019533174,6048017511876635,114,174,1021778009766587,1213358147718008,0
7765682591219236,4568048593437565,15531365182438472,28438135748388901,231,49,15531365182438472,45965936350945975,114,174,15531365182438472,18443445659596493,0
7707831067984039,4534018285613518,7707831067984039,14113357330445789,231,49,123325297087744624,364988052596568083,114,174,123325297087744624,146448387840755269,0
22888391692149578,13463759849739855,45776783384299156,83820943195442303,231,49,183107133537196624,541915708067393255,114,174,183107133537196624,217439120477729761,0
11367304513407892,6686649729131637,22734609026815784,41629462725565213,231,49,22734609026815784,67284334927130329,114,174,22734609026815784,26997273397316315,0
11232288599218228,6607228603046349,22464577198436456,41136027370883125,231,49,22464577198436456,66485160309641113,114,174,22464577198436456,26676611046123707,0
5513476067086991,3243221223498879,11026952134173982,20192790613400963,231,49,88215617073391856,261079001304207439,114,174,88215617073391856,104755750498165193,0
7269966872574750,4276451111545633,4846644581716500,8875486782641243,231,49,19386578326866000,57375651195445343,114,174,19386578326866000,23021496621357673,0
7225388848802250,4250228744589853,4816925899201500,8821178860872863,231,49,19267703596806000,57023834647089713,114,174,19267703596806000,22880333079296743,0
7134996254535702,4197056630252719,4756664169690468,8711055526507013,231,49,19026656678761872,56310442537342919,114,174,19026656678761872,22594090271254177,0
3078190818837675,1810700486020961,2052127212558450,3758377526849431,231,49,16417017700467600,48587070808147937,114,174,16417017700467600,19495151998900807,0
5395591302272100,3173877244360067,3597060868181400,6588232453087657,231,49,1798530434090700,5322850090036529,114,174,1798530434090700,2135748616126069,0
26628702265769940,15663942547672759,17752468177179960,32515641479964869,231,49,8876234088589980,26269704500502733,114,174,8876234088589980,10540496811984833,0
61527609957948120,36192711829122211,41018406638632080,75131449921340921,231,49,82036813277264160,242792473520197303,114,174,82036813277264160,97418426287841273,0
19131964456494120,11254096766905231,12754642970996080,23362326473249341,231,49,2319025994726560,6863285312836933,114,174,25509285941992160,30292186818599833,0
4079406502103394,2399650889530687,2719604334735596,4981478989785285,231,49,988947030812944,2926843263606147,114,174,10878417338942384,12918082012677783,0
5670446926499934,3335557023875159,3780297950999956,6924454294925277,231,49,15121191803999824,44752000655663379,114,174,15121191803999824,17956361451715125,0
3747373448634264,2204337328226555,2498248965756176,4576186840903553,231,49,4996497931512352,14787410964706735,114,174,4996497931512352,5933323433491073,0
2664845295601848,1567556060156611,1776563530401232,3254266418765017,231,49,3553127060802464,10515675305302943,114,174,3553127060802464,4219325655716689,0
1323342855203862,778436975602763,882228570135908,1616070056501657,231,49,3528914280543632,10444016202979343,114,174,3528914280543632,4190573022555481,0
376992448464711,221760264373990,125664149488237,230219643807171,231,49,2010626391811792,5950559362683825,114,174,2010626391811792,2387611421286423,0
10038773835424776,5905161095255053,6692515890283184,12262274841868695,231,49,13385031780566368,39613736250417249,114,174,13385031780566368,15894674607587631,0
46603799465773992,27413999758328947,31069199643849328,56926841502410281,231,49,62138399287698656,183902002790795891,114,174,62138399287698656,73789113488375965,0
23128327081992693,13604898319679654,7709442360664231,14125952743058455,231,49,11213734342784336,33187662021126473,114,174,123351077770627696,146478935277448757,0
19624289326248156,11543699634508175,13082859550832104,23972206586268717,231,49,1189350868257464,3519949123590615,114,174,13082859550832104,15535845659579991,0
9746225677721640,5733073943436067,6497483785147760,11905772601050937,231,49,12994967570295520,38459319048182691,114,174,12994967570295520,15431474101148781,0
19201561900225080,11295036442396499,12801041266816720,23457056698730889,231,49,25602082533633440,75770766266692527,114,174,25602082533633440,30402373977160257,0
29765983456514160,17509402080845347,19843988971009440,36363993315874457,231,49,39687977942018880,117458744555322481,114,174,39687977942018880,47129319243351311,0
34503929074502640,20296428922711343,23002619383001760,42152831002827133,231,49,46005238766003520,136155023378424389,114,174,46005238766003520,54631041290940859,0
56122323328907652,33013131460257295,37414882219271768,68564648121888909,231,49,4676860277408971,13841424039024195,114,174,9353720554817942,11107506503618613,0
3998733373953833,2352196108768560,3998733373953833,7327924549990474,231,49,63979733983261328,189351525150175765,114,174,63979733983261328,75975683068803347,0
18568212390490956,10922477906751071,12378808260327304,22685205001165533,231,49,12378808260327304,36635760570670119,114,174,12378808260327304,14699786117637885,0
33897132846837504,19939489964772185,22598088564558336,41413329389311963,231,49,45196177129116672,133760559523813175,114,174,45196177129116672,53670282185173993,0
86462679178891008,50860399657515449,57641786119260672,105636642363613435,231,49,115283572238521344,341188038887972567,114,174,115283572238521344,136898785762406473,0
15296716683345258,8998068662465495,10197811122230172,18690198599784301,231,49,40791244488920688,120723917324961325,114,174,40791244488920688,48439439158554347,0
11585452586872824,6814972129268395,7723635057915216,14156564556420113,231,49,1404297283257312,4156094477158805,114,174,15447270115830432,18343570455163913,0
8614203553533864,5067178575346951,5742802369022576,10526151257810469,231,49,1044145885276832,3090206733306813,114,174,11485604738045152,13639108724558961,0
9807824895892452,5769308778766847,6538549930594968,11984816108199901,231,49,148603407513522,439799893601807,114,174,817318741324371,970562661487135,0
1084202827058439,637766370684031,722801884705626,1324875039670049,231,49,525674097967728,1555761172458887,114,174,30274424490288,35950754905669,0
1073256017560245,631327070969977,715504011706830,1311532644576407,231,49,5724032093654640,16940585146367959,114,174,29968754417040,35587772321599,0
22365092196734040,13155936624321689,14910061464489360,27330976317223099,231,49,29820122928978720,88254279581701697,114,174,29820122928978720,35411272567654447,0
8353224813240840,4913661669071749,5568816542160560,10208059006360959,231,49,11137633084321120,32962432232825577,114,174,11137633084321120,13225893101666727,0
946216850480060,556598148959639,1892433700960120,3469053531503567,231,49,1892433700960120,5600760659477783,114,174,1892433700960120,2247257137340293,0
23372471074266060,13748512436845103,15581647382844040,28563893862835533,231,49,15581647382844040,46114734088912047,114,174,15581647382844040,18503140973189877,0
23210113230697668,13653007822841213,15473408820465112,28365993971078199,231,49,1406673529133192,4163126903016987,114,174,15473408820465112,18374607907865955,0
18481222611629019,10871307450592585,12320815074419346,22586910599203343,231,49,8960592781395888,26519362149854675,114,174,98566520595354768,117047327756194967,0
30436252591610124,17903678048059721,20290835061073416,37198985684182459,231,49,10145417530536708,30025915229909957,114,174,10145417530536708,12047640298868029,0
30105405049963572,17709061846801991,20070270033309048,36795698191109365,231,49,10035135016654524,29699527887000707,114,174,10035135016654524,11916680048366683,0
7976473513642287,4692043257328598,2658824504547429,4874622830735771,231,49,42541192072758864,125902971120639881,114,174,42541192072758864,50517483629643007,0
7892498080111635,4642645943413166,2630832693370545,4823440903618103,231,49,42093323093928720,124577477530420997,114,174,42093323093928720,49985640176731747,0
17580303960316965,10341355301972539,11720202640211310,21488725940399549,231,49,93761621121690480,277492611678512863,114,174,93761621121690480,111341519884283513,0
4359319922849661,2564305844738080,1453106640949887,2664297293303566,231,49,2113609659563472,6255342578733305,114,174,23249706255198192,27608925291274853,0
4332932752615830,2548783979871079,2888621835077220,5296427977073069,231,49,1050407940028080,3108739332325669,114,174,11554487340308880,13720903426300369,0
3462703899252210,2036884652810987,2308469266168140,4232702315111497,231,49,9233877064672560,27328160521099777,114,174,9233877064672560,10965188803191287,0
17296490027534805,10174405929494857,11530993351689870,21142752174524807,231,49,92247946813518960,273012806939744119,114,174,92247946813518960,109544034927761249,0
17185156048380195,10108915353421927,11456770698920130,21007032649833257,231,49,91654165591361040,271255477830262609,114,174,91654165591361040,108838921020443159,0
17027837410437090,10016374978019689,11351891606958060,20815253402393699,231,49,45407566427832240,134386156503336269,114,174,45407566427832240,53921285742874219,0
14831856359416104,8724621414696647,9887904239610736,18131058401784165,231,49,19775808479221472,58527577957226751,114,174,19775808479221472,23483685533821329,0
9855398754579816,5797293402887443,6570265836386544,12047745966630665,231,49,13140531672773088,38890116210680419,114,174,13140531672773088,15604323433339181,0
4188100146436863,2463588329047078,1396033382145621,2559934649229427,231,49,22336534114329936,66106183780227961,114,174,22336534114329936,26524535374951055,0
4161582213285796,2447989544816389,8323164426571592,15262624350123373,231,49,8323164426571592,24632856273986203,114,174,8323164426571592,9883720792136681,0
1038774479199808,611043813189889,2077548958399616,3809727361432825,231,49,4155097916799232,12297237495088061,114,174,4155097916799232,4934160308390179,0
4130528836027840,2429722852283359,8261057672055680,15149053010200807,231,49,16522115344111360,48898095648529571,114,174,16522115344111360,19619938318455421,0
28760237326292520,16917786715311937,19173491550861680,35160699535386867,231,49,38346983101723360,113489973932992101,114,174,38346983101723360,45536871034150251,0
893990440933962,525876731606369,595993627289308,1092960357933483,231,49,2383974509157232,7055501681864169,114,174,2383974509157232,2830959045598767,0
8129585674556712,4782109235328827,5419723783037808,9939088329772801,231,49,10839447566075616,32079932026806731,114,174,10839447566075616,12871795275333445,0
8085359228098644,4756093678547963,5390239485399096,9885170279574481,231,49,673779935674887,1994088196137809,114,174,1347559871349774,1600221275124629,0
8035567115695164,4726804200617393,5357044743796776,9824466146761651,231,49,669630592974597,1981807982082074,114,174,1339261185949194,1590366604950689,0
2664884517641388,1567579132983131,1776589678427592,3258195359187217,231,49,1776589678427592,5257913285672989,114,174,1776589678427592,2109692192545127,0
757211489797644,445418524823275,504807659865096,925811849664833,231,49,504807659865096,1494005578263785,114,174,504807659865096,599456802252859,0
3522519183501045,2072070114524908,1174173061167015,2153440228181104,231,49,18786768978672240,55600458971696011,114,174,18786768978672240,22309202660651981,0
2623763753926380,1543390448406497,1749175835950920,3208061926198147,231,49,874587917975460,2588390235556289,114,174,874587917975460,1038569158468369,0
651526458665580,383250859264523,434350972443720,796633345096993,231,49,434350972443720,1285485182993677,114,174,434350972443720,515789789452727,0
7756887417934230,4562874966379553,5171258278622820,9484704334268923,231,49,20685033114491280,61218473299012963,114,174,20685033114491280,24563381663399813,0
30808602683227503,18122707519128680,10269534227742501,18835935471549638,231,49,164312547643880016,486291861239426945,114,174,164312547643880016,195120391741934599,0
189859182710864,111681872543095,379718365421728,696466373729279,231,49,759436730843456,2247594028151215,114,174,759436730843456,901827608838929,0
957210747304176,563065147292977,638140498202784,1170469365502499,231,49,1276280996405568,3777222538303651,114,174,1276280996405568,1515577773911453,0
7634577071525756,4490927703670259,15269154143051512,28006738609568843,231,49,1388104922095592,4108171475671663,114,174,15269154143051512,18132049740168151,0
690959394901996,406446704202169,1381918789803992,2534753529143713,231,49,62814490445636,185902875826579,114,174,690959394901996,820511070223333,0
3767025967109548,2215897634932237,7534051934219096,13819520691746389,231,49,171228453050434,506759847777221,114,174,941756491777387,1118331437909986,0
41209476678680544,24240868713727235,27472984452453696,50393813757084793,231,49,54945968904907392,162615559600193525,114,174,54945968904907392,65248080882084523,0
508227022388896,298957072970849,1016454044777792,1864491763508953,231,49,2032908089555584,6016501172024021,114,174,2032908089555584,2414068835681227,0
3725269342956225,2191334914801912,1241756447652075,2277796975518826,231,49,19868103162433200,58800723025584079,114,174,19868103162433200,23593279243715369,0
14826354717404475,8721385156535227,9884236478269650,18131266783408517,231,49,79073891826157200,234023447257448809,114,174,79073891826157200,93899874434222399,0
10173039972,6582555277,3472397643776,6999592651605,1253,612,81384319776,271081589687,625,945,162768639552,232782992887,0
29376967584950688,19008626090200987,10027338268996501504,20223865885270688279,1253,612,235015740679605504,782809754996584529,625,945,470031481359211008,672213568769988625,0
105995792360561952,68585512726028023,36179897125738479616,72974474699957235491,1253,612,847966338884495616,2824476006480291941,625,945,1695932677768991232,2425430956598508325,0
96450728621367477,62409295011391423,4115231087845012352,8300822840429610577,1253,612,771605828970939816,2570128136603929841,625,945,1543211657941879632,2207017541455906225,0
95597769853688277,61857380514564223,4078838180424033152,8227458163266632077,1253,612,764782158829506216,2547399294602526641,625,945,1529564317659012432,2187499847084583025,0
94713711495659877,61285342753389823,4041118357148154752,8151418461213631327,1253,612,757709691965279016,2523841740005200241,625,945,1515419383930558032,2167270521264216625,0
88391931325770477,57194779113349423,1885694534949770176,3803833287805911851,1253,612,707135450606163816,2355384895352407841,625,945,1414270901212327632,2022613384985824225,0
82387394776612677,53309490757304623,3515195510468807552,7091181841043091577,1253,612,659099158212901416,2195381660157639041,625,945,1318198316425802832,1885215529912655425,0
71180216297116752,46057787033946073,24296180496082518016,49017460805032043741,1253,612,569441730376934016,1896743322442476491,625,945,1138883460753868032,1628769047299652875,0
2177431958576784,1408926562031041,57171546809810944,115355843893896569,1253,612,17419455668614272,58022154572668547,625,945,34838911337228544,49824707737166275,0
3742796717147397,2421809641546003,24568101527941888,49572070961137163,1253,612,29942373737179176,99734519236422701,625,945,59884747474358352,85643893413983725,0
14732940427550688,9533079104302237,5028843665937301504,10147028493648214529,1253,612,117863523420405504,392589510177608279,625,945,235727046840811008,337123937754292375,0
64950931315320288,42027073222537637,22169917888962658304,44734944414638396329,1253,612,519607450522562304,1730751197440500079,625,945,1039214901045124608,1486228316156627375,0
3546086723840320653,2294526704684644447,18912462527148376816,38162729457974140241,1253,612,28368693790722565224,94492776549440454449,625,945,56737387581445130448,81142707452893143025,0
421049409933087816,272443735963752509,143718198590493974528,290015350796671812553,1253,612,3368395279464702528,11219727787953606103,625,945,6736790558929405056,9634588954032817175,0
12330606865553688,7978627975600237,4208847143442325504,8493666501088459529,1253,612,98644854924429504,328574388143546279,625,945,197289709848859008,282152927787430375,0
46010972028632052,29771805444865873,1208082957879980032,2438116633947222557,1253,612,368087776229056416,1226057007327860291,625,945,736175552458112832,1052837869366156675,0
43518006538097052,28158710127055873,1142626633205420032,2306125103850297557,1253,612,348144052304776416,1159626811225250291,625,945,696288104609552832,995792992927546675,0
10832265979626288,7009113284469337,3697413454379106304,7462394510908596029,1253,612,86658127837010304,288648011569138379,625,945,173316255674020608,247867386062142475,0
10721948568330288,6937731430083337,3659758444656738304,7386463552850106029,1253,612,85775588546642304,285708377108572379,625,945,171551177093284608,245343065889576475,0
42111053620170852,27248328826990423,14373906302351650816,29011222447376773991,1253,612,336888428961366816,1122135655181496341,625,945,673776857922733632,963598622365952725,0
83313577827079629,53908785680542646,28437701231643180032,57397098143966123107,1253,612,333254311308318516,1110030837189390491,625,945,666508622616637032,953203984435766875,0
165700800404097933,107218165022655967,67979815550399152,137207425908663527,1253,612,1325606403232783464,4415438706667987889,625,945,2651212806465566928,3791618765125133425,0
164930622019257783,106719814302924817,1082621518895640832,2185124170274294057,1253,612,1319444976154062264,4394915718568152239,625,945,2638889952308124528,3773995284138657775,0
82243535244454329,53216405185724096,28072460030107077632,56660577701181209857,1253,612,164487070488908658,547887046901075233,625,945,328974140977817316,470480723595963425,0
81880967194874079,52981802330052596,27948703469183685632,56411017868820206107,1253,612,81880967194874079,272735851969363679,625,945,163761934389748158,234203311284507775,0
318501925672777791,206089481426110859,54357661981487409664,109717071361503669839,1253,612,2548015405382222328,8487139021726267453,625,945,5096030810764444656,7288062823741718525,0
1239130934016927189,801790604791609211,105739173036111120128,213432466226142578053,1253,612,9913047472135417512,33019192809680668837,625,945,19826094944270835024,28354189355052033125,0
1233987260238651039,798462345287129561,9572749655184686848,19322484362187213323,1253,612,9871898081909208312,32882129036264299687,625,945,19743796163818416624,28236490083595583975,0
1230377255166346089,796126459651484111,9544744767351048448,19266009762662875073,1253,612,9843018041330768712,32785933021785530737,625,945,19686036082661537424,28153884734770495025,0
297952185337335366,192792590617272059,101701012595143804928,205289107865019167053,1253,612,2383617482698682928,7939548899468302153,625,945,4767234965397365856,6817836761525993225,0
142023346725706158,91897459697242567,48477302349041035264,97858610392825479089,1253,612,1136186773805649264,3784504225643814989,625,945,2272373547611298528,3249823316185120525,0
139054153207201158,89976216831787567,47463817628057995264,95814721109662779089,1253,612,1112433225657609264,3705383953922709989,625,945,2224866451315218528,3181881235192015525,0
137828218813650858,89182965165149017,47045365355059492864,94970828037019320839,1253,612,1102625750509206864,3672716409111149939,625,945,2205251501018413728,3153828993686775475,0
267214885574430291,172903749588655859,45604673804702769664,92065367511904228589,1253,612,2137719084595442328,7120490291636752453,625,945,4275438169190884656,6114495566087723525,0
129503066626502733,83796101983682767,2762732088032058304,5577497570969049779,1253,612,1036024533012021864,3450875596584738689,625,945,2072049066024043728,2963330075011804225,0
63138621251744529,40854402010561046,21551316053928799232,43509663396627261607,1253,612,252554485006978116,841229218598200691,625,945,505108970013956232,722378922222817075,0
30602292130684677,19801483155266623,100438292121221504,202780093187688679,1253,612,244818337045477416,815461020780741041,625,945,489636674090954832,700251282049997425,0
30053087130018927,19446115213552123,394543092578710016,796578793052484091,1253,612,240424697040151416,800826323343166541,625,945,480849394080302832,687684189923622925,0
89584285744745781,57966302575930369,126355796973305344,255112897538624769,1253,612,716674285957966248,2387157560736093623,625,945,1433348571915932496,2049895785223062775,0
88209344316557706,57076634592714919,248832971295193088,502403175115783413,1253,612,705674754532461648,2350519416933822173,625,945,1411349509064923296,2018433916735911325,0
28946269401263202,18729939035903023,9880326622297839616,19949088079139321741,1253,612,231570155210105616,771332887282281941,625,945,463140310420211232,662357617519218325,0
86817143934532581,56175799051126669,14816792564826893824,29916174936453086799,1253,612,694537151476260648,2313421372810608923,625,945,1389074302952521296,1986577123527178075,0
84915877395088806,54945567760518769,2634965407653664768,5320314375697127793,1253,612,679327019160710448,2262758213339956523,625,945,1358654038321420896,1943071708824685675,0
13165155291267276,8518629899861999,408518758129020928,824915762044401653,1253,612,105321242330138208,350812640670622333,625,945,210642484660276416,301249188360350525,0
6196251812372688,4009339410679237,192271571389988864,388277839211688139,1253,612,49570014498981504,165111873534395279,625,945,99140028997963008,141784558258279375,0
48830851542946704,31596433372545221,1515236120605376512,3059958124890494987,1253,612,390646812343573632,1301198470284625807,625,945,781293624687147264,1117362694170138575,0
291585859659176649,188673203435934751,24881993357583074048,50248463396965481223,1253,612,2332686877273413192,7769904936829506017,625,945,4665373754546826384,6672158071802622625,0
145248692342903112,93984448049993663,49578220319710928896,100122219540212579571,1253,612,1161989538743224896,3870450140669475421,625,945,2323979077486449792,3323625613295613725,0
3009668949423744,1947432850944581,1027300334736637952,2074625672935593577,1253,612,24077351595389952,80198819130507727,625,945,48154703190779904,68868177714229775,0
48000291258309504,31059012011716271,16384099416169644032,33087697542054398107,1253,612,384002330066476032,1279066482404953357,625,945,768004660132952064,1098357538413426125,0
287559833575797249,186068127734044351,24538439131801365248,49555481298320600973,1253,612,2300478668606377992,7662623187239283617,625,945,4600957337212755984,6580033208480560225,0
287006034238805499,185709786986457601,12245590794189034624,24730078933527849549,1253,612,2296048273910443992,7647866064320644367,625,945,4592096547820887984,6567360988528720975,0
286453283917626249,185352125013808351,24444013560970773248,49365014784234797223,1253,612,2291626271341009992,7633136894588067617,625,945,4583252542682019984,6554712772526944225,0
284352899412795099,183993052686691201,12132390374945924224,24501741269687285049,1253,612,2274823195302360792,7577167827380125967,625,945,4549646390604721584,6506651078331242575,0
282267849500116449,182643902742731551,24086856490676603648,48644586641651462973,1253,612,2258142796000931592,7521607381951306817,625,945,4516285592001863184,6458940275685383425,0
280508009881571799,181505182989165901,2992085438736765856,6042708574537555731,1253,612,2244064079052574392,7474712834010301667,625,945,4488128158105148784,6418671042696938275,0
46100855374900854,29829965263207871,1430523512239347712,2889082922275115987,1253,612,368806842999206832,1228452104732047957,625,945,737613685998413664,1054894017443880725,0
45678038199351954,29556377678934221,1417403367155648512,2862617468871903737,1253,612,365424305594815632,1217185271045149807,625,945,730848611189631264,1045218974930982575,0
91222008065536233,59026005259906267,3892139010796212608,7860659352740938933,1253,612,729776064524289864,2430798015476567189,625,945,1459552129048579728,2087370153906032725,0
90877847741880933,58803313285698967,1938727418493459904,3915519473793410279,1253,612,727022781935047464,2421627155463640889,625,945,1454045563870094928,2079494963515346425,0
711252436844949189,460222165341379961,121387082554871328256,245164077291502367981,1253,612,5690019494759593512,18952783947730837087,625,945,11380038989519187024,16275097455485801375,0
349088073110950782,225880518055848043,119155395621871200256,240662274262706852981,1253,612,2792704584887606256,9302169638458543481,625,945,5585409169775212512,7987940726794125625,0
348358178960048082,225408233605096093,118906258418363078656,240159709540796073731,1253,612,2786865431680384656,9282720106900408031,625,945,5573730863360769312,7971239047712550175,0
680271034588599489,440175375638964761,116099589903120979456,234498027506581482731,1253,612,5442168276708795912,18127220734029875887,625,945,10884336553417591824,15566170774883080175,0
249503353830403449,161443346713673551,21290952860194427648,43004683948425014223,1253,612,1996026830643227592,6648529974872608817,625,945,3992053661286455184,5709212256545885425,0
247359697800271899,160056275164260001,10554013772811601024,21317836040987886549,1253,612,1978877582402175192,6591407848994598767,625,945,3957755164804350384,5660160412279795375,0
245234387071812849,158681074104163951,20926667696794696448,42269814168567011973,1253,612,1961875096574502792,6534774571449391217,625,945,3923750193149005584,5611528351681387825,0
121362318292683612,78528558953227913,41425004643902672896,83675555047100283321,1253,612,970898546341468896,3233948552751532171,625,945,1941797092682937792,2777049706915030475,0
9988806880163076,6463345633141049,3409512748428996608,6887083193379996433,1253,612,79910455041304608,266172301178637883,625,945,159820910082609216,228566932932446075,0
19916812997416902,12887349596149723,6798272169784969216,13732299945995069741,1253,612,159334503979335216,530724440922609641,625,945,318669007958670432,455742602785626025,0
19884103313178027,12866184506340223,308504875646883328,623171661370203653,1253,612,159072826505424216,529852824080877641,625,945,318145653010848432,454994129019894025,0
164038153950237,106142334988063,3499480617605056,7068874446942881,1253,612,1312305231601896,4371133953177521,625,945,2624610463203792,3753571165325425,0
1795090748296857,1161529308589193,27851104943272448,56259005298356173,1253,612,14360725986374856,47833884545563231,625,945,28721451972749712,41075814823990175,0
309567457130655207,200308354765125718,9605972003084573696,19404506476783767271,1253,612,1238269828522620828,4124530752581100703,625,945,2476539657045241656,3541808481224071775,0
4864668568908959937,3147726723455734363,189378825067015472,382563076308423247,1253,612,38917348551271679496,129629097860896181621,625,945,77834697102543358992,111314827661967855925,0
1198921853640915453,775772964715588747,746773709323781888,1508582192939902363,1253,612,9591374829127323624,31947738266506917749,625,945,19182749658254647248,27434094553240086325,0
294057864091508457,190272735735955843,6273234433952180416,12673094052980911991,1253,612,2352462912732067656,7835776485783472781,625,945,4704925825464135312,6728721357745614925,0
145132939911997941,93909549428012009,24769355078314315264,50039562921060346589,1253,612,1161063519295983528,3867365631291093103,625,945,2322127038591967056,3320975964509344175,0
71768581820766633,46438494155712667,278375105244185728,562387646035661903,1253,612,574148654566133064,1912421444552485589,625,945,1148297309132266128,1642230444163391125,0
35646135077418954,23065146244701221,1106110373311424512,2234641273346553737,1253,612,285169080619351632,949864570080286807,625,945,570338161238703264,815665662202599575,0
566157830998799814,366337420347158711,193248539647590336512,390418135021902945337,1253,612,4529262647990398512,15086439620654515837,625,945,9058525295980797024,12954994907852280125,0
18006554724029786073,11651300124771973027,48017479264079429528,97010064340105212553,1253,612,144052437792238288584,479821678105920539309,625,945,288104875584476577168,412031434381722556525,0
35967891922343018421,23273341850539297079,383657513838325529824,775107429898892925299,1253,612,287743135378744147368,958438442200531330393,625,945,575486270757488294736,823028186518928204825,0
10261493491061753031,6639789911244417469,526230435439064258,1063151209288124833,1253,612,82091947928494024248,273438595088767297523,625,945,164183895856988048496,234806598716912833075,0
1101556234490817378,712771681711453297,28922912413297358848,58434922522121029523,1253,612,8812449875926539024,29353231005498246299,625,945,17624899751853078048,25206142514057894875,0
8420723010102876,5448703128591599,261297586737737728,527933368207695653,1253,612,67365784080823008,224387479962559933,625,945,134731568161646016,192685522968768125,0
6080089165455228,3934175345547197,188667009255337984,381192308557040759,1253,612,48640713323641824,162016478119058599,625,945,97281426647283648,139126432447046375,0
66593605830251808,43089980278160467,2066419768793268224,4175123937066570349,1253,612,532748846642014464,1774523561420704889,625,945,1065497693284028928,1523814948402170425,0
33260492107199904,21521494910412671,11352914639257567232,22938175515763964107,1253,612,266083936857599232,886294204522101757,625,945,532167873715198464,761076598417934525,0
528126798190306839,341729104990608611,90133640224479033856,182113921780581602231,1253,612,4225014385522454712,14073024500304835237,625,945,8450028771044909424,12084756362813159525,0
4188480751826970987,2710193429876919913,44677128019487690528,90270715072768486303,1253,612,33507846014615767896,111610682163444273671,625,945,67015692029231535792,95842076354449627975,0
8326184410608642699,5387531093652215801,16147751584210700992,32627026725400128167,1253,612,66609475284869141592,221868304207193632567,625,945,133218950569738283184,190522254669648301175,0
16554071077171164273,10711457764660109227,4013108139920282248,8108677157070067823,1253,612,132432568617369314184,441117262774142121509,625,945,264865137234738628368,378795228244843658725,0
8267538197128122699,5349583543737395801,176374148205399950912,356373003352395016087,1253,612,66140305577024981592,220305555182924212567,625,945,132280611154049963184,189180292852514881175,0
4129465930827127887,2672007369214237813,44047636595489364128,89000640752696089303,1253,612,33035727446617023096,110038110833239648571,625,945,66071454893234046192,94491679936328042875,0
4123033301815949037,2667845079852342463,999523224682654312,2019595490190672737,1253,612,32984266414527592296,109866700197953632721,625,945,65968532829055184592,94344486418000827025,0
4115798566557953187,2663163780565820113,3991077397874378848,8064227251626067073,1253,612,32926388532463625496,109673915791375939871,625,945,65852777064927250992,94178938842656814175,0
4341242754523923,2809039431728402,1481810860210832384,2994112356532942309,1253,612,17364971018095692,57840669859060817,625,945,34729942036191384,49668809982094225,0
26868863372593281,17385735137891894,705479899834244096,1425483301060517971,1253,612,107475453490373124,357988056286695299,625,945,214950906980746248,307410697687780675,0
888705765,543097973,75836225280,146678342989,593,528,2369882040,7949348849,295,450,7109646120,9085528327,0
58222296824259210,35580293226103967,77629729099012280,151510723776487529,593,528,155259458198024560,520814631700269021,295,450,58222296824259210,74411254972696451,0
56530674785220792,34546524191727515,2411975457502753792,4708738378446087217,593,528,150748466093922112,505683305610050757,295,450,226122699140883168,288998014002016295,0
13721441516613168,8385325546610045,585448171375495168,1143239482714997683,593,528,36590510710968448,122742451643075283,295,450,54885766066452672,70147442051853125,0
52499225036756976,32082860430784691,2239966934901630976,4375949850078622285,593,528,139997933431351936,469622495965382589,295,450,209996900147027904,268390529294411387,0
50094882611886642,30613540044008735,534345414526790848,1044349330411406143,593,528,5808102331812944,19483300535821179,295,450,25047441305943321,32012529983867320,0
45876283427711634,28035507180917951,489347023228924096,957249308956853467,593,528,5318989382923088,17842651471972059,295,450,22938141713855817,29316998324996674,0
49752530572888434,30404324964943249,1061387318888286592,2078067105384860605,593,528,1044672557960912,3504389902150533,295,450,99505061145776868,127177710672803609,0
49452434908366206,30220933167762289,527492639022572864,1032832130651963183,593,528,1038371336658608,3483253394462589,295,450,24726217454183103,31602675423853661,0
49214666503174674,30075630251737957,1049912885401059712,2055837297007344091,593,528,131239110675132464,440246357865929895,295,450,98429333006349348,125802993749858507,0
56517456513510672,34538446488348401,2411411477909788672,4723242914538230191,593,528,150713217369361792,505573764466900575,295,450,226069826054042688,288941982268892777,0
13718185621988208,8383335865084709,585309253204830208,1146812166772647979,593,528,36581828325301888,122715469695368235,295,450,54872742487952832,70133640412986893,0
5676350374676580,3468880871222177,242190949319534080,474646994101586413,593,528,15136934332470880,50777625178379271,295,450,22705401498706320,29020185434570099,0
18762781903318920,11466144786448363,800545361208273920,1569322732325265497,593,528,50034085075517120,167842141794222549,295,450,75051127613275680,95924510624457631,0
18637701389147136,11389706693484889,795208592603611136,1558977081446154287,593,528,49700537037725696,166723300943090583,295,450,74550805556588544,95285123790920713,0
74164402153878528,45322691358175891,3164347825232150528,6203948022796971077,593,528,197771739077009408,663436838694320061,295,450,296657608615514112,379165277345672227,0
73651681477923636,45009362052208213,3142471743058075136,6161537410112327633,593,528,196404483941129696,658850568680245875,295,450,294606725911694544,376544348877838351,0
73198383932524332,44732346882035659,3123131047787704832,6124041191777297183,593,528,8486769151597024,28469384181068763,295,450,292793535730097328,374227179243483073,0
42882245855372721,26205817585587370,522754997094067456,1025152289549977681,593,528,1242963647981818,4169599403047923,295,450,343057966842981768,438471997975437245,0
50082440401413042,30605936592675551,76316099659296064,149680344143055337,593,528,133553174403768112,448012802119936845,295,450,25041220200706521,32005937169465544,0
41414964106364796,25309145394025909,1767038468538231296,3466642623507836477,593,528,110439904283639456,370478344851408003,295,450,165659856425459184,211735523862924403,0
4280365242470739,2615778828538381,365257834024169728,716767916091670711,593,528,11414307313255304,38290141583470077,295,450,34242921939765912,43767190301381429,0
37921798911408852,23174433302136235,147090613959404032,288869847728738737,593,528,101124797097090272,339232021182391677,295,450,151687195645635408,193879045355932885,0
74719832774539161,45662121315317030,579644763341879552,1139172007515381957,593,528,24906610924846387,83551727438779817,295,450,597758662196313288,764032072404702685,0
74269079258305575,45386660829290549,905375442386963200,1779461829431870181,593,528,8610907740093400,28886166035010779,295,450,594152634066444600,759423677425519801,0
10558925019144075,6452676583368419,128718324042899200,253003357901893461,593,528,1224223190625400,4106782520026049,295,450,84471400153152600,107968262961718681,0
249705470114493414,152597791618698205,380503573507799488,747919045014280413,593,528,665881253638649104,2233767372685510919,295,450,124852735057246707,159582256841484005,0
29677307510281443,18136132883144243,2532463574210683136,4978191575933870075,593,528,79139486694083848,265481677920526167,295,450,237418460082251544,303459977147783377,0
29527758685582557,18044741933414603,2519702074503044864,4953418103523159593,593,528,78740689828220152,264143959257528651,295,450,236222069484660456,301931023619088427,0
29411108779896051,17973455878923182,2509747949217796352,4934094412509843173,593,528,19607405853264034,65775130594074723,295,450,235288870239168408,300738421175032183,0
60380845237281894,36899406486570319,1288124698395347072,2533002600293120325,593,528,161015587299418384,540144584131411061,295,450,120761690474563788,154354015883481629,0
41269798255837622,25220433001662069,1320633544186803904,2597572035260722841,593,528,330158386046700976,1107554231631896557,295,450,20634899127918811,26374996164521021,0
68201982416469936,41678990483619677,2909951249769383936,5725523050665432339,593,528,181871953110586496,610111418040473587,295,450,272807929665879744,348697469330909669,0
5795636910121488,3541778217391183,247280508165183488,486685913191722305,593,528,15455031760323968,51845850265089057,295,450,23182547640485952,29631561555731431,0
5759090284247220,3519444167912329,245721185461214720,483657026087828861,593,528,15357574091325920,51518938596944127,295,450,23036361136988880,29444737965814723,0
12613042446492900,7707970615142989,538156477717030400,1059324819012381281,593,528,33634779857314400,112832188475199387,295,450,50452169785971600,64487267648579743,0
63042270504851400,38525833130852219,384257648791475200,756388947401825743,593,528,168112721346270400,563955727240929477,295,450,252169082019405600,322319061780615503,0
5703307123076472,3485354457796765,34763014845418496,68433371105993321,593,528,15208818994870592,51019954865757987,295,450,22813228492305888,29159578462503145,0
5663872777964700,3461255690976367,241658571859827200,475764975977469443,593,528,15103660741239200,50667212155568361,295,450,22655491111858800,28957992768128029,0
31002904064250300,18946219723438633,188970081915430400,372058114490431151,593,528,82674410838000800,277342253140866639,295,450,124011616257001200,158510368596214471,0
30876988239751017,18869271162857125,376405189970298112,741134074482756127,593,528,82338635306002712,276215927756983737,295,450,247015905918008136,315733389914065355,0
257631397348254978,157441414268072279,2748068238381386432,5411060589603921951,593,528,687017059595346608,2304690685628419765,295,450,128815698674127489,164651068385089876,0
54298791694133889,33182595932955262,661928127318965504,1303427863582336137,593,528,18099597231377963,60717537173530900,295,450,434390333553071112,555234151191179573,0
53905061039170551,32941982751259804,657128363144174336,1294102220175232707,593,528,71873414718894068,241109174687040859,295,450,431240488313364408,551208696046325111,0
162235069698127978,99143656739763495,2595761115170047648,5112376828168269263,593,528,1297880557585023824,4353919475717186879,295,450,162235069698127978,207368007378253025,0
175098296478118118,107004517802048961,400224677664269984,788321458228847761,593,528,1400786371824944944,4699133576744753833,295,450,175098296478118118,223809974834911123,0
114250622101047348,69819826774783489,696384744234955264,1371879029925511827,593,528,304668325602792928,1022053287888299015,295,450,457002488404189392,584139935079431803,0
282163592646393,172433311978127,24077959905825536,47441472779101397,593,528,752436247057048,2524156739130639,295,450,2257308741171144,2885294653791343,0
280045407984225,171138865775513,23897208147987200,47090168726231129,593,528,746787754624600,2505209398478229,295,450,2240363263873800,2863638502254187,0
3932252717792100,2403043402633841,167776115959129600,330620274545845789,593,528,10486007247445600,35176861031080503,295,450,15729010871168400,20104874231478467,0
391662325439632050,239349206374267979,1044432867839018800,2058275878383960751,593,528,1044432867839018800,3503705413388999457,295,450,391662325439632050,500624424991540187,0
115177632450751380,70386333151225573,4914245651232058880,9685182987169932497,593,528,307140353202003680,1030348348645525539,295,450,460710529803005520,588882589493110351,0
7186329268697190,4391645802154789,76654178866103360,151076526020893049,593,528,19163544716525840,64286990862065727,295,450,3593164634348595,4592802988403846,0
55003016814608676,33612955778546189,213345034917270016,420507467233113507,593,528,146674711505623136,492042541888088923,295,450,220012067258434704,281220882573588863,0
41269042091228534,25219970964904293,120055395174483008,236663203167229207,593,528,330152336729828272,1107546807431216029,295,450,20634521045614267,26375224335473687,0
44217320648158683,27021696810114592,3773211361976207616,7438889955197126297,593,528,58956427530878244,197778521038226837,295,450,353738565185269464,452152319202641603,0
21060970032744054,12870593208261737,16046453358281184,31639005610670197,593,528,56162586753984144,188406253258844315,295,450,21060970032744054,26920386584922431,0
38410242180467220,23472926527518823,234119571385704960,461650405994652841,593,528,102427312481245920,343608702598950529,295,450,153640968721868880,196385918847020401,0
4666036728958860,2851466981376211,199084233768911360,392599319521029479,593,528,12442764610556960,41741250647337573,295,450,18664146915835440,23856784364612857,0
23022893705892090,14069546607865463,61394383215712240,121093950147038287,593,528,61394383215712240,205957512570818469,295,450,23022893705892090,29428264906590839,0
18508949344760130,11311024967998697,394857586021549440,779009166726897709,593,528,49357198252693680,165577020905817731,295,450,37017898689520260,47317068388736857,0
4975424359607430,3040537208403197,53071193169145920,104725059084046367,593,528,13267798292286480,44509108559269031,295,450,2487712179803715,3179854814759683,0
41125278888585909,25132115704261069,3509357131825997568,6925804183704193805,593,528,109667410369562424,367898393289396601,295,450,329002231108687272,420539333331817991,0
139021656043874482,84957681503300235,1112173248350995856,2195153524098622321,593,528,1112173248350995856,3730980753867601571,295,450,139021656043874482,177701397484924715,0
138013574483692126,84341631650756505,4416434383478148032,8717862304933334587,593,528,1104108595869537008,3703928507507046353,295,450,69006787241846063,88206532872714160,0
137182320782949898,83833643269637799,2194917132527198368,4333057836354088889,593,528,1097458566263599184,3681621498212411135,295,450,137182320782949898,175350720095230037,0
212130036120621666,129635026408836767,2262720385286631104,4467484006791737601,593,528,565680096321657776,1897676569682785837,295,450,106065018060310833,135575825565288403,0
29667731086245399,18130280717685488,361663769432324864,714171735875047691,593,528,39556974781660532,132701157726916209,295,450,237341848689963192,303378784520147647,0
1017869187898605,622031191344034,12408310100097280,24504313085210701,593,528,678579458599070,2276420665724313,295,450,8142953503188840,10408621931781641,0
1013847428142795,619573449229621,86514980534851840,170862428120906383,593,528,2703593141714120,9069707473607013,295,450,8110779425142360,10367503226080829,0
98711736103866099,60323840775250066,8423401480863240448,16637753223976116061,593,528,32903912034622033,110382379524849549,295,450,789693888830928792,1009417892276771519,0
1328205149802038562,811680952481530307,1770940199736051416,3498248845133970065,593,528,3541880399472102832,11881911592439747913,295,450,1328205149802038562,1697766125907899831,0
872262164410476162,533049118632914797,18608259507423491456,36760025722724553195,593,528,2326032438427936432,7803120503496293183,295,450,1744524328820952324,2229923777257953227,0
177789392543236518,108649076928838637,172401835193441472,340592233964495629,593,528,474105046781964048,1590476457089049719,295,450,88894696271618259,113628982144317763,0
48957388886110914,29918405341260797,94947663294275712,187580962914403481,593,528,130553037029629104,437965304100734255,295,450,97914777772221828,125158874858726947,0
43414234895687082,26530922232480815,4134689037684484,8168884801823959,593,528,115771293055165552,388377169859043597,295,450,43414234895687082,55493963951566955,0
156933309277156650,95903692287172237,478272942558953600,944961330204770607,593,528,418488824739084400,1403901926551000271,295,450,313866618554313300,401198174070927797,0
35148161681112150,21479432875768117,34083065872593600,67345220751449597,593,528,4075149180418800,13670883227186057,295,450,17574080840556075,22463985170826863,0
33093427513570380,20223761954979073,128362385507182080,253660233049263227,593,528,3836919132008160,12871701275267393,295,450,132373710054281520,169206285574957351,0
52280886919847892,31949432006975941,2230651175246843392,4409359978469552721,593,528,139415698452927712,467698163361605315,295,450,209123547679391568,267312498999395407,0
35832060403322762,21897371014669711,286656483226582096,566782344590863193,593,528,286656483226582096,961648449694024135,295,450,35832060403322762,45802529157872543,0
40677428242841172,24858429243737965,1735570271694556672,3431725961102275497,593,528,108473141980909792,363895655398501787,295,450,162709712971364688,207984682119450295,0
19413263350780260,11863661353721441,828299236299957760,1637841076401829549,593,528,51768702268747360,173668879806645063,295,450,77653053403121040,99260528044274867,0
10212864329971290,6241195088009441,217874439039387520,430829995004343027,593,528,27234304879923440,91363157296743643,295,450,20425728659942580,26109333593152171,0
60115949607357615,36737526055734962,5129894366494516480,10144575503828457201,593,528,20038649869119205,67223852420601242,295,450,480927596858860920,614749582592825563,0
95170165302125508,58159547515623601,580084817079622144,1147175914119230571,593,528,253787107472334688,851382197360617271,295,450,380680661208502032,486608306619815347,0
28043484857121020,17137685795687097,512795151673070080,1014114719760707357,593,528,224347878856968160,752622159342068413,295,450,112173939428484080,143387314921608439,0
47353931054464845,28938514446285107,4040868783314333440,7991824027958404521,593,528,126277149478572920,423623408469029251,295,450,378831448435718760,484244978903275243,0
22550983326817041,13781156966246059,1924350577221720832,3806133494254372069,593,528,2614606762529512,8771254478592501,295,450,180407866614536328,230608293735560831,0
79714870762729053,48714644972424524,6802335638419545856,13454411272096748343,593,528,4621151928274148,15502638284125675,295,450,637718966101832424,815171276120203021,0
110823151852639964,67725261871780245,14185363437137915392,28058533869828341447,593,528,886585214821119712,2974239557646152617,295,450,443292607410559856,566643931208459395,0
19826764313257776,12116356400239919,120848849147475968,239047215822536871,593,528,52871371502020736,177368349588794113,295,450,79307057253031104,101375215817745623,0
6873421236041136,4200424238365819,41895138962536448,82875698943315251,593,528,18329123296109696,61488989938294773,295,450,27493684944164544,35144161143433123,0
57275104754397414,35001454154975849,19091701584799138,37768794382750605,593,528,152733612678393104,512377938407011771,295,450,57275104754397414,73212700485276317,0
157308435624420744,96132936315583351,6711826586641951744,13278154744307620653,593,528,419489161665121984,1407267269029851017,295,450,629233742497682976,804326989016284267,0
75148200024717480,45923901656507699,3206323201054612480,6343253431476316801,593,528,200395200065913280,672269174570101197,295,450,300592800098869920,384237109827423863,0
8863864617996075,5416806349237141,756383114068998400,1496441663651704303,593,528,23636972314656200,79295364374621253,295,450,70910916943968600,90642942499644509,0
400334744600850,244649019370183,4270237275742400,8449157821782233,593,528,1067559318935600,3581361801047589,295,450,200167372300425,255867256650587,0
3824858536587465,2337413634297787,326387928455463680,645860856107283501,593,528,10199622764233240,34216888877019011,295,450,30598868292699720,39113557648179863,0
83587588635974748,51081306011813725,3566403781801589248,7057989169767591333,593,528,222900236362599328,747768521280680603,295,450,334350354543898992,427389945085418635,0
638962705,383377619,40893613120,98271137619,1179,832,10223403280,55845673641,588,1005,10223403280,26453425291,0
16068464269053011,9641078358606837,257095428304848176,618632183505104661,1179,832,257095428304848176,1404400673652150659,588,1005,257095428304848176,665253146756937945,0
2966078933068014,1779647315821687,253105402288470528,609308608150155035,1179,832,11864315732272056,64809741451767943,588,1005,11864315732272056,30699932984604539,0
8030376779067,4818225929975,342629409240192,825208030841651,1179,832,128486028465072,701866382166407,588,1005,128486028465072,332470290265429,0
102401589718999,61440951789233,1638425435503984,3948362600426199,1179,832,1638425435503984,8950069066154631,588,1005,1638425435503984,4239614359421605,0
76600155220019,45960091381479,9804819868162432,23642259213498909,1179,832,1225602483520304,6694999396081775,588,1005,1225602483520304,3171408045763149,0
4641500307280666,2784900075347791,1188224078663850496,2865525203362148517,1179,832,2320750153640333,12677381528973445,588,1005,9283000614561332,24021022269766147,0
71563097983109951,42937857077780697,143126195966219902,345194439072789237,1179,832,1145009567729759216,6254757390699612239,588,1005,1145009567729759216,2962870326485722365,0
70781025391344941,42468613532095419,566248203130759528,1365724916931981057,1179,832,1132496406261519056,6186403465291565597,588,1005,1132496406261519056,2930491655747839623,0
70078588114381211,42047151174395805,280314352457524844,676102306563803037,1179,832,1121257409830099376,6125009740964684651,588,1005,1121257409830099376,2901409969684101777,0
1777166520717117,1066299868656371,18956442887649248,45726126083300195,1179,832,28434664331473872,155328000539122781,588,1005,28434664331473872,73578735426706183,0
2017448018580318,1210468760330761,172155564252187136,415315582116639161,1179,832,4034896037160636,22041148777590839,588,1005,2017448018580318,5220439983703055,0
1985010563677738,1191006287799987,508162704301500928,1225965225059276937,1179,832,3970021127355476,21686765305287797,588,1005,1985010563677738,5136505698822609,0
1940087656603798,1164052544127495,496662440090572288,1198292268513780969,1179,832,7760350626415192,42391953180917797,588,1005,596950048185784,1544696731339353,0
1881292568896078,1128775492264659,481610897637395968,1162072225233426525,1179,832,7525170275584312,41107264648959721,588,1005,578859251968024,1497885443557101,0
14800808907036959,8880484954914105,59203235628147836,142857051217407363,1179,832,236812942512591344,1293623130173142959,588,1005,236812942512591344,612789432008237853,0
3497291457241761,2098374779691437,149217768842315136,360117724730882621,1179,832,55956663315868176,305671158577364309,588,1005,55956663315868176,144796605319892095,0
15277631356011,9166578388084,1303691209046272,3146796967336073,1179,832,244442101696176,1335300429101077,588,1005,244442101696176,632533224938423,0
13064225062987989,7838534672035334,101346715640149248,244633812408319031,1179,832,209027601007807824,1141843740296063015,588,1005,209027601007807824,540892686530899309,0
75487432816382521,45292457569120239,6862493892398411,16565226072156759,1179,832,1207798925062120336,6597778295958578857,588,1005,1207798925062120336,3125375515202630763,0
2319597297416113,1391758312731245,26991677642660224,65157806099972637,1179,832,37113556758657808,202738278533098053,588,1005,2854888981435216,7387491971702347,0
392258343782162,235354995065605,9128921455293952,22038219456837201,1179,832,1569033375128648,8571078145335843,588,1005,120694875009896,312317881243607,0
781634867128354,468980897910809,200098525984858624,483065029572817743,1179,832,3126539468513416,17079187656489645,588,1005,3126539468513416,8090437120302241,0
762831006807654,457698581987749,65094912580919808,157159290958244501,1179,832,1525662013615308,8334158849328155,588,1005,762831006807654,1973952737187539,0
123126130154754,73875674468795,10506763106539008,25369004961660259,1179,832,61563065077377,336297677539102,588,1005,246252260309508,637219547891291,0
46785565591617651,28071337970652407,1996184131909019776,4820020144040454071,1179,832,748569049465882416,4089173754717985679,588,1005,748569049465882416,1937050224053589805,0
2987310649253660479,1792386301058902105,2987310649253660479,7213261982172429432,1179,832,47796970388058567664,261098322767135084879,588,1005,47796970388058567664,123682831110980228093,0
92755518800906257,55653308523993363,5936353203258000448,14334400253539601187,1179,832,1484088300814500112,8107061980386096169,588,1005,1484088300814500112,3840332979628936971,0
2878029441003231,1726817578766233,7674745176008616,18532464563971585,1179,832,46048471056051696,251546923772973103,588,1005,46048471056051696,119158343724888989,0
3814361210452383,2288616612167429,81373039156317504,196497818267895085,1179,832,61029779367238128,333384675341428919,588,1005,61029779367238128,157925088878706517,0
45455635079560371,27273379683233093,60607513439413828,146356800127186435,1179,832,727290161272965936,3972936177251290883,588,1005,727290161272965936,1881989271409742809,0
11282536701362929,6769521680915491,722082348887227456,1743744168466780719,1179,832,180520587221806864,986122023597324713,588,1005,180520587221806864,467128401253072907,0
11230222956108739,6738133434552409,65339479017359936,157789438008459567,1179,832,179683567297739824,981549736497686315,588,1005,3390255986749808,8772878100272653,0
44842160243864621,26905294791056763,32612480177356088,78756869308738125,1179,832,717474563901833936,3919317706770739613,588,1005,13537255922676112,35030010566345163,0
44708932320379391,26825358038979609,89417864640758782,215939906716579053,1179,832,715342917126070256,3907673418481179407,588,1005,715342917126070256,1851074738040918333,0
44557407209451921,26734442974718903,118819752558538456,286947090558957485,1179,832,712918515351230736,3894429932534203073,588,1005,712918515351230736,1844801386488706099,0
44392939329763011,26635762249400245,59190585773017348,142945604868956459,1179,832,710287029276208176,3880055232026913811,588,1005,54637463790477552,141384014303463149,0
88471139471487747,53082680990763845,471846077181267984,1139523566774509087,1179,832,1415538231543803952,7732601860290108467,588,1005,108887556272600304,281765671354113613,0
88250085482961537,52950048601013047,470667122575794864,1136685210108347483,1179,832,1412001367727384592,7713281461374225745,588,1005,1412001367727384592,3653801781808149347,0
44055320760311211,26433191112867725,58740427680414948,141861840791491369,1179,832,704885132164979376,3850546940983947131,588,1005,54221933243459952,140308792519001989,0
29303440701980679,17582063526660449,156285017077230288,377440863693064711,1179,832,468855051231690864,2561195236899213815,588,1005,36065773171668528,93326541019252873,0
87442768813814367,52465658611849001,466361433673676624,1126319085889643425,1179,832,1399084301021029872,7642720957806292751,588,1005,1399084301021029872,3620377733856197053,0
43474412169689691,26084645967379549,57965882892919588,139997081123445857,1179,832,695590594715035056,3799774790011809067,588,1005,695590594715035056,1799963866803158993,0
344253712798992963,206552217058344805,1836019801594629136,4434430924320522473,1179,832,5508059404783887408,30088659295904325043,588,1005,5508059404783887408,14253084309030423401,0
341483464002658153,204890067823442607,496703220367502768,1199688740203526337,1179,832,5463735424042530448,29846535977386560121,588,1005,81548289911082544,211020776838774537,0
340870887690591203,204522522045692197,495812200277223568,1197543473048041947,1179,832,5453934203049459248,29792996017157962131,588,1005,81402003030588944,210642246458608067,0
42005425294951021,25203253865249093,5376694437753730688,12987010823375579985,1179,832,672086804719216336,3671383445051631033,588,1005,672086804719216336,1739145713211990859,0
2565523803335651,1539314200958739,328387046826963328,793253487681628467,1179,832,41048380853370416,224233531750670087,588,1005,41048380853370416,106220167801947573,0
5067745650231027,3040647229058233,108111907204928576,261166178362103699,1179,832,3525388278421584,19258016904025853,588,1005,81083930403696432,209819541827023841,0
420689696586981,252413804554637,17949427054377856,43361014349794331,1179,832,292653701973552,1598669372962423,588,1005,6731035145391696,17417790381050035,0
1259273701313133,755564180639773,4884455568729728,11799623300314541,1179,832,20148379221010128,110063866072952905,588,1005,20148379221010128,52137637948472123,0
5021047101115067,3012628100332505,29213364951942208,70572920004313329,1179,832,80336753617841072,438852873632858227,588,1005,80336753617841072,207886153217112649,0
1231187861596618,738712677258711,315184092568734208,761462433955431933,1179,832,615593930798309,3362785196565041,588,1005,2462375723193236,6371855342995035,0
147882497991986,88729493930589,37857919485948416,91474214235950739,1179,832,591529991967944,3231333893770943,588,1005,591529991967944,1530696136541967,0
144084102727966,86450456835373,36885530298359296,89132488032122175,1179,832,144084102727966,787084410275153,588,1005,288168205455932,745690643450443,0
1144834255238578,686900514862689,293077569341075968,708227347809457095,1179,832,4579337020954312,25015425724917301,588,1005,4579337020954312,11849918112105993,0
1139391866549918,683635081740661,291684317836779008,704872014534913383,1179,832,569695933274959,3112063454169966,588,1005,2278783733099836,5896793642442085,0
567896226720614,340737716967897,13216494003679744,31938768330423945,1179,832,567896226720614,3102232400014757,588,1005,1135792453441228,2939082991577487,0
409904917279517,245942936554911,2384901336899008,5763464373855435,1179,832,6558478676472272,35826840459279941,588,1005,6558478676472272,16971338855870943,0
17935853146088273,10761511281578479,52177027334074976,126095864410762605,1179,832,286973650337412368,1567644054609145809,588,1005,286973650337412368,742600276680938147,0
2238640343159091,1343184130192606,191030642616242432,461664824401688759,1179,832,35818245490545456,195663472493610025,588,1005,35818245490545456,92686699547986211,0
8923499549902569,5354099427655658,761471961591685888,1840275683196551173,1179,832,142775992798441104,779939042889287051,588,1005,2130984967140912,5514340152424435,0
8898242302329109,5338945079539870,2277950029396251904,5505254832754205967,1179,832,142371876837265744,777731523772406519,588,1005,2124953385630832,5498732845086239,0
2222869910254361,1333721870716902,569054697025116416,1375271335824961611,1179,832,35565918564069776,194285114403871619,588,1005,35565918564069776,92033778962316705,0
142102167882773039,85261295904518841,2273634686124368624,5494861835288371641,1179,832,2273634686124368624,12420131436482267423,588,1005,2273634686124368624,5883475236682448877,0
141016978952433399,84610182564747569,752090554412978128,1817681629111167091,1179,832,2256271663238934384,12325284388431738215,588,1005,33675696466252752,87142488256213207,0
34935275530373331,20961164122000421,46580367373831108,112580807570476171,1179,832,558964408485973296,3053442733955984675,588,1005,8342752365462288,21588520141723603,0
2159634747537761,1295780774166972,552866495369666816,1336283064636418641,1179,832,34554155960604176,188758271209461599,588,1005,2658011996969552,6878134116230745,0
2137223909207881,1282334271556508,547129320757217536,1322464844493558585,1179,832,34195582547326096,186799531661354103,588,1005,2630429426717392,6806761463933953,0
68201628984600477,40920975027060059,363742021251202544,879208518139923709,1179,832,1091226063753607632,5961019283665208813,588,1005,1091226063753607632,2823765670949636215,0
68095502395226007,40857299075275313,363176012774538704,877845250096197001,1179,832,1089528038323616112,5951743666476171719,588,1005,83809849101816624,216874758482738617,0
5225730361665749,3135438035532739,83611685786651984,202102382936063853,1179,832,83611685786651984,456743950875363045,588,1005,6431668137434768,16643230082189723,0
8444418172568989,5066650609481609,1080885526088830592,2612719564221074499,1179,832,135110690761103824,738066645226928865,588,1005,10393130058546448,26894312439077743,0
66508430265332617,39905055824984421,8513079073962574976,20578989356930635815,1179,832,1064134884245321872,5813031259317289981,588,1005,1064134884245321872,2753664521732635383,0
65704600852423647,39422758191428095,2803396303036742272,6777051914592523021,1179,832,1051273613638778352,5742775386595546867,588,1005,1051273613638778352,2720384674019419769,0
65667462818909037,39400475371975117,2801811746940118912,6773235157465440919,1179,832,1050679405102544592,5739529467835294825,588,1005,1050679405102544592,2718847098885632027,0
262178065604033293,157306830093624579,762699827211733216,1843799911363431375,1179,832,4194849049664532688,22915135080061835629,588,1005,6088315021283792,15754757136154983,0
8163502712946009,4898101338640735,3958061921428368,9568600044510709,1179,832,130616043407136144,713514223114546729,588,1005,189573357630096,490559805868507,0
42507888580394523,25504731624498325,41219770744624992,99657378948795851,1179,832,680126217286312368,3715316398476698683,588,1005,52317401329716336,135382097530678277,0
1992735199878547839,1195641047650997273,60385915147834783,146008166372044268,1179,832,31883763198056765424,174171077504790022031,588,1005,2452597169081289648,6346608480083255665,0
248152799015807043,148891670392012069,1323481594750970896,3200114261049636845,1179,832,3970444784252912688,21689305843517029939,588,1005,3970444784252912688,10274358426388760297,0
30820458657020271,18492274070641193,20546972438013514,49682769459121055,1179,832,21440319065753232,117121812470728921,588,1005,9304289405892912,24076806098376953,0
121558357152812549,72935009828885619,1944933714445000784,4703115495357232923,1179,832,84562335410652208,461937921449207155,588,1005,36696862536698128,94960906014634323,0
481144721734742011,288686815283507453,481144721734742011,1163519604829623105,1179,832,7698315547755872176,42053527972395353163,588,1005,7698315547755872176,19921030943783758129,0
15024800671197013,9014879848003941,1923174485913217664,4650695049758071269,1179,832,240396810739152208,1313213789689328977,588,1005,240396810739152208,622077962336952915,0
468335084612599,281001033454705,7493361353801584,18120910356157197,1179,832,7493361353801584,40933928659789799,588,1005,7493361353801584,19390670929556933,0
231522490563242,138913485730469,59269757584189952,143335972414744467,1179,832,926089962252968,5058945682409917,588,1005,926089962252968,2396456450791465,0
3630049037311362,2178029286054661,309764184517236224,749181176283200825,1179,832,14520196149245448,79319410786904359,588,1005,14520196149245448,37574154286835927,0
114678676034942919,68807201286341905,38226225344980973,92456720915447234,1179,832,1834858816559086704,10023277385628159319,588,1005,1834858816559086704,4748097386327879573,0
28536557126681661,17121933194870515,304389942684604384,736232837478182467,1179,832,456584914026906576,2494185158194325341,588,1005,456584914026906576,1181513282236072967,0
7094579947899369,4256747699205583,37837759722129968,91520767645804703,1179,832,113513279166389904,620088741249007801,588,1005,113513279166389904,293740494842663195,0
878310805810468,526986449956401,224847566287479808,543874553261152593,1179,832,7026486446483744,38383578834000761,588,1005,7026486446483744,18182581520117895,0
54373077863588,32623844632523,1265409812098048,3060961870081161,1179,832,434984622908704,2376190375376855,588,1005,434984622908704,1125618990704729,0
1735851215636626,1041510662720299,40397991927543296,97721584655701659,1179,832,1735851215636626,9482434347766997,588,1005,3471702431273252,8983799366663761,0
6928514345125459,4157108340714505,443424918088029376,1072641207431937333,1179,832,110856229522007344,605574343214304059,588,1005,110856229522007344,286865085912681953,0
6905147036824829,4143087956183751,441929410356789056,1069037773325039379,1179,832,110482352589197264,603532003012452053,588,1005,8498642506861328,21992125987465419,0
237411373114071,142446814712525,5064775959766848,12251955092992669,1179,832,3798581969825136,20750516753041391,588,1005,292198613063472,756128936628529,0
1887319434215133,1132391587512767,40262814596589504,97400262580123291,1179,832,30197110947442128,164957801247356741,588,1005,30197110947442128,78141765880602079,0
1740720733100347699,1044432372308767621,1740720733100347699,4211100733607015826,1179,832,27851531729605563184,152144619513314201603,588,1005,27851531729605563184,72072075104696013017,0
13538915319359168,8123348665043915,3465962321755947008,8384903043364933359,1179,832,108311322554873344,591672532742258969,588,1005,108311322554873344,280279855234850063,0
4155375,2374492,1108100,1649373,189,167,33243000,80152783,93,141,2216200,1702717,0
115543763625,66024559196,30811670300,46619752049,189,167,924350109000,2229095849129,93,141,61623340600,47373547371,0
346117438635,197779715072,46148991818,70386476115,189,167,2768939509080,6677935085723,93,141,184595967272,141951457793,0
351330038165,200757989588,281064030532,431980337285,189,167,2810640305320,6779056737717,93,141,562128061064,432390032941,0
345579497831,197471983172,1382317991324,2125384254553,189,167,2764635982648,6668125584615,93,141,2764635982648,2126594481419,0
112469577743,64267666284,449878310972,692106601039,189,167,899756621944,2170168762927,93,141,899756621944,692119319027,0
18805339787,10745795232,37610679574,57917163593,189,167,150442718296,362864163067,93,141,150442718296,115729100783,0
412495475769,235709157680,274996983846,423968175907,189,167,3299963806152,7959531554633,93,141,1099987935384,846210104087,0
404194426551,230965726768,269462951034,415648845833,189,167,3233555412408,7799396677159,93,141,1077851804136,829196731513,0
393028871073,224585444200,131009623691,202228653347,189,167,3144230968584,7584002559121,93,141,1048076989528,806312321679,0
35340975349,20194605228,141363901396,218947135187,189,167,282727802792,681974553845,93,141,282727802792,217536924001,0
1036561730097,592313598764,1382082306796,2147534343337,189,167,8292493840776,20003218776305,93,141,2764164613592,2127065257551,0
780485872431,445986123844,1040647829908,1621003092291,189,167,6243886979448,15061953802543,93,141,2081295659816,1601735759633,0
64436360833,36820275084,257745443332,402663462659,189,167,515490886664,1243543493057,93,141,515490886664,396758074237,0
259729808845,148414933124,207783847076,325363385785,189,167,2077838470760,5012595325741,93,141,415567694152,319878008933,0
3183307724755,1819006476836,2546646179804,3995410558645,189,167,25466461798040,61436791908499,93,141,5093292359608,3920782169627,0
1046588765533,598041779298,8372710124264,13158831049123,189,167,8372710124264,20199201822293,93,141,8372710124264,6445680860497,0
113820858017,65039488484,455283432068,717002293021,189,167,910566864136,2196795583425,93,141,910566864136,701048639933,0
430520052581,246007561658,3444160420648,5434850125751,189,167,3444160420648,8309418032829,93,141,3444160420648,2651871525209,0
6617915120053,3781604674900,26471660480212,41832521487929,189,167,52943320960424,127733637159381,93,141,52943320960424,40766568022657,0
8691173761579,4966304144500,34764695046316,54968464442597,189,167,69529390092632,167751018880683,93,141,69529390092632,53539042357951,0
539153693887,308082790078,4313229551096,6821780180317,189,167,4313229551096,10406402756871,93,141,4313229551096,3321309220123,0
402258678671,229858335686,3218069429368,5090669222201,189,167,3218069429368,7764158451831,93,141,3218069429368,2478023123339,0
3947576849533,2255720887624,3947576849533,6249078777821,189,167,31580614796264,76194374335917,93,141,31580614796264,24318801170137,0
321395002949,183651214082,2571160023592,4073758243379,189,167,2571160023592,6203483079741,93,141,2571160023592,1979999959961,0
509329673045,291040633694,814927476872,1291643903665,189,167,4074637384360,9830988493821,93,141,814927476872,627568362853,0
5057593104835,2890004436712,1011518620967,1603667825560,189,167,40460744838680,97621027494483,93,141,8092148967736,6231755356859,0
1673948521207,956525814408,1673948521207,2654607456164,189,167,13391588169656,32310440271431,93,141,13391588169656,10312954371403,0
1316573429107,752314824900,5266293716428,8356966463201,189,167,10532587432856,25412593705139,93,141,10532587432856,8111421401383,0
3836828171677,2192435249788,15347312686708,24381764559791,189,167,30694625373416,74059645083741,93,141,30694625373416,23639750917033,0
3779592116647,2159729217748,15118368466588,24032198598101,189,167,30236736933176,72955329018471,93,141,30236736933176,23287627684363,0
3752741505629,2144386145564,15010966022516,23868192108487,189,167,30021932045032,72437271034269,93,141,30021932045032,23122438768361,0
4704283441525,2688113372652,3763426753220,5999064619879,189,167,37634267532200,90806909805173,93,141,7526853506440,5797625171501,0
1017614238475,581483035598,1628182781560,2601489243617,189,167,8140913907800,19643543327827,93,141,1628182781560,1254234943499,0
1012788039713,578725233386,8102304317704,12948332913263,189,167,8102304317704,19550423644665,93,141,8102304317704,6241480355237,0
269749206557,154139495722,2157993652456,3452153964767,189,167,2157993652456,5207179976117,93,141,2157993652456,1662439766513,0
90916352343,51951211556,121221803124,194080980203,189,167,727330818744,1755045671255,93,141,242443606248,186775720169,0
12715900749,7266090538,33909068664,54290676533,189,167,101727205992,245467290085,93,141,33909068664,26123166667,0
4437724468311,2535793922584,1479241489437,2369658193249,189,167,35501795746488,85666191289063,93,141,11833931915496,9116920206073,0
4365330482493,2494426329856,2910220321662,4665303284489,189,167,34922643859944,84269352557005,93,141,11640881286648,8968437417619,0
1444749332661,825555027392,963166221774,1544506710553,189,167,11557994661288,27889872100805,93,141,3852664887096,2968228555163,0
169200738645,96684255956,45120196972,72367771863,189,167,1353605909160,3266308673909,93,141,90240393944,69524902223,0
126144816405,72081346124,33638617708,53966655717,189,167,1009158531240,2435149523861,93,141,67277235416,51833663087,0
1372582885733,784317694236,5490331542932,8812368474679,189,167,10980663085864,26497023821605,93,141,10980663085864,8460193569617,0
338797334371,193594655394,2710378674968,4352789751211,189,167,2710378674968,6540353240123,93,141,2710378674968,2088291409759,0
45835877623,26191411030,366687020984,589094222353,189,167,366687020984,884847551391,93,141,366687020984,282528663187,0
166568117271,95179886630,444181646056,713875470627,189,167,1332544938168,3215560581887,93,141,444181646056,342242743633,0
440098287315,251479706474,234719086568,377388492393,189,167,3520786298520,8496038656331,93,141,234719086568,180854339873,0
70078383719,40043987964,280313534876,450793406107,189,167,560627069752,1352857065799,93,141,560627069752,431974582571,0
1739472910305,993964523492,463859442748,746206641939,189,167,13915783282440,33580491995393,93,141,927718885496,714835161395,0
353181070281,201813679306,941816187416,1515595000437,189,167,2825448562248,6818179147681,93,141,30381167336,23409899153,0
130177418453,74385581174,1041419347624,1677190138313,189,167,1041419347624,2513103780957,93,141,33594172504,25886430407,0
113987709597,65134497424,75991806398,122467169331,189,167,911901676776,2200574593645,93,141,303967225592,234232116851,0
69511732905,39720174266,37072924216,59751913705,189,167,556093863240,1341950978369,93,141,37072924216,28567889379,0
2491088571705,1423449875626,1328580571576,2141771873505,189,167,19928708573640,48091543006609,93,141,1328580571576,1023794299219,0
5414734687979,3094070282276,21658938751916,34921848570457,189,167,43317877503832,104533997060907,93,141,43317877503832,33380656416191,0
84491849513,48280060265,1351869592208,2179824896311,189,167,675934796104,1631155970061,93,141,675934796104,520875036497,0
336776308229,192439625333,5388420931664,8689981328683,189,167,2694210465832,6501641081625,93,141,2694210465832,2076170377421,0
10724352004291,6128074115956,42897408017164,69196810374773,189,167,85794816034328,207039689850051,93,141,85794816034328,66114436908919,0
332903529767,190226632010,2663228238136,4297318432487,189,167,2663228238136,6426913333599,93,141,2663228238136,2052337782323,0
20675538179,11814346748,82702152716,133485137827,189,167,165404305432,399155651235,93,141,165404305432,127465362071,0
329792148431,188448718358,2638337187448,4259007691601,189,167,2638337187448,6366877049079,93,141,85107651208,65586791189,0
4097329165577,2341281549888,8194658331154,13240450490183,189,167,32778633324616,79102717156441,93,141,1057375268536,814877264843,0
1993635037333,1139195655216,3987270074666,6450655616077,189,167,15949080298664,38489513332325,93,141,15949080298664,12291936207217,0
207790441997,118734843252,831161767988,1345295519041,189,167,1662323535976,4011664540717,93,141,1662323535976,1281174046073,0
414735945053,236986869444,1658943780212,2685381231469,189,167,3317887560424,8007025128637,93,141,3317887560424,2557148095817,0
1240430352373,708802069972,4961721409492,8032851117209,189,167,9923442818984,23948184995349,93,141,9923442818984,7648196538817,0
206017377319,117721674348,824069509276,1334362138847,189,167,1648139018552,3977451433415,93,141,53165774792,40976195701,0
222835288689,127331699806,594227436504,962266128983,189,167,1782682309512,4302148174297,93,141,19168626984,14773784617,0
1056145900149,603498890626,2816389067064,4561218241553,189,167,8449167201192,20390403756397,93,141,2816389067064,2170676898307,0
1295472057403,740253709912,1295472057403,2098393208381,189,167,10363776459224,25010982270219,93,141,10363776459224,7987728927487,0
433706459597,247826834954,3469651676776,5626001798447,189,167,3469651676776,8373435643365,93,141,3469651676776,2674292294753,0
840217638543,480113681422,2240580369448,3638719018471,189,167,6721741108344,16222102793239,93,141,2240580369448,1727069385849,0
191483601447,109416750842,510622937192,829766240069,189,167,1531868811576,3697004202527,93,141,510622937192,393604460241,0
190885483465,109074972966,305416773544,496381501997,189,167,1527083867720,3685462654289,93,141,305416773544,235426421465,0
38045399435,21739739862,60872639096,98950773325,189,167,304363195480,734551239283,93,141,60872639096,46923170539,0
35286677885,20163360518,56458684616,91824829549,189,167,673731320,1625995383,93,141,56458684616,43521619117,0
602288981949,344157299264,401525987966,653547577937,189,167,11499550968,27753464911,93,141,1606103951864,1238115024147,0
591413614215,337942874344,39427574281,64233716986,189,167,4731308913720,11418843687511,93,141,315420594248,243160487733,0
145609486205,83203494918,232975177928,379847324653,189,167,1164875889640,2811410539717,93,141,232975177928,179608041133,0
145177618615,82956716298,232284189784,378778038875,189,167,1161420948920,2803076871407,93,141,232284189784,179076397031,0
66841285505,38194133876,53473028404,87207573125,189,167,534730284040,1290567562209,93,141,106946056808,82449039097,0
44354187727,25344660560,88708375454,144706240543,189,167,354833501816,856390310719,93,141,354833501816,273558038563,0
351222871793,200694091348,1404891487172,2292944756929,189,167,2809782974344,6781448642513,93,141,2809782974344,2166240039437,0
1390076831477,794310947212,5560307325908,9080015005531,189,167,11120614651816,26839916825717,93,141,11120614651816,8573771034593,0
86438139857,49392058822,691505118856,1129529656817,189,167,691505118856,1668972054617,93,141,691505118856,533142098213,0
69376255771,39642634776,69376255771,113393904497,189,167,555010046168,1339546003691,93,141,555010046168,427916735839,0
273513805469,156289870494,2188110443752,3579120299189,189,167,2188110443752,5281164995269,93,141,2188110443752,1687098927521,0
250441477955,143105984372,200353182364,327859332017,189,167,2003531823640,4835694154563,93,141,400706364728,308961800395,0
886566798745,506597377158,1418506877992,2322745733501,189,167,7092534389960,17118558257057,93,141,1418506877992,1093757268905,0
5231316411743,2989250940930,41850531293944,68589243462923,189,167,41850531293944,101011557274231,93,141,41850531293944,32270494023467,0
8629021445419,4930748538676,34516085781676,56614108093877,189,167,69032171563352,166619401353387,93,141,69032171563352,53231643215551,0
5109225656495,2919485649246,8174761050392,13414639918633,189,167,40873805251960,98655518259319,93,141,8174761050392,6303783839119,0
70843187955,40480824344,4722879197,7750858283,189,167,566745503640,1367933031491,93,141,37783033576,29135642937,0
18055005189,10316891164,24073340252,39515456189,189,167,144440041512,348630478789,93,141,48146680504,37127660667,0
107679219973,61529459490,861433759784,1414470570403,189,167,861433759784,2079223808381,93,141,861433759784,664291499737,0
58480728223,33416729860,233922912892,384190380089,189,167,467845825784,1129232228511,93,141,467845825784,360780930787,0
145637812361,83219538254,1165102498888,1913942776301,189,167,1165102498888,2812196562993,93,141,1165102498888,898480261469,0
71635282855,40933421356,57308226284,94226044195,189,167,573082262840,1383257156679,93,141,114616452568,88390729967,0
67585623725,38619380006,108136997960,177967803229,189,167,540684989800,1305073489269,93,141,108136997960,83396990173,0
8514408,5321501,354767,756851,227,200,11352544,51428771,112,185,11352544,23047411,0
2999327934120,1874577130697,999775978040,2141329396943,227,200,3999103912160,18112141295767,112,185,3999103912160,8114381515367,0
1313359462920,820848338407,875572975280,1876350444941,227,200,1751145950560,7930755157577,112,185,1751145950560,3552890281177,0
573748667592,358592298773,191249555864,410080421453,227,200,764998223456,3464474133643,112,185,764998223456,1551978575003,0
243811882704,152382140773,325082510272,697596295501,227,200,325082510272,1472140636883,112,185,325082510272,659434361203,0
52194365184,32621412289,69592486912,149451624007,227,200,69592486912,315135782759,112,185,69592486912,141154565479,0
806864448,504289255,1075819264,2310479161,227,200,1075819264,4871617265,112,185,1075819264,2182069105,0
25071970560,15669949277,33429294080,71805535307,227,200,33429294080,151375931947,112,185,33429294080,67802696747,0
182209409760,113880634477,242945879680,522121976407,227,200,242945879680,1100081273147,112,185,242945879680,492716573947,0
333276901800,208297592249,111092300600,238872172811,227,200,444369202400,2012081497639,112,185,444369202400,901158491639,0
40253557350,25158415423,214685639200,461713856527,227,200,53671409800,243018384203,112,185,53671409800,108839859703,0
77962395048,48726382913,25987465016,55900732121,227,200,103949860064,470668174303,112,185,103949860064,210793524143,0
76530407712,47831391881,102040543616,219520602275,227,200,102040543616,462019860031,112,185,102040543616,206918500991,0
149061617760,93163288183,198748823680,427639764493,227,200,198748823680,899887112513,112,185,198748823680,403015053313,0
144389205120,90243033811,192518940160,414317404981,227,200,192518940160,871668928421,112,185,192518940160,390371578021,0
142293327744,88933112053,189724436992,408341007811,227,200,3110236672,14082152783,112,185,3110236672,6306561103,0
267178484760,166986130739,11132436865,23970057322,227,200,5839966880,26440815889,112,185,5839966880,11840898689,0
251348669880,157092509327,41891444980,90235544659,227,200,335131559840,1517291398897,112,185,335131559840,679462499297,0
249890010216,156180848225,83296670072,179430812663,227,200,333186680288,1508482359295,112,185,333186680288,675515658575,0
30958749030,19349167351,165113328160,355694993839,227,200,41278332040,186884425811,112,185,41278332040,83688595711,0
30663037470,19164347869,163536199840,352320492691,227,200,40884049960,185098591109,112,185,40884049960,82888466209,0
59823915684,37389847445,159530441824,343749214711,227,200,79765220912,361125500575,112,185,79765220912,161712448295,0
56250115008,35156225033,75000153344,161677282199,227,200,75000153344,339543153823,112,185,75000153344,152042770463,0
13010888256,8131781873,17347851008,37417692095,227,200,1020461824,4619706119,112,185,1020461824,2068551559,0
130209563360,81380736511,520838253440,1123936968383,227,200,30637544320,138694289339,112,185,30637544320,62100428539,0
121103088216,75689202823,40367696072,87132098885,227,200,161470784288,730957323673,112,185,161470784288,327280362953,0
3006278480040,1878918387241,52741727720,113847207101,227,200,4008371306720,18145315562551,112,185,4008371306720,8124387295751,0
2985072348696,1865664575167,52369690328,113050367639,227,200,3980096464928,18017257455457,112,185,3980096464928,8067016293137,0
230573713240,144108117753,461147426480,996090101147,227,200,922294852960,4174920498149,112,185,922294852960,1869183365749,0
31897973640,19936168309,10632657880,22981927771,227,200,42530631520,192514037099,112,185,42530631520,86187458299,0
157244712360,98277621449,52414904120,113305629191,227,200,209659616480,949012870039,112,185,209659616480,424863828839,0
155920220232,97449815237,51973406744,112359318269,227,200,207893626976,941014985947,112,185,207893626976,421280918507,0
75777346848,47360682835,101036462464,218480446441,227,200,101036462464,457326992645,112,185,101036462464,204735836485,0
36842654112,23026580459,49123538816,106250082593,227,200,49123538816,222347254189,112,185,49123538816,99538407149,0
24396247436,15247602583,195169979488,422161333015,227,200,97584989744,441696066799,112,185,97584989744,197733592439,0
580705344024,362939595607,193568448008,418727535455,227,200,774273792032,3504556766857,112,185,774273792032,1568872286777,0
575270701512,359542949869,191756900504,414843341807,227,200,767027602016,3471740611699,112,185,767027602016,1554171606659,0
569870281176,356167692991,189956760392,410983388867,227,200,759827041568,3439131215521,112,185,759827041568,1539563611601,0
842652881,526656222,26964892192,58343546011,227,200,3370611524,15256016911,112,185,3370611524,6829488101,0
34722252096,21701331485,46296336128,100187940947,227,200,46296336128,209543603755,112,185,46296336128,93802763435,0
68132197056,42582472459,90842929408,196623237061,227,200,90842929408,411163193069,112,185,90842929408,184055869549,0
133583232552,83489221913,44527744184,96394813943,227,200,178110976736,806136941383,112,185,178110976736,360859499543,0
122492285304,76557392375,20415380884,44232247861,227,200,163323047072,739167997705,112,185,163323047072,330860380025,0
112836872760,70522771199,18806145460,40777967383,227,200,150449163680,680869500289,112,185,150449163680,304746591089,0
110923080360,69326653289,36974360120,80186426951,227,200,8699849440,39371428487,112,185,8699849440,17621804887,0
110190699960,68868916439,9182558330,19915577369,227,200,8642407840,39111310937,112,185,8642407840,17505291337,0
17938033520,11211226303,71752134080,155656928549,227,200,71752134080,324710167099,112,185,71752134080,145329831899,0
26273171760,16420666177,35030895680,76013519357,227,200,35030895680,158527881847,112,185,35030895680,70950642647,0
26177973360,16361167297,34903964480,75740938277,227,200,34903964480,157953098167,112,185,34903964480,70693186967,0
3726134160,2328824431,4968178880,10781260331,227,200,4968178880,22482758041,112,185,4968178880,10062310841,0
3700049640,2312521639,2466699760,5353284907,227,200,4933399520,22325266729,112,185,4933399520,9991767929,0
25673861976,16046098321,17115907984,37148717149,227,200,34231815968,154909413151,112,185,34231815968,69329873231,0
25152032328,15719955457,4192005388,9100385851,227,200,33536043104,151758764287,112,185,33536043104,67918656527,0
271498188024,169685662003,30166465336,65501181733,227,200,120665861344,546035568271,112,185,120665861344,244370914911,0
270483273144,169051341523,30053697016,65258934463,227,200,120214788064,543993011311,112,185,120214788064,243456041151,0
24414807096,15259190645,5425512688,11781918547,227,200,10851025376,49102558505,112,185,10851025376,21974995065,0
24246092160,15153744031,10776040960,23402744227,227,200,10776040960,48763014547,112,185,10776040960,21822912147,0
953257344,595783319,1271009792,2760817457,227,200,1271009792,5751420289,112,185,1271009792,2573895809,0
23405979480,14628674717,15603986320,33900753031,227,200,31207972640,141216819187,112,185,31207972640,63196887587,0
22779374496,14237047439,30372499328,66006230621,227,200,30372499328,137433684649,112,185,30372499328,61502436329,0
28993502368,18120858707,115974009472,252168796939,227,200,115974009472,524758042511,112,185,115974009472,234823018831,0
339103346136,211938640399,113034448712,245848902959,227,200,452137794848,2045791021009,112,185,452137794848,915446533889,0
55916971736,34947949689,111833943472,243267761539,227,200,223667886944,1012023802597,112,185,223667886944,452854085237,0
55371127592,34606797871,110742255184,240920399425,227,200,221484510368,1002137582563,112,185,221484510368,448426306643,0
109955682760,68721989093,109955682760,239229038371,227,200,439822731040,1990028955569,112,185,439822731040,890472127969,0
109506383560,68441177733,109506383560,238262868451,227,200,438025534240,1981891380689,112,185,438025534240,886827545089,0
109253687320,68283242943,109253687320,237719471311,227,200,437014749280,1977314621219,112,185,437014749280,884777748019,0
32641907640,20401098977,21761271760,47351502571,227,200,713484320,3228217627,112,185,713484320,1444506827,0
40553868720,25346051683,54071824960,117666178363,227,200,886423360,4010676233,112,185,886423360,1794617833,0
20148495792,12592751921,26864661056,58464794525,227,200,26864661056,121550216071,112,185,26864661056,54388563431,0
6662794372,4164227243,2805387104,6105859283,227,200,26651177488,120583585739,112,185,26651177488,53955642019,0
79159328664,49474350691,173595019,377870188,227,200,105545771552,477539605981,112,185,105545771552,213675177101,0
13100836112,8187984417,52403344448,114077682923,227,200,52403344448,237096572581,112,185,52403344448,106088211461,0
13003455920,8127121939,52013823680,113239825697,227,200,52013823680,235332881887,112,185,52013823680,105298322687,0
15466803960,9666707063,2577800660,5612751131,227,200,20622405280,93303997193,112,185,20622405280,41747983993,0
12818083760,8011264611,51272335040,111644766833,227,200,51272335040,231975550063,112,185,51272335040,103794712463,0
6392409712,3995237225,25569638848,55679262967,227,200,25569638848,115686545645,112,185,25569638848,51762448525,0
19070786904,11919185437,12713857936,27686972455,227,200,25427715872,115043945587,112,185,25427715872,51474655907,0
208150999488,130093756933,92511555328,201481464553,227,200,92511555328,418552381441,112,185,92511555328,187273493121,0
188334142272,117708276325,83704063232,182328574553,227,200,83704063232,378700625505,112,185,83704063232,169440467425,0
812217559392,507633534073,360985581952,786430815529,227,200,360985581952,1633185070981,112,185,360985581952,730721116101,0
293410707864,183380807863,97803569288,213088813859,227,200,391214277152,1769937852073,112,185,391214277152,791902159193,0
18116242458,11322596587,96619959776,210541769417,227,200,24154989944,109281351067,112,185,24154989944,48893876207,0
17932007814,11207450215,95637375008,208427107967,227,200,23909343752,108169139395,112,185,23909343752,48395780015,0
17853378774,11158307185,95218020128,207524569727,227,200,23804505032,107694462265,112,185,23804505032,48183199685,0
17774907414,11109262705,94799506208,206623818527,227,200,23699876552,107220737785,112,185,23699876552,47971046405,0
268248644952,167654556991,89416214984,195037218335,227,200,21039109408,95178627473,112,185,21039109408,42580853953,0
253534407288,158458182307,84511469096,184472875007,227,200,19885051552,89953668461,112,185,19885051552,40241039581,0
252350577528,157718290627,84116859176,183622919807,227,200,336467436704,1522066032157,112,185,336467436704,680897440397,0
251171862648,156981595747,83723954216,182776587647,227,200,334895816864,1514950602877,112,185,334895816864,677711060717,0
250892016360,156806692273,83630672120,182575653527,227,200,334522688480,1513261283503,112,185,334522688480,676954562303,0
20831831920,13019826911,83327327680,181922228293,227,200,83327327680,376941945563,112,185,83327327680,168623626363,0
10380144848,6487556569,41520579392,90652888235,227,200,41520579392,187823167357,112,185,41520579392,84021718877,0
10372811360,6482973151,2183749760,4767878837,227,200,41491245440,187690359883,112,185,41491245440,83962246283,0
7773039840,4858124449,545476480,1190976721,227,200,10364053120,46882937639,112,185,10364053120,20972804839,0
20704699600,12940369419,82818798400,180826771717,227,200,82818798400,374639613527,112,185,82818798400,167592617527,0
20690051200,12931214193,82760204800,180700548949,227,200,82760204800,374374335269,112,185,82760204800,167473823269,0
1472761472,920471085,5891045888,12863241857,227,200,5891045888,26648676625,112,185,5891045888,11921061905,0
10265536736,6415926687,41062146944,89665313567,227,200,41062146944,185747649931,112,185,41062146944,83092282571,0
20502517024,12814005641,82010068096,179084545897,227,200,82010068096,370978152893,112,185,82010068096,165952982653,0
7981947,4434407,21764,27383,261,173,7095064,20397589,129,192,7095064,11526215,0
772337626135,429074896539,18953070580,24004213809,261,173,1235740201816,3552499967389,129,192,6178701009080,10034651915563,0
149087793155,82826244759,596351172620,755459472927,261,173,238540469048,685754115521,129,192,1192702345240,1937014029863,0
141630364715,78683236703,566521458860,717919560759,261,173,226608583544,651451199225,129,192,1133042917720,1840095896111,0
557125983115,309513101087,2228503932460,2829171921711,261,173,891401572984,2562563418073,129,192,4457007864920,7237739417359,0
447253063387,248472735151,1789012253548,2275073630943,261,173,3578024507096,10285857406061,129,192,3578024507096,5809923989023,0
590262150543,327921741439,393508100362,501000214467,261,173,1574032401448,4524890761243,129,192,1574032401448,2555751804449,0
258553260381,143639917321,344737680508,439440146811,261,173,689475361016,1982030282441,129,192,689475361016,1119439203475,0
249567601413,138647898289,332756801884,424314684459,261,173,665513603768,1913143936913,129,192,665513603768,1080518151019,0
79037046751,43909220483,316148187004,403343274219,261,173,632296374008,1817649628553,129,192,632296374008,1026563849299,0
227524242027,126401622295,303365656036,387197380575,261,173,606731312072,1744154237807,129,192,606731312072,985039492837,0
36683030315,20379340893,293464242520,374689746033,261,173,58692848504,168722435765,129,192,293464242520,476437310591,0
1767315700,981836147,28277051200,36117752739,261,173,1413852560,4064347517,129,192,3534631400,5738351971,0
3488824100,1938223871,55821185600,71309306127,261,173,2791059280,8023344481,129,192,6977648200,11327900903,0
178222171935,99011665723,237629562580,304131079323,261,173,95051825032,273238787959,129,192,475259125160,771498007537,0
1210296062301,672381910565,403432020767,517321065645,261,173,3227456166136,9277642985041,129,192,3227456166136,5238752436851,0
25644219869507,14246686962551,102576879478028,131545685133543,261,173,205153758956056,589734555386821,129,192,205153758956056,333000850996583,0
203829238132771,113237653431543,815316952531084,1045656935162799,261,173,1630633905062168,4687414596856613,129,192,1630633905062168,2646797705499079,0
9487295313519,5270681681039,6324863542346,8112464619837,261,173,25299454169384,72725687589659,129,192,25299454169384,41065177424065,0
1174232986197,652346940181,782821990798,1004198444643,261,173,3131287963192,9001178813497,129,192,3131287963192,5082567107771,0
382197259517,212330256485,382197259517,490430425305,261,173,3057578076136,8789277939091,129,192,3057578076136,4962856771961,0
1442020925351,801116696767,1442020925351,1851809928249,261,173,11536167402808,33161589256393,129,192,11536167402808,18724094841947,0
44076179361043,24486577468967,176304717444172,226544864934111,261,173,352609434888344,1013599162697909,129,192,352609434888344,572296901212663,0
1366864469471,759363270943,2733728938942,3513104792187,261,173,10934915755768,31433120999713,129,192,10934915755768,17747651284979,0
2591609366875,1439771530267,5183218733750,6665913420663,261,173,4146574987000,11919547972129,129,192,20732874935000,33648872484799,0
19681906713125,10934303387281,78727626852500,101322104303793,261,173,31491050741000,90522315438647,129,192,157455253705000,255537130591457,0
19615835195591,10897597138603,78463340782364,100986852170379,261,173,156926681564728,451092053751073,129,192,156926681564728,254678751487259,0
2441597965951,1356432202855,2441597965951,3142669888590,261,173,19532783727608,56147752851473,129,192,19532783727608,31699971900883,0
9531352283479,5295151802495,9531352283479,12272508666510,261,173,76250818267832,219185534975417,129,192,76250818267832,123746340149707,0
2382456965368987,1323576095890063,9529827861475948,12274828663139079,261,173,19059655722951896,54787513458393581,129,192,19059655722951896,30931155305374687,0
4473631078793,2485329325035,35789048630344,46125128640705,261,173,35789048630344,102876282633739,129,192,35789048630344,58079084815109,0
12313063617,6840530492,65669672624,84716034813,261,173,32834836312,94383844687,129,192,32834836312,53282671655,0
5932959168,3296058779,31642448896,40843357221,261,173,7910612224,22739007709,129,192,1977653056,3209150123,0
3904227392,2168995581,62467638272,80648384457,261,173,15616909568,44890662113,129,192,3904227392,6335356231,0
23292675003,12940257515,15528450002,20049704655,261,173,62113800008,178545453623,129,192,62113800008,100791121333,0
3960144795455,2200060429113,31681158363640,40907913978453,261,173,6336231672728,18213423984449,129,192,31681158363640,51408395315651,0
2023069419821935,1123917220332691,8092277679287740,10449429220839723,261,173,3236911071715096,9304461241102693,129,192,16184555358575480,26262319082579107,0
247720210512551,137621072859243,990880842050204,1279934504198499,261,173,1981761684100408,5696539127127553,129,192,1981761684100408,3215712830199419,0
4333109762065,2407260821741,17332439048260,22396029413973,261,173,6932975619304,19928679441691,129,192,34664878096520,56248249727197,0
30107385592795,16726169253583,120429542371180,155631357420999,261,173,48171816948472,138468689455753,129,192,240859084742360,390822902561311,0
29814805374535,16563625448203,119259221498140,154143638914659,261,173,47703688599256,137122943623597,129,192,14030496646840,22766008918763,0
365276079485,202929233169,1461104317940,1889119197507,261,173,584441727176,1679958585359,129,192,171894625640,278913592969,0
2805749095,1558734608,44891985520,58058963421,261,173,4489198552,12904033783,129,192,22445992760,36420065011,0
111935835295,62185980376,1790973364720,2316373997037,261,173,179097336472,514808486719,129,192,895486682360,1452981797707,0
892043943203,495575219295,3568175772812,4615235570145,261,173,7136351545624,20513163881269,129,192,7136351545624,11579132378759,0
889600920005,494217990697,3558403680020,4602807897591,261,173,1423361472008,4091395924487,129,192,7116807360040,11547396989249,0
8877522143,4931909369,71020177144,91868070309,261,173,71020177144,204144633829,129,192,71020177144,115233819107,0
6904935415,3836038299,27619741660,35730150747,261,173,11047896664,31756719997,129,192,55239483320,89628547723,0
13768787315,7649252533,110150298520,142502586873,261,173,22030059704,63324473645,129,192,110150298520,178723413671,0
27291220555,15161642351,109164882220,141249273603,261,173,43665952888,125515825465,129,192,12842927320,20838038111,0
107357092819,59642246843,107357092819,138949682496,261,173,858856742552,2468741309117,129,192,50520984856,81970780199,0
106064962639,58924400263,106064962639,137305795911,261,173,848519701112,2439025166177,129,192,848519701112,1376718496483,0
26061687679,14478571875,104246750716,134992458555,261,173,208493501432,599302579817,129,192,208493501432,338274999667,0
3288446398151,1826896428871,6576892796302,8518746895179,261,173,26307571185208,75619495375033,129,192,26307571185208,42682837762235,0
13135513141913,7297434404677,52542052567652,68056958413641,261,173,105084105135304,302057756191519,129,192,105084105135304,170493995316293,0
13111036578131,7283836381623,52444146312524,67932358112739,261,173,104888292625048,301494850252693,129,192,104888292625048,170176049448119,0
26159251993759,14532772292003,104637007975036,135544911599139,261,173,209274015950072,601544955187337,129,192,209274015950072,339536064885523,0
1629884632531,905482383975,6519538530124,8445753589695,261,173,13039077060248,37479992929013,129,192,13039077060248,21155163815863,0
202236206927,112352317655,202236206927,262021474920,261,173,1617889655416,4650516942721,129,192,1617889655416,2624918988131,0
24892954465,13829278901,99571817860,129042514203,261,173,39828727144,114484870651,129,192,199143635720,323093423917,0
388076496085,215595838349,388076496085,503170692918,261,173,620922393736,1784793046879,129,192,3104611968680,5036860853233,0
6092975268835,3384951154359,24371901075340,31610765937327,261,173,9748760430136,28021999047649,129,192,48743802150680,79079768877703,0
859549219165,477522360201,3438196876660,4460420398353,261,173,1375278750664,3953119035871,129,192,6876393753320,11155839410617,0
23768424767521,13204541751421,95073699070084,123368579176533,261,173,190147398140168,546561442919543,129,192,190147398140168,308480307452845,0
94758500100163,52643057387671,379034000400652,491868265209423,261,173,758068000801304,2178996941243909,129,192,758068000801304,1229827024497511,0
23667705409573,13148586846833,94670821638292,122855377128009,261,173,189341643276584,544245136047059,129,192,11137743722152,18068943315665,0
23640259358611,13133339120999,94561037434444,122715527257167,261,173,189122074868888,543613941882293,129,192,11124827933464,18047972494343,0
94450363473739,52471871274111,377801453894956,490298168844663,261,173,755602907789912,2171910528743357,129,192,755602907789912,1225824557266639,0
5828726772115,3238147203063,23314907088460,30264419322339,261,173,9325962835384,26806580557585,129,192,46629814176920,75647362570231,0
114937838627,63853672903,459751354508,596946586899,261,173,919502709016,2643017957701,129,192,54088394648,87746353111,0
2861203147415,1589540293227,11444812589660,14861264024631,261,173,4577925035864,13158778713533,129,192,1346448539960,2184304524667,0
356589277597,198103031017,1426357110388,1852249344441,261,173,2852714220776,8199833589851,129,192,2852714220776,4627864205305,0
8539505192715,4744118650127,11386006923620,14786328408777,261,173,4554402769448,13091159287571,129,192,22772013847240,36942219211013,0
8525343089265,4736250857117,11367124119020,14762265321267,261,173,4546849647608,13069446343241,129,192,22734248238040,36880901797823,0
177261446831,98477523051,709045787324,920858178873,261,173,1418091574648,4076155874473,129,192,1418091574648,2300511916835,0
44219661353,24566214185,88439322706,114863353845,261,173,353757290824,1016838092119,129,192,353757290824,573884924789,0
88189112779,48993423603,88189112779,114544487616,261,173,705512902232,2027921961797,129,192,705512902232,1144519867183,0
527239431429,292907633273,702985908572,913135359033,261,173,1405971817144,4041315243649,129,192,1405971817144,2280833957291,0
131611873425,73116917561,43870624475,56986850709,261,173,70192999160,201762218129,129,192,350964995800,569351283839,0
8755822825,4864293409,8755822825,11374044288,261,173,14009316520,40268263003,129,192,70046582600,113632531573,0
174496467965,96941431969,697985871860,906762758007,261,173,279194348744,802513614767,129,192,1395971743720,2264597625113,0
22396433241,12442327021,29861910988,38805913161,261,173,59723821976,171669297701,129,192,59723821976,96884880535,0
63342081075,35189657557,168912216200,219572130339,261,173,33782443240,97103600143,129,192,168912216200,274008070093,0
21011696275,11673035749,1888691800,2455374921,261,173,33618714040,96632929453,129,192,168093570200,272678920903,0
2678086968713,1487809636189,120363459268,156490127043,261,173,21424695749704,61582669672639,129,192,21424695749704,34754698504757,0
4227336373,2348494198,67637381968,87942569541,261,173,33818690984,97207669109,129,192,33818690984,54859866985,0
333437740705,185241136158,5335003851280,6936816654321,261,173,533500385128,1533481001389,129,192,2667501925640,4327151563141,0
21148918812235,11749268528831,84595675248940,110014372987143,261,173,33838270099576,97263835105753,129,192,169191350497880,274455605467087,0
1964577054831,1091419489883,2619436073108,3407112972423,261,173,5238872146216,15058461464131,129,192,5238872146216,8498225569313,0
490401080979,272441995487,653868107972,850514471847,261,173,1307736215944,3758918255479,129,192,1307736215944,2121338761277,0
1305419484667,725224922239,5221677938668,6792296930907,261,173,10443355877336,30018067060781,129,192,614315051608,996507002447,0
1303158559297,723968859629,5212634237188,6780762513177,261,173,10425268474376,29966071479671,129,192,613251086728,994779580157,0
5207493530617,2893019506437,20829974122468,27096823745601,261,173,41659948244936,119746062640511,129,192,41659948244936,67578241076005,0
83221417359859,46233601782151,332885669439436,433046765397183,261,173,665771338878872,1913672230882517,129,192,665771338878872,1079972755624279,0
41201292423125,22889348692129,164805169692500,214434617348937,261,173,65922067877000,189484115190023,129,192,329610339385000,534668655823313,0
20360672779375,11311356528019,81442691117500,105992784952107,261,173,32577076447000,93638302180453,129,192,162885382235000,264217447092643,0
20257168796551,11253854641995,81028675186204,105464602741155,261,173,162057350372408,465811183888673,129,192,9532785316024,15463123223339,0
10094985347279,5608261287859,40379941389116,52560836273307,261,173,80759882778232,232132899877657,129,192,4750581339896,7705891181395,0
40197853976609,22331886054397,160791415906436,209314088157621,261,173,321582831812872,924344056049527,129,192,321582831812872,521635581159341,0
320149239194095,177858652647699,14388729851420,18732539567523,261,173,512238782710552,1472356701751525,129,192,2561193913552760,4154464675920163,0
41028603,22379237,7638779904,13380544865,1253,612,656457648,2293870841,625,945,59677968,108166259,0
1956486232785,1067174212666,500860475592960,878181790289389,1253,612,31303779724560,109385265334549,625,945,31303779724560,56738039422493,0
24708226953585,13477213422611,50602448800942080,88732728830570677,1253,612,395331631257360,1381413158521379,625,945,395331631257360,716537765432203,0
44967880913019,24527932604974,11511777513732864,20188125848679037,1253,612,719486094608304,2514110771785735,625,945,719486094608304,1304066990720351,0
44570349914011,24311097525422,11410009577986816,20009843383672677,1253,612,713125598624176,2491885186423079,625,945,713125598624176,1292538598649727,0
44158324318315,24086356302638,11304531025488640,19825060086371217,1253,612,706533189093040,2468849221774967,625,945,706533189093040,1280589863540559,0
8242395592215,4495851674102,2110053271607040,3700737242787263,1253,612,131878329475440,460824352143923,625,945,131878329475440,239029174160491,0
38413422870315,20952773857294,9833836254800640,17248508322926701,1253,612,614614765925040,2147657175894391,625,945,614614765925040,1113987825323087,0
16595018566587,9051827259101,33986598024370176,59622993455258371,1253,612,265520297065392,927811295033801,625,945,265520297065392,481254868565185,0
7107537822687,3876838327630,454882420651968,798157122719767,1253,612,113720605162992,397375467347467,625,945,113720605162992,206118287590787,0
6981299370061,3807980994176,7148850554942464,12543991844542407,1253,612,111700789920976,390317594799845,625,945,111700789920976,202457375234829,0
6870251439067,3747409399274,3517568736802304,6172363702613733,1253,612,109924023025072,384109009959023,625,945,109924023025072,199236987674439,0
106009276292747,57823234125759,217106997847545856,380981740277958637,1253,612,1696148420683952,5926874372614293,625,945,1696148420683952,3074264234847949,0
1653655021111471,901993529580046,26458480337783536,46431249800809583,1253,612,1556381196340208,5438483777677355,625,945,26458480337783536,47955920137510099,0
101217637225950,55209612987947,207293721038745600,363784605902358139,1253,612,11907957320700,41610135066383,625,945,202435274451900,366913351404017,0
4595041772025,2506386083564,4705322774553600,8257854994372409,1253,612,4324745197200,15112014846793,625,945,73520668352400,133255996037857,0
17827999504638,9724362036443,36511742985498624,64081020496712107,1253,612,2097411706428,7329013555175,625,945,35655999009276,64626392158889,0
5750484499347,3136627472714,2944248063665664,5167638193743793,1253,612,92007751989552,321503901079463,625,945,3172681103088,5750474906891,0
10729186674381,5852282798053,21973374309132288,38570919820855703,1253,612,171666986790096,599858185144123,625,945,5919551268624,10729168138975,0
10163048184981,5543480008453,20813922682841088,36538699322569703,1253,612,162608770959696,568205920904323,625,945,162608770959696,294727874384075,0
5060117057341,2760063440464,5181559866717184,9096253133267615,1253,612,80961872917456,282906113489077,625,945,80961872917456,146743133724253,0
5052056371235,2755666702914,2586652862072320,4540892824233247,1253,612,80832901939760,282455448200391,625,945,80832901939760,146509374035167,0
602945764943,328879459244,617416463301632,1083889574814427,1253,612,9647132239088,33710098037759,625,945,9647132239088,17485395980855,0
8978822537375,4897538834898,4597157139136000,8070513039061069,1253,612,143661160598000,501997035084867,625,945,143661160598000,260385387242299,0
14893476936375,8123713477232,15250920382848000,26773868435887517,1253,612,238295630982000,832679475023903,625,945,238295630982000,431910055770391,0
14784663971829,8064360955562,1892436988394112,3322320692321767,1253,612,236554623549264,826595845783097,625,945,236554623549264,428754482635105,0
29328919610207,15997590102745,60065627361703936,105451262434466439,1253,612,469262713763312,1639750690595797,625,945,469262713763312,850537129895277,0
38857407022133,21194946079124,39789984790664192,69856037797052497,1253,612,621718512354128,2172478922909669,625,945,621718512354128,1126862758420685,0
77282995918527,42154355016590,4946111738785728,8683563351681467,1253,612,1236527934696432,4320815305770347,625,945,1236527934696432,2241202802574307,0
8547108741549,4662058604834,2188059837836544,3841461598572947,1253,612,136753739864784,477860332631105,625,945,136753739864784,247865701329961,0
12786202956951,6974291460296,13093071827917824,22986917264550617,1253,612,12034073371248,42050815558495,625,945,204579247311216,370799208401479,0
12729866063481,6943562248016,13035382849004544,22885798359427667,1253,612,11981050412688,41865536615425,625,945,203677857015696,369165439983769,0
148552816327713,81028796369270,76059041959789056,133540481223701389,1253,612,2376845061243408,8305439699127533,625,945,2376845061243408,4308023675053813,0
577953248697871,315247177109862,147956031666654976,259785263969798527,1253,612,9247251979165936,32312788599599499,625,945,9247251979165936,16760612661471107,0
8590380441887,4685661322646,2199137393123072,3861332483747017,1253,612,137446087070192,480279584729531,625,945,137446087070192,249120562886195,0
573872659982811,313021401622030,146911400955599616,257954110347834289,1253,612,9181962559724976,32084646778540711,625,945,9181962559724976,16642275700338431,0
70493709568527,38451108203705,144371117196343296,253501178070984199,1253,612,1127899353096432,3941232780639557,625,945,1127899353096432,2044313681603677,0
12904679108281,7038914745950,6607195703439872,11602040811804723,1253,612,206474865732496,721487685033461,625,945,206474865732496,374234972374461,0
12720335665646,6938363785355,26051247443243008,45746344465669307,1253,612,25440671331292,88897652411737,625,945,25440671331292,46111127214427,0
4731826802374,2580996014829,9690781291261952,17017843678195541,1253,612,18927307209496,66137922299415,625,945,18927307209496,34305676875899,0
32430712332718,17689476525603,66418098857406464,116640156142545587,1253,612,64861424665436,226646069663115,625,945,64861424665436,117561098649709,0
32144964554402,17533614113989,65832887407415296,115614233739810357,1253,612,3781760535812,13214652003013,625,945,64289929108804,116525263983843,0
124644634578261,67987971013478,63818052904069632,112082032170632647,1253,612,117312597250128,409926829534609,625,945,1994314153252176,3614687076133705,0
20136312880245,10983441505018,20136312880245,35366872644397,1253,612,322181006083920,1125800961441817,625,945,322181006083920,583951871403329,0
29452559050185,16065029418164,30159420467389440,52973632604543069,1253,612,471240944802960,1646662859698841,625,945,471240944802960,854122431779617,0
14275467662091,7786617350830,3654519721495296,6419364339319609,1253,612,228407482593456,798126971149591,625,945,228407482593456,413987685622511,0
2300733373902,1254945251483,4711901949751296,8277238109129035,1253,612,4601466747804,16078959250993,625,945,4601466747804,8340140521427,0
827273242239,451239867622,211781950013184,372060119595139,1253,612,13236371875824,46252007751547,625,945,13236371875824,23990871268595,0
808989577697,441266960613,1656810655123456,2910823562667535,1253,612,12943833243152,45229785661359,625,945,12943833243152,23460645585751,0
2385597737425,1301234886296,2442852083123200,4291952553567951,1253,612,38169563798800,133376344432409,625,945,38169563798800,69182179218273,0
7045398000325,3842943639909,14428975104665600,25351676914622183,1253,612,112726368005200,393901034295411,625,945,112726368005200,204316080158267,0
6933841277047,3782094523854,887531683462016,1559441123592047,1253,612,110941460432752,387664005354723,625,945,110941460432752,201080938840859,0
8931672915202,4871820648905,18292066130333696,32142395368501449,1253,612,4465836457601,15605022529876,625,945,8931672915202,16188619628247,0
69983886870193,38173021750451,143327000310155264,251861584625616213,1253,612,1119742189923088,3912727639345187,625,945,1119742189923088,2029527965196171,0
1669440705711535,910603843003854,53422102582769120,93877248594023537,1253,612,26711051291384560,93336724261775451,625,945,26711051291384560,48413666714479187,0
68960330765765,37614718475441,141230757408286720,248185533040058147,1253,612,64903840720720,226794212098987,625,945,1103365292252240,1999844873052323,0
2837155606301,1547539115364,2905247340852224,5105541106756625,1253,612,2670264100048,9330733407261,625,945,45394489700816,82277317192213,0
2808373979141,1531840047564,2875774954640384,5053855636202765,1253,612,44933983666256,157013314958277,625,945,44933983666256,81442650999853,0
11024945494341,6013605425821,22579088372410368,39681821040224639,1253,612,176399127909456,616393407252355,625,945,176399127909456,319722648979019,0
1194968115650,651800657851,2447294700851200,4301247369108387,1253,612,4779872462600,16702360338151,625,945,4779872462600,8663497704147,0
2131229380350,1162488515509,4364757770956800,7671440018033933,1253,612,274997339400,960926185039,625,945,8524917521400,15451375140773,0
42562080156995,23215675340934,5447946260095360,9575267981892253,1253,612,21967525242320,76761361544001,625,945,680993282511920,1234297297434487,0
42401620304871,23128151794174,678425924877936,1192405875686695,1253,612,678425924877936,2370631052831347,625,945,23393997409584,42401516118247,0
3512347662618,1915825604327,7193288013041664,12643134613130575,1253,612,14049390650472,49092937515479,625,945,484461746568,878084751599,0
82777609470474,45151413989543,169528544195530752,297980207943408559,1253,612,19477084581288,68058985732387,625,945,331110437881896,600136176061807,0
81440877546254,44422287561583,166790917214728192,293178737902557999,1253,612,2395319927831,8369991991549,625,945,81440877546254,147611220439683,0
1904957894599,1039067725183,3901353768138752,6857681740211989,1253,612,30479326313584,106504235046001,625,945,30479326313584,55243640289673,0
243413109316846,132770759106491,498510047880900608,876269246159655339,1253,612,486826218633692,1701122045349805,625,945,486826218633692,882370304733423,0
77868057715245,42473476948639,159473782200821760,280345301818580633,1253,612,1245888923443920,4353522749653351,625,945,1245888923443920,2258167882068527,0
2330506382220,1271185021829,4772877070786560,8391249563312113,1253,612,18644051057760,65148100317793,625,945,18644051057760,33792253999361,0
4646838298420,2534638517583,9516724835164160,16731579979501811,1253,612,37174706387360,129899960326251,625,945,37174706387360,67378978510987,0
9278425385865,5060958193726,4750553797562880,8352093172934723,1253,612,148454806173840,518747160923269,625,945,148454806173840,269073629506253,0
9261879361227,5051933090366,2371041116474112,4168616741604707,1253,612,148190069779632,517822088768951,625,945,148190069779632,268593795422095,0
9214032460697,5025834783846,4717584619876864,8294262931874989,1253,612,147424519371152,515147015071941,625,945,147424519371152,267206237131405,0
4583008488035,2499822261193,9386001383495680,16502281124095311,1253,612,2365423735760,8265524451847,625,945,73328135808560,132906894957969,0
6838323604930,3729993870079,14004886742896640,24623416554486583,1253,612,882364336120,3083254742779,625,945,27353294419720,49577714784433,0
5106605627951,2785420635306,2614582081510912,4597009206373651,1253,612,81705690047216,285505028705955,625,945,81705690047216,148091170008859,0
8457701530239,4613290719811,17321372733929472,30455224000912505,1253,612,135323224483824,472861324486753,625,945,135323224483824,245272691093177,0
2791044461907,1522387548706,1429014764496384,2512617961607999,1253,612,44656711390512,156044400606391,625,945,44656711390512,80940072726095,0
71119938324782,38792684957927,145653633689153536,256103679861198023,1253,612,71119938324782,248515122193325,625,945,35559969162391,64452271173499,0
2270058871522667,1238213652713286,36320941944362672,63863719465139717,1253,612,2136525996727216,7465684449384663,625,945,36320941944362672,65831530415345695,0
211255010863079,115229980032569,432650262247585792,760749488658542231,1253,612,198828245518192,694767548022925,625,945,3380080173809264,6126378795456821,0
39285324665633,21428354073609,80456344915216384,141472979732023939,1253,612,628565194650128,2196401692120359,625,945,628565194650128,1139271330625615,0
65238888837382,35584840413139,133609244338958336,234938103907849267,1253,612,65238888837382,227964905552953,625,945,32619444418691,59122582639307,0
21683766169390,11827506142319,44408353114910720,78088055460051183,1253,612,10841883084695,37884901002838,625,945,21683766169390,39301719422757,0
34580496608045,18862084782192,35410428526638080,62266510659565247,1253,612,553287945728720,1933359620855013,625,945,553287945728720,1002831673072141,0
34519991860313,18829082196264,35348471664960512,62157825044389967,1253,612,32489404103824,113528050550577,625,945,552319869765008,1001077037776585,0
4309308704865,2350531487063,8825464227563520,15519013173955561,1253,612,4055819957520,14172292325851,625,945,68948939277840,124969611894259,0
4290425905215,2340231779333,8786792253880320,15451174027985251,1253,612,68646814483440,239873250610397,625,945,68646814483440,124422011450869,0
34142084078061,18622950702124,34961494095934464,61478978751857845,1253,612,546273345248976,1908848403525037,625,945,546273345248976,990117727053653,0
67727676273483,36942360412018,34676570252023296,60979153288187543,1253,612,1083642820375728,3786583888329295,625,945,1083642820375728,1964097211626407,0
33491800222851,18268250458118,4286950428524928,7538854358247853,1253,612,535868803565616,1872491667196703,625,945,535868803565616,971259521189815,0
8317426393626,4536776984161,17034089254146048,29955932865243089,1253,612,16634852787252,58127330376725,625,945,16634852787252,30150587041003,0
132104218329678,72056829643531,270549439139180544,475793366760600443,1253,612,15541672744668,54307420082197,625,945,264208436659356,478876458175687,0
933683070570779,509281556335654,7469464564566232,13136138655450171,1253,612,878760537007792,3070661573620295,625,945,14938929129132464,27076733430068751,0
16785211096861863,9155567557155646,537126755099579616,944618351970578537,1253,612,268563377549789808,938443645970743987,625,945,268563377549789808,486769761566367851,0
33521308836841851,18284346013677542,67042617673683702,117904972268004739,1253,612,536340941389469616,1874141412095208599,625,945,536340941389469616,972115237773721327,0
3133799130351243,1709344581287314,1604505154739836416,2821793848997956511,1253,612,2949458005036464,10306320001443167,625,945,50140786085619888,90879920279259815,0
584555226133471,318848230562322,299292275780337152,526362839835946109,1253,612,550169624596208,1922463097024467,625,945,9352883618135536,16952053962184187,0
582143788490285,317532901092894,298057619707025920,524196817250304337,1253,612,9314300615844560,32547051525452361,625,945,9314300615844560,16882122368865457,0
2897807,1844011,5795614,7938275,259,209,1053748,2371653,128,197,11591228,8171011,0
68651418763,43684979783,137302837526,195215394709,259,209,274605675052,618240074787,128,197,274605675052,193684843487,0
66415479343,42262146683,132830958686,189087735769,259,209,265661917372,598110442407,128,197,265661917372,187380077747,0
64531576399,41063331611,129063152798,183920422009,259,209,258126305596,581149993671,128,197,258126305596,182067896915,0
63812974933,40606052153,127625949866,181948887919,259,209,255251899732,574680537117,128,197,255251899732,180041595617,0
63247444297,40246178813,126494888594,180397028707,259,209,252989777188,569589145713,128,197,252989777188,178446916805,0
13660668979,8692641683,54642675916,78390493907,259,209,54642675916,123030385911,128,197,54642675916,38545800179,0
3256889689,2072435369,13027558756,18800031269,259,209,13027558756,29333588661,128,197,13027558756,9190671401,0
2990728751299,1903070281247,5981457502598,8635771324645,259,209,11962915005196,26936481242331,128,197,11962915005196,8439646424567,0
89839567661,57166934101,359358270644,519732335071,259,209,359358270644,809166586689,128,197,359358270644,253528323589,0
170729668345,108638940161,682918673380,989946132227,259,209,136583734676,307551412953,128,197,682918673380,481818002417,0
2136071423495,1359226909747,4272142846990,6199233075137,259,209,1708857138796,3847940434035,128,197,8544285693980,6028325650219,0
4931667774545,3138114613381,9863335549090,14366684871671,259,209,3945334219636,8884243018053,128,197,19726671098180,13918742977357,0
2273499501991,1446667137107,4546999003982,6648663149089,259,209,9093998007964,20478865604319,128,197,9093998007964,6416925372491,0
1111079416553,706998497341,2222158833106,3252946601447,259,209,4444317666212,10008301425777,128,197,4444317666212,3136063573573,0
542209345291,345016605191,1084418690582,1589371384573,259,209,2168837381164,4884125506659,128,197,2168837381164,1530435125279,0
65891038925,41927492809,65891038925,96711246667,259,209,52712831140,118708424793,128,197,263564155700,185987582113,0
7961818525,5066222417,15923637050,23412481117,259,209,6369454820,14344122609,128,197,31847274100,22474063769,0
7838967643,4988047607,15677935286,23069789593,259,209,31355870572,70614456147,128,197,31355870572,22127566415,0
7737793427,4923666511,15475586854,22787530265,259,209,30951173708,69703476363,128,197,30951173708,21842206951,0
258191843,164290879,516383686,761690165,259,209,1032767372,2325875067,128,197,1032767372,728842519,0
2425565597,1543417665,4851131194,7166550059,259,209,9702262388,21850563333,128,197,9702262388,6847224169,0
799584373,508785289,1599168746,2363860885,259,209,3198337492,7203045837,128,197,3198337492,2257199249,0
2377651291,1512927975,4755302582,7032566407,259,209,9510605164,21419131299,128,197,9510605164,6712078367,0
27370170469,17415937121,27370170469,40570602017,259,209,109480681876,246569808501,128,197,109480681876,77268416825,0
104454541603,66465430655,208909083206,310473816661,259,209,417818166412,941021684667,128,197,417818166412,294896528471,0
103032218569,65560354589,206064437138,306483979927,259,209,412128874276,928214409681,128,197,412128874276,290884574501,0
102038564215,64928056163,204077128430,303695934193,259,209,81630851372,183853410723,128,197,408154256860,288081758171,0
95079630145,60499834229,190159260290,284163606319,259,209,76063704116,171321037749,128,197,380318520580,268452485693,0
87692225395,55798974479,175384450790,263344012069,259,209,70153780316,158016581199,128,197,350768901580,247613347943,0
5376742295,3421243309,43013938360,64662155921,259,209,4301393836,9688695129,128,197,21506969180,15182394553,0
10676785099,6793680137,85414280792,128458597165,259,209,42707140396,96196278681,128,197,42707140396,30148423397,0
155037700851,98651049367,51679233617,77770912949,259,209,18792448588,42329537923,128,197,206716934468,145929953877,0
51338189067,32666665039,17112729689,25763140133,259,209,6222810796,14016782491,128,197,68450918756,48322624509,0
50789935713,32317793053,16929978571,25505121084,259,209,6156355844,13867176289,128,197,2184513364,1542164089,0
2326236528,1480189849,12406594816,18717864555,259,209,281968064,635140579,128,197,100053184,70634503,0
1248213904,794240855,19971422464,30162200879,259,209,4992855616,11246643981,128,197,4992855616,3524862533,0
36279602337,23084768893,12093200779,18274670082,259,209,4397527556,9905690881,128,197,48372803116,34150612615,0
4508429739,2868720221,12022479304,18174603357,259,209,546476332,1230974357,128,197,6011239652,4243887755,0
19645782061,12500638067,157166256488,237612307381,259,209,78583128244,177013873899,128,197,78583128244,55479147551,0
1252781410675,797146388111,2505562821350,3788923572661,259,209,1002225128540,2257585355727,128,197,5011125642700,3537833367527,0
623273371475,396589533487,1246546742950,1885637795837,259,209,498618697180,1123178264559,128,197,2493093485900,1760122417159,0
142458741513,90646642597,47486247171,71844065908,259,209,17267726244,38896984969,128,197,189944988684,134101404095,0
613501119,390371371,409000746,618830903,259,209,74363772,167510647,128,197,818001492,577510625,0
38732732717,24645673609,38732732717,58612127209,259,209,154930930868,348995384253,128,197,154930930868,109381782817,0
77190110299,49116129863,154380220598,233668824211,259,209,308760441196,695511146691,128,197,308760441196,217986761279,0
35291732553,22456155349,11763910851,17808605905,259,209,4277785764,9636117529,128,197,47055643404,33221656943,0
177453675,112913879,118302450,179141593,259,209,47320980,106595261,128,197,236604900,167045701,0
4373299425,2782732439,11662131800,17664464327,259,209,106019380,238819891,128,197,188098900,132800511,0
19025902955,12106188997,152207223640,230591366603,259,209,15220722364,34286350473,128,197,2454955220,1733238919,0
151516354285,96409889729,303032708570,459225187849,259,209,121213083428,273046516641,128,197,606065417140,427894220873,0
37803836771,24054587311,75607673542,114593050403,259,209,151215347084,340630485579,128,197,151215347084,106761259879,0
301562774885,191884413769,603125549770,914284854839,259,209,241250219908,543445613001,128,197,1206251099540,851641562353,0
30036823445,19112428969,60073646890,91089911909,259,209,24029458756,54129418569,128,197,120147293780,84827159473,0
18664389715,11876146607,37328779430,56623283437,259,209,14931511772,33635247471,128,197,74657558860,52710527879,0
36874421537,23463170917,73748843074,111958237841,259,209,147497686148,332260853913,128,197,147497686148,104139240013,0
2277314243,1449052726,36437027888,55358660071,259,209,2277314243,5130030978,128,197,2277314243,1607894887,0
565647353,359920714,9050357648,13756090285,259,209,565647353,1274220108,128,197,565647353,399377371,0
8999362715,5726281759,8999362715,13683718807,259,209,7199490172,16218171855,128,197,35997450860,25416284743,0
2242105355,1426648213,17936842840,27279594467,259,209,1793684284,4040611065,128,197,8968421420,6332248201,0
2238791033,1424539207,17910328264,27241956017,259,209,8955164132,20173208607,128,197,8955164132,6322897795,0
17870605405,11371036769,35741210810,54371125879,259,209,14296484324,32205589857,128,197,71482421620,50471115593,0
17791238095,11320532891,35582476190,54145760281,259,209,14232990476,32062643163,128,197,71164952380,50247203027,0
4418149693,2811259757,17672598772,26904398561,259,209,17672598772,39811205097,128,197,17672598772,12478123565,0
17575146175,11183026943,70300584700,107063889911,259,209,14060116940,31673443671,128,197,70300584700,49637557151,0
17505229075,11138536547,70020916300,106666570319,259,209,14004183260,31547516859,128,197,70020916300,49440303779,0
17437610821,11095508981,69750443284,106282267721,259,209,69750443284,157128651729,128,197,69750443284,49249535669,0
8623040747,5486816509,68984325976,105193554887,259,209,34492162988,77701921173,128,197,34492162988,24354590977,0
33983585171,21623642581,271868681368,414988662767,259,209,135934340684,306227683629,128,197,135934340684,95983520569,0
1080818575675,687721054391,2161637151350,3300970979941,259,209,864654860540,1947868730487,128,197,4323274302700,3052693633487,0
1078588740925,686302143521,2157177481850,3294626505571,259,209,862870992740,1943852556897,128,197,4314354963700,3046402589897,0
1075712642623,684471995915,2151425285246,3286442082961,259,209,4302850570492,9693361933047,128,197,4302850570492,3038288222531,0
1065140617357,677744699441,2130281234714,3256355947555,259,209,4260562469428,9598154970933,128,197,4260562469428,3008461228121,0
527179769123,335442189535,1054359538246,1612827086081,259,209,2108719076492,4750532406747,128,197,2108719076492,1489022058871,0
75139639631,47811019387,150279279262,229914714149,259,209,300558558524,677100719079,128,197,300558558524,212232854131,0
1043814297617,664174130437,39389218778,60294708307,259,209,4175257190468,9406098406233,128,197,4175257190468,2948292321613,0
129059064199,82119627539,4870153366,7460612729,259,209,516236256796,1162994774751,128,197,516236256796,364536619211,0
128272803361,81619306805,256545606722,393171193627,259,209,513091213444,1155913960329,128,197,513091213444,362318275517,0
127871996713,81364261853,255743993426,392028524179,259,209,511487986852,1152304419537,128,197,511487986852,361187443877,0
126398889803,80426881063,252797779606,387828360569,259,209,505595559212,1139038062147,128,197,505595559212,357031228927,0
249677788963,158868422399,499355577926,766754061925,259,209,998711155852,2249978245947,128,197,998711155852,705259632599,0
124226727481,79044671789,248453454962,381629959651,259,209,496906909924,1119476087649,128,197,496906909924,350902627445,0
61854639467,39357702247,123709278934,190076452781,259,209,247418557868,557408028483,128,197,247418557868,174721337983,0
493265233061,313861384201,986530466122,1516124175623,259,209,1973060932244,4445108175789,128,197,1973060932244,1393335719089,0
3931253585359,2501429964443,7862507170718,12086541647161,259,209,15725014341436,35426964597831,128,197,15725014341436,11104735599059,0
163089607401,103772784797,108726404934,167190298033,259,209,217452809868,489901917403,128,197,217452809868,153562224247,0
830408985,528382801,1107211980,1705357189,259,209,221442396,498897475,128,197,1107211980,781918859,0
554785935,353005421,1479429160,2283379863,259,209,13449356,30301225,128,197,739714580,522407939,0
974446517,620031339,7795572136,12042461117,259,209,354344188,798339273,128,197,3897786068,2752769527,0
17454108309,11105885149,23272144412,35963350853,259,209,2115649492,4766584777,128,197,23272144412,16435798767,0
4743052385,3017959049,18972209540,29326285363,259,209,3794441908,8548945761,128,197,18972209540,13399056313,0
9064934299,5767929815,18129868598,28033720813,259,209,36259737196,81694090611,128,197,36259737196,25608453743,0
56510676205,35957190113,113021352410,174794907373,259,209,45208540964,101856143745,128,197,226042704820,159643244201,0
207015841593,131722146653,138010561062,213456810163,259,209,25092829284,56534901329,128,197,276021122124,194940846679,0
206670905199,131502654347,137780603466,213127407265,259,209,25051018812,56440764407,128,197,275561206932,194616422689,0
7015362455,4463804683,7015362455,10855243909,259,209,5612289964,12644709435,128,197,28061449820,19818636691,0
3485239495,2217622067,6970478990,10790928457,259,209,2788191596,6281932275,128,197,13940957980,9845996459,0
433953131,276119854,6943250096,10751900503,259,209,433953131,977720256,128,197,433953131,306486925,0
6919681133,4402920106,110714898128,171489870601,259,209,6919681133,15590457918,128,197,6919681133,4887165097,0
882028625767,561225372947,1764057251534,2733255466081,259,209,3528114503068,7949076801183,128,197,3528114503068,2491815113483,0
93828,54725,7819,7961,51,46,62552,117197,24,37,62552,54533,0
236477836,137904391,59119459,61303419,51,46,472955672,885438445,24,37,472955672,410760213,0
33056692,19275115,16528346,17375589,51,46,66113384,123700069,24,37,66113384,57252561,0
4385116,2556587,1096279,1170687,51,46,8770232,16398073,24,37,8770232,7569153,0
6688004,3898887,3344002,3604785,51,46,13376008,24999209,24,37,13376008,11520357,0
10675468,6222999,2668867,2900895,51,46,21350936,39889213,24,37,21350936,18355269,0
38033356,22169667,9508339,10384692,51,46,76066712,142081993,24,37,76066712,65324073,0
137808556,80325711,34452139,37786299,51,46,275617112,514715845,24,37,275617112,236468973,0
62674004,36529961,15668501,17259327,51,46,125348008,234041651,24,37,125348008,107438907,0
27820300,16214439,6955075,7704267,51,46,55640600,103861837,24,37,2225624,1905213,0
6499300,3787859,3249650,3611679,51,46,12998600,24260197,24,37,519944,444753,0
1426060,831071,356515,398973,51,46,2852120,5321413,24,37,570424,487161,0
5923460,3451721,1480865,1674198,51,46,11846920,22093163,24,37,2369384,2018751,0
10809004,6298321,5404502,6142689,51,46,21618008,40305031,24,37,21618008,18395907,0
4227100,2463067,1056775,1202751,51,46,8454200,15761161,24,37,338168,287673,0
3349700,1951809,837425,953652,51,46,6699400,12489347,24,37,267976,227931,0
4150360,2418327,4150360,4728939,51,46,8300720,15474211,24,37,1660144,1411881,0
1545336,900431,515112,587177,51,46,1030224,1920505,24,37,1030224,876071,0
24451596,14247281,4075266,4648591,51,46,16301064,30386845,24,37,16301064,13859681,0
8021924,4674115,4010962,4579743,51,46,16043848,29905973,24,37,16043848,13637817,0
3702580,2157271,1851290,2124711,51,46,7405160,13799953,24,37,1481032,1257393,0
2708300,1577879,677075,781587,51,46,5416600,10091357,24,37,216664,183693,0
6518900,3797877,1629725,1886106,51,46,13037800,24286991,24,37,521512,441879,0
394706,229949,789412,915579,51,46,394706,735187,24,37,789412,668523,0
38284714,22303875,76569428,88870107,53,46,19142357,35653702,25,38,76569428,64832637,0
70333004,40974529,35166502,40817037,53,46,140666008,261997895,25,38,140666008,119103507,0
650422556,378922443,162605639,188736195,53,46,1300845112,2422891001,25,38,1300845112,1101435873,0
7804810884,4546917871,1300801814,1509842783,53,46,5203207256,9691240347,25,38,5203207256,4405594399,0
2707114644,1577107523,451185774,523701127,53,46,1804743096,3361423759,25,38,1804743096,1528083059,0
7798937508,4543493951,1299822918,1508785219,53,46,5199291672,9683923003,25,38,5199291672,4402223663,0
31180170852,18164893829,2598347571,3016167803,53,46,20786780568,38716282717,25,38,20786780568,17599953797,0
7792611012,4539805883,1298768502,1507646029,53,46,5195074008,9676041151,25,38,5195074008,4398592907,0
3895916148,2269675963,649319358,753752903,53,46,2597277432,4837535495,25,38,2597277432,2199073003,0
7791291972,4539036941,649274331,753704255,53,46,5194194648,9674397829,25,38,5194194648,4397835917,0
3894867324,2269064545,649144554,753564041,53,46,2596578216,4836228821,25,38,2596578216,2198471089,0
1350449964,786742309,225074994,261291029,53,46,900299976,1676840585,25,38,900299976,762258229,0
7780701252,4532863021,648391771,752750695,53,46,5187134168,9661203429,25,38,5187134168,4391757997,0
7618506044,4438368071,1904626511,2211370722,53,46,15237012088,28379302661,25,38,15237012088,12900351477,0
7608989300,4432820237,1902247325,2208799836,53,46,1383452600,2576703061,25,38,608719144,515358687,0
7760619900,4521156491,646718325,750942491,53,46,470340600,876016841,25,38,206949864,175209347,0
7918438644,4613097805,659869887,766217308,53,46,5278959096,9832142861,25,38,5278959096,4469304109,0
7598437652,4426669101,1899609413,2205949350,53,46,15196875304,28304296727,25,39,15196875304,12865801191,0
2580188156,1503155027,645047039,749136447,53,46,5160376312,9611199473,25,39,5160376312,4368724473,0
95857272,55844101,31952424,37109935,53,46,63904848,119022539,25,39,63904848,54100717,0
1932889896,1126053911,644296632,748325477,53,46,1288593264,2399995225,25,39,1288593264,1090889231,0
7730008308,4503311321,644167359,748185767,53,46,468485352,872549843,25,39,5153338872,4362666713,0
1932367536,1125749399,644122512,748137299,53,46,117113184,218122223,25,39,1288245024,1090589471,0
3864347280,2251272733,1288115760,1496134897,53,46,2576231520,4798205783,25,39,515246304,436191281,0
4415013180,2572076483,367917765,427342493,53,46,2943342120,5481939883,25,39,588668424,498345511,0
137899935,80337034,183866580,213571489,53,46,183866580,342448753,25,39,9193329,7782676,0
334726965,195003446,446302620,518424491,53,46,446302620,831230507,25,39,22315131,18890864,0
321523099,187311179,1286092396,1493948091,53,46,1286092396,2395321745,25,39,643046198,544368267,0
482268504,280957357,160756168,186737695,53,46,321512336,598810323,25,39,321512336,272174869,0
3857207064,2247110315,1285735688,1493562557,53,46,2571471376,4789310301,25,39,2571471376,2176858979,0
7408991644,4316288193,3704495822,4303409151,53,46,14817983288,27598139887,25,39,14817983288,12543965427,0
102007018988,59426661915,25501754747,29625035088,55,46,204014037976,379971048881,26,40,204014037976,172704846129,0
5414696787948,3154462883947,451224732329,524181534148,55,46,3609797858632,6723158319019,26,40,3609797858632,3055817067403,0
9633642000828,5612311674373,1605607000138,1865212327043,55,46,6422428000552,11961611413825,26,40,6422428000552,5436803847733,0
188892956580,110044170011,31482159430,36572433217,55,46,125928637720,234538927791,26,40,25185727544,21320571631,0
18889107540,11004307337,1574092295,1828604717,57,46,12592738360,23453658417,27,41,2518547672,2132035573,0
9240788418580,5383445202683,4620394209290,5367460627833,57,46,18481576837160,34421471200549,27,41,3696315367432,3129055324173,0
3860259679492,2248887808211,1930129839746,2242210853715,57,46,7720519358984,14379272638837,27,41,7720519358984,6535679077161,0
2248845971172,1310119706233,187403830931,217705038472,57,46,1499230647448,2792279250841,27,41,1499230647448,1269149059417,0
6755504070588,3935582569855,562958672549,653983121836,57,46,4503669380392,8387970570367,27,41,4503669380392,3812507258143,0
6764797166764,3940996487275,1691199291691,1964648336904,57,46,13529594333528,25198527995233,27,41,13529594333528,11453255541537,0
6297762232452,3668913958549,524813519371,609670536973,57,46,4198508154968,7819615343037,27,42,4198508154968,3554177709397,0
1949245303092,1135580069869,162437108591,188701610848,57,46,1299496868728,2420280035917,27,42,1299496868728,1100067503437,0
5201454855108,3030233523241,433454571259,503540012662,57,46,3467636570072,6458385337593,27,42,3467636570072,2935470109513,0
9240502651540,5383278613707,4620251325770,5367306192897,57,46,18481005303080,34420403153461,27,42,3696201060616,3128956932669,0
18480625757780,10766335970049,4620156439445,5367203635377,57,46,36961251515560,68839387766027,27,42,7392250303112,6257783185383,0
9240194558572,5383099009749,65071792666,75593516793,57,46,18480389117144,34419251663851,27,42,18480389117144,15644254271151,0
2597043414744,1512970496113,12192692088,14164187909,57,46,1731362276496,3224617814399,27,42,1731362276496,1465654596409,0
487279884168,283876688465,162426628056,188690282999,57,46,29532114192,55002803477,27,42,324853256112,274998833273,0
3940237147,2295480498,15760948588,18309426351,57,46,1432813508,2668578301,27,42,3940237147,3335538588,0
89954323514,52405067155,179908647028,208999432227,57,46,4088832887,7615345492,27,42,179908647028,152298449037,0
487255699008,283862589635,162418566336,188681569499,57,46,324837132672,605000707777,27,42,324837132672,274984954763,0
17847820224,10397678921,5949273408,6911290961,57,46,11898546816,22160730307,27,42,11898546816,10072489889,0
12254526352,7139170207,12254526352,14236171497,57,46,24509052704,45647458375,27,42,24509052704,20747658741,0
474078958492,276186143239,118519739623,137685260304,57,46,948157916984,1765918870261,27,42,948157916984,802644486261,0
1327724064646,773497708547,2655448129292,3084854352801,57,46,1327724064646,2472850690019,27,42,2655448129292,2247917425893,0
25552093392,14885988773,8517364464,9894696233,57,46,17034728928,31726727311,27,42,17034728928,14420411837,0
29602358352,17245568269,9867452784,11463114097,59,46,19734905568,36755732807,28,43,19734905568,16706189797,0
1688495147332,983673597461,422123786833,490385236035,59,46,3376990294664,6289553932567,28,43,3376990294664,2858723621631,0
14580127741,8494005272,58320510964,67751506497,59,46,58320510964,108620387981,28,43,14580127741,12342515139,0
64695565432,37689962799,64695565432,75157494171,61,46,129391130864,240987508171,29,44,129391130864,109533461781,0
1942728685464,1131783473633,647576228488,752295990179,61,46,1295152456976,2412186668399,29,44,1295152456976,1096385244329,0
1943932576236,1132484829193,323988762706,376381092575,61,46,1295955050824,2413681477237,29,44,1295955050824,1097064662521,0
1945177329128,1133209989965,1945177329128,2259732610737,61,46,353668605296,658698278851,29,44,3890354658256,3293301423999,0
924090742520,538351358717,924090742520,1073526093909,61,46,168016498640,312926211691,29,45,369636297008,312908143587,0
292159208860,170204395901,146079604430,169702291401,61,46,584318417720,1088277327403,29,45,116863683544,98928584091,0
2337239835572,1361615442789,584309958893,678800022834,61,46,4674479671144,8706092160671,29,45,4674479671144,3957085115151,0
1476129355932,859954753627,123010779661,142903275661,61,46,89462385208,166621268265,29,45,984086237288,833057857627,0
210873273996,122849310151,17572772833,20414542153,61,46,12780198424,23802772365,29,45,140582182664,119006917831,0
28045822164948,16338769794833,32917631649,38240915329,61,46,18697214776632,34823053224265,29,45,18697214776632,15827734561553,0
39020018578092,22732052445493,91596287742,106408816939,61,46,26013345718728,48449147580281,29,45,26013345718728,22021051044037,0
3224947945780,1878771165493,806236986445,936617989734,61,46,586354171960,1092068663789,29,45,1289979178312,1092004737843,0
11085543727500,6458150718947,923795310625,1073187394472,61,46,671851135000,1251304422697,29,45,295614499400,250246231547,0
56053208032500,32655147496421,4671100669375,5426490777746,61,46,37368805355000,69598380959381,29,45,1494752214200,1265350998221,0
1949128042519,1135511522734,7796512170076,9057331932651,61,46,7796512170076,14520791182355,29,45,1949128042519,1649993209626,0
2092592007767,1219089910916,8370368031068,9723991790835,61,46,8370368031068,15589581879679,29,45,2092592007767,1771439496243,0
16384686942,8822523737,174769994048,268178313109,689,505,65538747768,187321134905,343,526,5041442136,6774440827,0
43844380148690471,23608512382387393,701510082379047536,1077014333104473803,689,505,1403020164758095072,4010076632059479927,343,526,1403020164758095072,1885309997376375205,0
1523454304611353898,820321548414861929,16250179249187774912,24953596851008474401,689,505,12187634436890831184,34834391060445417199,343,526,12187634436890831184,16377150842542762325,0
4417756899987105093,2378792176169361167,23561370133264560496,36187872173090505053,689,505,141368220799587362976,404055144552411275869,343,526,141368220799587362976,189963776333435032919,0
617709101571098011,332612593039253363,4941672812568784088,7590969760246756199,689,505,19766691250275136352,56496671010891489807,343,526,19766691250275136352,26561526550336050605,0
259453564558467731,139705765479239889,4151257032935483696,6377690770838856653,689,505,8302514065870967392,23730043296316862923,343,526,8302514065870967392,11156519340759728673,0
693963718953474753,373672771595962747,3701139834418532016,5686763963213074013,689,505,22206839006511192096,63471049297765638089,343,526,22206839006511192096,29840485491705438619,0
616761039822068925,332102098226215687,657878442476873520,1010933869789039081,689,505,19736353274306205600,56409969972620522357,343,526,19736353274306205600,26520767613101243551,0
607243340588254725,326977183255241999,647726229960805040,995348591359576537,689,505,19431786898824151200,55539466121377266589,343,526,19431786898824151200,26111506213910632727,0
199583242370950175,107467899692383533,638666375587040560,981440137824303097,689,505,6386663755870405600,18254208924221403463,343,526,6386663755870405600,8582093511817769109,0
282521612997079575,152127022316251952,602712774393769760,926244811001155887,689,505,9040691615906546400,25839888377842634497,343,526,9040691615906546400,12148449897208547171,0
76155388077967947,41006747408068826,812324139498324768,1248448522388329589,689,505,2436972418494974304,6965296447401573289,343,526,2436972418494974304,3274687385149217435,0
176571803338611093,95077124831538844,1883432568945184992,2894637970051855141,689,505,5650297706835554976,16149546207361271291,343,526,5650297706835554976,7592600796250226065,0
525877007702942133,283164542480451460,5609354748831382752,8621055209732694301,689,505,16828064246494148256,48097572251842026827,343,526,16828064246494148256,22612750945194156673,0
3513704483897375,1891994721230052,22487708696943200,34562172236360921,689,505,112438543484716000,321369168957133297,343,526,112438543484716000,151089559883694771,0
42340693975556375,22798835207055013,135490220721780400,208243483566142537,689,505,1354902207217804000,3872549276962392543,343,526,1354902207217804000,1820653085791776349,0
116705214313537617,62841269215383031,622427809672200624,956739458650559927,689,505,3734566858033203744,10674050725804649249,343,526,3734566858033203744,5018333553700866595,0
106885885646018961,57553938395739895,570058056778767792,876328305318282071,689,505,3420348340672606752,9775959282103779809,343,526,3420348340672606752,4596102012497147491,0
845908340902681623,455489106408841090,9023022302961937312,13870920715253149481,689,505,27069066908885811936,77368171678978345517,343,526,27069066908885811936,36374129711580225703,0
2241385238133790259,1206899742996295961,35862163810140644144,55130639349673788017,689,505,71724327620281288288,205000790496979444187,343,526,71724327620281288288,96379754109475886417,0
829042499071403469,446407499271234526,8843119990094970336,13594685307960034123,689,505,26529359970284911008,75825594902687999567,343,526,26529359970284911008,35648897801754725197,0
101810387416703733,54820977811421887,542988732889086576,834763908635976893,689,505,3257932397334519456,9311746123427523149,343,526,3257932397334519456,4377855374035866919,0
1596424762721154213,859613333324009512,17028530802358978272,26179456538549355721,689,505,51085592407076934816,146011646341084602419,343,526,51085592407076934816,68646402840708952249,0
25178346100809164961,13557570970227627395,134284512537648879792,206450985817636369321,689,505,805707075225893278752,2302853153522376758809,343,526,805707075225893278752,1082671075178830788491,0
519192355157612228,279565114167830933,16614155365043591296,25543168978656100693,689,505,8307077682521795648,23743095660194900605,343,526,8307077682521795648,11162658361273627111,0
24065694720275400,12958450996335589,51340148736587520,78933185281245359,689,505,385051115524406400,1100544124417256827,343,526,385051115524406400,517413495772867361,0
58802746485371400,31663017320674699,125445859168792320,192889158164326769,689,505,940843943765942400,2689098388067648557,343,526,940843943765942400,1264261755792673751,0
54014923672121781,29084958883517936,576159185835965664,886016132724280337,689,505,1728477557507896992,4940294833781004115,343,526,1728477557507896992,2322646900949135129,0
5987544854218111,3224062611939140,191601435334979552,294645136160429501,689,505,191601435334979552,547630820288907729,343,526,191601435334979552,257465003948333651,0
161056176145831215,86722556335805278,343586509111106592,528370824421391969,689,505,5153797636666598880,14730466031117626493,343,526,5153797636666598880,6925431075917063959,0
640188471856633695,344716869260250424,1365735406627485216,2100259661913527567,689,505,20486031099412278240,58552703814072208169,343,526,20486031099412278240,27528166102003318747,0
1696295805914526327,913390048804265029,9046910964877473744,13912670647824855407,689,505,54281465789264842464,155146040130308559167,343,526,54281465789264842464,72940883960659856509,0
618281232379221978,332920663391250355,6594999812045034432,10142429345165427991,689,505,2473124929516887912,7068629074021444369,343,526,2473124929516887912,3323269217857069391,0
149269123459424646,80375681814234937,1592203983567196224,2448763839163259197,689,505,149269123459424646,426637603082629873,343,526,74634561729712323,100290425507776528,0
1182232781507583081,636586881963925525,1576310375343444108,2424354093343303679,689,505,37831449008242658592,108128985207502743869,343,526,37831449008242658592,50836128396390669751,0
590114596934081214,317754013540744091,6294555700630199616,9681004851706448963,689,505,4720916775472649712,13493216733386979853,343,526,4720916775472649712,6343746753393818303,0
196078950876136374,105580973484460519,2091508809345454656,3216747796589466223,689,505,1568631607009090992,4483427118863960465,343,526,1568631607009090992,2107853659500971179,0
20558772318618441,11070108164816209,54823392849649176,84319037880278143,689,505,657880714195790112,1880339673277105733,343,526,657880714195790112,884029284590916943,0
290416098755948949,156377899234391567,1548885860031727728,2382234672549997669,689,505,9293315160190366368,26561941893133123213,343,526,9293315160190366368,12487921685145246695,0
191318231930365729,103017509437522329,1530545855442925832,2354067154619739281,689,505,6122183421771703328,17498285479322483165,343,526,6122183421771703328,8226703482111190551,0
1140557040867319065,614146098549114907,1216594176925140336,1871208730969709749,689,505,36497825307754210080,104317255074380529137,343,526,36497825307754210080,49044069436318732051,0
189244740636522045,101901014125797481,50465264169739212,77619679349227093,689,505,6055831700368705440,17308640636182145921,343,526,6055831700368705440,8137543250440612483,0
377017630585155639,203009493266054495,1005380348227081704,1546365397621609877,689,505,12064564178724980448,34482663444755927131,343,526,12064564178724980448,16211796845772765329,0
2255815628938189935,1214669953288978097,2406203337534069264,3700972010493933233,689,505,72186100126022077920,206320673028939342607,343,526,72186100126022077920,97000304104612440941,0
1124301194049162405,605392950265128911,1199254606985773232,1844577395495005129,689,505,35977638209573196960,102830469218192124541,343,526,35977638209573196960,48345067188656288183,0
2239664547388829463,1205973217072797953,11944877586073757136,18372560831001015313,689,505,71669265516442542816,204843469168436642695,343,526,71669265516442542816,96305806765808348117,0
545489300195997633,293725007612279680,5818552535423974752,8949928845398967901,689,505,17455657606271924256,49891365636841930247,343,526,17455657606271924256,23456096970097815733,0
66364454873861769,35734706447658943,353943759327262768,544447706524264479,689,505,2123662555963576608,6069804393441546329,343,526,2123662555963576608,2853678595839753163,0
262633723788370575,141418158871928242,560285277415190560,861862658476363677,689,505,8404279161227858400,24020921238527628437,343,526,8404279161227858400,11293278118044730591,0
1040128553654139225,560069220836031451,1109470457231081840,1706675959958363253,689,505,33284113716932455200,95131904218648986161,343,526,33284113716932455200,44725639230849338323,0
85607338571972669,46096259201052836,2739434834303125408,4214096310617852719,689,505,2739434834303125408,7829791022599001027,343,526,2739434834303125408,3681124786536236777,0
21042841361320463,11330760725579621,336685461781127408,517939457356244849,689,505,673370923562254816,1924613652236635943,343,526,673370923562254816,904844466071785781,0
165365728588023295,89043084565335418,1058340662963349088,1628140977945196783,689,505,5291703314816745440,15124627793861434453,343,526,5291703314816745440,7110744467234435359,0
3912437725574823405,2106697235442451687,4173266907279811632,6420254708419109137,689,505,125198007218394348960,357838141791551407877,343,526,125198007218394348960,168235254403048503631,0
482193954539735238,259642898423861819,5143402181757175872,7912908570467752331,689,505,3857551636317881904,11025567863631903499,343,526,3857551636317881904,5183598422783196665,0
44416341304780839,23916491455593305,236887153625497808,364451007569741229,689,505,1421322921752986848,4062393463210435591,343,526,1421322921752986848,1909907661254861909,0
1398443500929633702,753008038447522753,14916730676582759488,22949987342145193109,689,505,2796887001859267404,7994000131348519091,343,526,2796887001859267404,3758326798545110371,0
3684397512914747589,1983906351743987695,19650120068878653808,30233077084451414829,689,505,117900720413271922848,336981216300469220381,343,526,117900720413271922848,158429512473706249879,0
453993153659006814,244457851800955213,4842593639029406016,7450838992308132673,689,505,226996576829503407,648796573853423336,343,526,453993153659006814,610054926907426049,0
445833822453836526,240064365768932389,4755560772840922944,7317143936043588217,689,505,222916911226918263,637136173797056252,343,526,445833822453836526,599090810894118449,0
589748952488723497,317557128040379847,9435983239819575952,14518863453591366241,689,505,18871966479639151904,53939436573351463145,343,526,18871966479639151904,25359273461990584443,0
881369258494833813,474583446548280383,4700636045305780336,7232770712603401613,689,505,28203816271834682016,80611523194874865325,343,526,28203816271834682016,37898980683556609607,0
1759132601980056855,947225246553607121,1876408108778727312,2887199705018611349,689,505,56292243263361819360,160893243579293442151,343,526,56292243263361819360,75642906811699460213,0
1203538579717950,648059234776543,2567548970064960,3950654525602643,689,505,9628308637743600,27519418636646387,343,526,9628308637743600,12938074802517841,0
27406594914701100,14757397251364399,58467402484695680,89963302694643649,689,505,438505518635217600,1253326769419630807,343,526,438505518635217600,589243389327730901,0
13608214090796088,7327499889863227,145154283635158272,223350234424770421,689,505,217731425452737408,622315145568204517,343,526,217731425452737408,292577399508430847,0
35906265272778984,19334142825446155,383000162909642496,589336158435050773,689,505,574500244364463744,1642023909276611773,343,526,574500244364463744,771986816292277127,0
428209699048148727,230574453169219459,285473132698765818,439272306173489329,689,505,13702710369540759264,39164784327948245747,343,526,13702710369540759264,18413067612118233049,0
427423212245101353,230150960275421969,1139795232653603608,1753867345040603559,689,505,13677542791843243296,39092850973871607781,343,526,13677542791843243296,18379248633124873775,0
426617445114969675,229717085667044363,227529304061317160,350113296272034807,689,505,13651758243679029600,39019154209905663343,343,526,13651758243679029600,18344600598916831949,0
824031900854886675,443709484753142833,878967360911879120,1352600475023854899,689,505,26369020827356373600,75367355811271546763,343,526,26369020827356373600,35433470926258567009,0
794311799955924825,427706353505769083,847265919952986480,1303897681040089829,689,505,25417977598589594400,72649107268949936113,343,526,25417977598589594400,34155504769220880659,0
393811875414843075,212052548142641863,105016500110624820,161617225389416461,689,505,12601980013274978400,36018703733304694943,343,526,12601980013274978400,16933959123066768349,0
194971828030980069,104984830399779007,1039849749498560368,1600324743650741589,689,505,6239098496991362208,17832455063178611933,343,526,6239098496991362208,8383812726105797335,0
767659924011802383,413355343387364483,1023546565349069844,1575277646045252377,689,505,24565117568377676256,70211483527663635355,343,526,24565117568377676256,33009472457369223377,0
3033161793530260209,1633240964509509907,16176862898828054448,24897351245411657129,689,505,97061177392968326688,277418144399154721193,343,526,97061177392968326688,130426337671910652475,0
504397253405457739,271598520858448997,8070356054487323824,12420905223555147427,689,505,16140712108974647648,46133032092342323403,343,526,16140712108974647648,21689145250532715425,0
753566346234867441,405766493818043683,4019020513252626352,6185628742986353121,689,505,24114123079515758112,68922462059380133897,343,526,24114123079515758112,32403447728911835995,0
494939154995629099,266505698639709357,7919026479930065584,12188406437813604007,689,505,15838052959860131168,45267979077573167003,343,526,15838052959860131168,21282446423180309265,0
2929952246989160925,1577666593316309047,3125282396788438320,4810329213574479361,689,505,93758471903653149600,267978431902084275317,343,526,93758471903653149600,125988320640156988831,0
730084730647607325,393122546968208833,97344630753014310,149830453536149213,689,505,23362711380723434400,66774795413841672113,343,526,23362711380723434400,31393736769220208659,0
181844868292995405,97916467466627927,193967859512528432,298552533014076457,689,505,5819035785375852960,16631842043902536517,343,526,5819035785375852960,7819352631171163151,0
58274935486309565,31378811390941691,186479793556190608,287047698153385813,689,505,1864797935561906080,5329925265538092461,343,526,1864797935561906080,2505829840724598983,0
112103416001951563,60363377798640071,224206832003903126,345145420903435253,689,505,3587309312062450016,10253170529686803543,343,526,3587309312062450016,4820461821800702981,0
191836690437015519,103296679382905489,1023129015664082768,1575016523821903069,689,505,6138774093984496608,17545712471493143135,343,526,6138774093984496608,8249003266743593821,0
670831546418117217,361216986241832485,223610515472705739,344229161099406332,689,505,21466609485379750944,61355402939252405093,343,526,21466609485379750944,28845845979018794287,0
670000762724652063,360769641176300747,446667175149768042,687607303310265881,689,505,21440024407188866016,61279418111634446779,343,526,21440024407188866016,28810122224767022129,0
445865442230192311,240081391776397857,7133847075683076976,10982006585266625203,689,505,14267694151366153952,40779617611131988391,343,526,14267694151366153952,19172273580786916917,0
165121578142699962,88911618927727427,1761296833522132928,2711444329522768999,689,505,660486312570799848,1887787844590262945,343,526,660486312570799848,887531257258893631,0
3362596485073175,1810628875090969,10760308752234160,16565769820165411,689,505,107603087522341600,307548848922401559,343,526,107603087522341600,144592106081167237,0
53055775937158550,28568494711768599,339556965997814720,522770542092630137,689,505,424446207497268400,1213143110796423841,343,526,424446207497268400,570351407467119963,0
630969018239116989,339752548000378423,3365168097275290608,5180989966304551349,689,505,20191008583651743648,57709511236439370389,343,526,20191008583651743648,27131754568429005823,0
52097568730327962,28052536985227969,555707399790164928,855578596056151609,689,505,416780549842623696,1191233312809684343,343,526,416780549842623696,560050663519117741,0
17215676644730082,9269979724008133,183633884210454208,282731295902655869,689,505,137725413157840656,393643853235710939,343,526,137725413157840656,185069121222999289,0
153916649714412108,82878195930373507,1641777596953729152,2527790030611715761,689,505,2462666395430593728,7038740878104300547,343,526,2462666395430593728,3309218684466794777,0
19204550048227356,10340911555726229,204848533847758464,315399556234676927,689,505,307272800771637696,878240605987678769,343,526,307272800771637696,412899164268029059,0
76667287943953098,41282385781193423,817784404735499712,1259124608280706571,689,505,38333643971976549,109564408868799445,343,526,76667287943953098,103022002403627641,0
25538181120853198,13751328284254245,817221795867302336,1258260065884040843,689,505,25538181120853198,72992688147964321,343,526,12769090560426599,17158521126229062,0
76523893488842334,41205173382320165,816254863880984896,1256774213398815273,689,505,153047786977684668,437437942311019441,343,526,153047786977684668,205658631583801349,0
305261524632457869,164371590047902421,814030732353220984,1253356456274120787,689,505,9768368788238651808,27919744797071966137,343,526,9768368788238651808,13126288242214459307,0
17400094687085084,10707750576667743,17817696959575126016,55518483671917199255,1293,1255,278401514993361344,2340981967950593509,645,1040,42831002306670976,233562808755277403,0
3570222510397296994632505429100,2197060006398336200979176303003,3655907850646832122503685559398400,11393466470616379485102921964780723,1293,1255,57123560166356751914120086865600,480332243128680449653095754140569,645,1040,114247120332713503828240173731200,623003824332447560370684920231307,0
678684132566767953512759539525,417651773887241737365306199357,694972551748370384397065768473600,2165868890846705134466015781271037,1293,1255,678684132566767953512759539525,5706819932242986423144577879021,645,1040,43435784484273149024816610529600,236860760810077192836698742751191,0
3225083634449156513874618870695,1984666851968711310119425793531,3302485641675936270207609723591680,10292226691859875667597308489237531,1293,1255,12900334537796626055498475482780,108474447444918924869552781122297,645,1040,206405352604746016887975607724480,1125554181328927866768559629377973,0
44974756936028892892047800191535,27676773499094697468707318376206,23027075551246793160728473698065920,71765995615386583228583639127588563,1293,1255,719596110976462286272764803064560,6050834595281217942066432264634913,645,1040,2878384443905849145091059212258240,15696190064474029369284486804213063,0
313583297513021968471219860675895,192974336931090398546440527167512,2508666380104175747769758885407160,7818697412957910498250553590637359,1293,1255,5017332760208351495539517770814320,42189014329899061441686331124868751,645,1040,20069331040833405982158071083257280,109440570040652755244711962874368251,0
36954245836913971601921025203117,22741074361177823385621985606370,18920573868499953460183564903995904,58970016430612444956500242145902133,1293,1255,591267933390623545630736403249872,4971767372297606872345922248291595,645,1040,2365071733562494182522945612999488,12897031700995392372012366699079557,0
69811655174413073474088139670161,42961018568869573392866267836186,35743567449299493618733127511122432,111403830811003508559939204796396897,1293,1255,1116986482790609175585410234722576,9392352665354093985248880056598583,645,1040,4467945931162436702341640938890304,24364267469168343878677746706438569,0
1112552433393758093057302917629251,684647651319235585364659799645176,8900419467150064744458423341034008,27740423277042149991100917407820643,1293,1255,17800838934300129488916846682068016,149681092462039963138992718931495803,645,1040,71203355737200517955667386728272064,388280796273126875913870182858433879,0
34689096590116401947995972141094,21347136363148549919162252621891,35521634908279195594747875472480256,110712273612063443207756995873621003,1293,1255,555025545441862431167935554257504,4667017677790798050187862160269963,645,1040,277512772720931215583967777128752,1513311827111251466248983326854239,0
8439167700688928766473377388630,5193333969654724130535929446187,375726422848063611168206019389440,1171054751264026837642588128832709,1293,1255,135026683211022860263574038218080,1135392636747390449572309298914451,645,1040,67513341605511430131787019109040,368158688073496105279215824516067,0
13090572376914037835120242855715,8055736847331713599382576096504,4553242565883143594824432297640,14191531256013316565704799531161,1293,1255,209449158030624605361923885691440,1761185464517109824702192686168667,645,1040,837796632122498421447695542765760,4568609723387071537274952718090167,0
15940595238677037352361288918035,9809597069955097452027124167802,8161584762202643124408979926033920,25438152669867815297980407596791081,1293,1255,255049523818832597637780622688560,2144623154815787924079862607856121,645,1040,1020198095275330390551122490754240,5563267693688119649784048299683011,0
1940443383434922291430820908481,1194119005190721107034217941077,86391914114667844627180896099328,269269285830209695503163611885395,1293,1255,7761773533739689165723283633924,65266066735509832087833253598669,645,1040,124188376539835026651572538142784,677214735316277885560124521231347,0
7619324678572726935351892566581,4688815186813984605209725225643,339225585689498799208710347312128,1057314546922232365057543262297117,1293,1255,60954597428581815482815140532648,512546108983481414511908172726097,645,1040,487636779428654523862521124261184,2659144291014230968102795643335755,0
59855570471091837375677908954339,36834197212979582709152857150168,1915378255074938796021693086538848,5969968195545232160767868721422035,1293,1255,957689127537469398010846543269424,8052876347849161659306754869728059,645,1040,3830756510149877592043386173077696,20889593921533944096031384996454583,0
938746472018480608084317423726667,577690136626757146439725502073040,120159548418365517834792630237013376,374522422804863480766526885454610267,1293,1255,15019943552295689729349078779626672,126297505837436869756308347943707755,645,1040,60079774209182758917396315118506688,327622515995823631268883011184039567,0
14748346189570823849888511546105823,9075905347428196900749407375543512,29496692379141647699777023092211646,91937936857575222595301576528760943,1293,1255,235973539033133181598216184737693168,1984219802101292386937509990667334391,645,1040,943894156132532726392864738950772672,5147172776741570133376155503022564099,0
3630905189634838370361643754719381,2234403193621438403832944692004200,116188966068314827851572600151020192,362149543887017360690562759213403129,1293,1255,58094483034157413925786300075510096,488496397093979854709096434874267005,645,1040,232377932136629655703145200302040384,1267185900410680964702179751297028321,0
893687955370754785533400236489295,549961818689695105462354874753368,155423992238392136614504388954660,484443088700571571147511952128671,1293,1255,14299007285932076568534403783828720,120235402335320806847086903964862439,645,1040,57196029143728306274137615135314880,311897093752386093665703727524140979,0
11113241092501471223777436066815,6838917595385518918193617314734,247390410406989272459741185487360,771095412133626095853836464156309,1293,1255,177811857480023539580438977069040,1495158355853672096642862429253457,645,1040,711247429920094158321755908276160,3878521107969516392167952415962007,0
1724089806306659934982487093360,1060978342342559674307425238597,1765467961658019773422066783600640,5502827041477825595581385479345357,1293,1255,27585436900906558959719793493760,231956389559448170534822744138531,645,1040,55170873801813117919439586987520,300853668607166814875599510412523,0
1622387182178458542077270881808,998392112109820364040549806387,1661324474550741547087125382971392,5178299766157296613842363218411371,1293,1255,25958194914855336673236334108928,218273474990634509527852870107941,645,1040,51916389829710673346472668217856,283106560773448359887558600601117,0
1526488857681303644095540517807,939377758573109666015495672837,1563124590265654931553833490234368,4872289278178021133487335317273333,1293,1255,12211910861450429152764324142456,102685730982227455750697195236393,645,1040,97695286891603433222114593139648,532744606450353978960818397017193,0
24264531793318463444260612215809,14932019565119050140292989803621,1080299154624265502909689865608192,3367318933479018536541590338342211,1293,1255,97058127173273853777042448863236,816128192348256500178813042646457,645,1040,1552930034772381660432679181811776,8468321518036604180934310077928467,0
772848117397109487837561975194443,475598841475144163345364873817912,268816736485951126204369382676328,837909384352659051441163265690129,1293,1255,12365569878353751805400991603111088,103977796461106558720566935394858691,645,1040,49462279513415007221603966412444352,269723990486789018798875166897926719,0
192693177315422565569970878533399,118580416809490775411928273405232,24664726696374088392956272452275072,76880706483135614263088385241277803,1293,1255,3083090837046761049119534056534384,25924643560961886662167439563687831,645,1040,12332363348187044196478136226137536,67249918262717063564347514062389675,0
47993535227265619934379595698427,29534483216778834510082615030360,1535793127272499837900147062349664,4787118821190350758182367443029473,1293,1255,767896563636249918950073531174832,6456976377294874893372450698584915,645,1040,3071586254544999675800294124699328,16749743639513735747392141498171887,0
5922052087029791446706712417854,3644339745864485985184363069235,6064181337118506441427673515882496,18902322158054750728583990218867387,1293,1255,94752833392476663147307398685664,796743774955808402187220507850675,645,1040,23688208348119165786826849671416,129174759946736227049010947384709,0
23407188504416947366267654414166,14404423695025809553328489826815,23968961028522954103058078120105984,74712552171712738641792645023776423,1293,1255,374515016070671157860282470626656,3149167122437047976640405179388575,645,1040,93628754017667789465070617656664,510569294474833775460257378876211,0
46606892894356827708144396057433,28681164858065731725716990643814,23862729161910695786569930781405696,74381510250415507257259533732526039,1293,1255,745710286309709243330310336918928,6270419651353686002835022754818387,645,1040,2982841145238836973321241347675712,16265805467581423016041280682616185,0
46491755991006985197727504865215,28610311379081213268156447871594,23803779067395576421236482490990080,74197808664077750383321012171428337,1293,1255,743868095856111763163640077843440,6254929309530157036134652315573237,645,1040,2975472383424447052654560311373760,16225622688500932814187776239245087,0
45662760027484972396254784844905,28100160016913820849783407316538,23379333134072305866882449840591360,72875140663649847594291737948047249,1293,1255,730604160439759558340076557518480,6143397468116517274161285828268399,645,1040,2922416641759038233360306230073920,15936303098590523691463761656548449,0
1396056382143558788600030479388,859111619780651305143734583233,1429561735315004199526431210893312,4456078021527182289232658614698697,1293,1255,22336902114296940617600487670208,187823277392948934141297512325299,645,1040,44673804228593881235200975340416,243611836350421001731925621031981,0
44010031861334936499787958494108,27083096530052260450212013426729,45066272626006974975782869497966592,140476378544460228166271891306522993,1293,1255,704160509781358983996607335905728,5921041963586352460539680176551307,645,1040,1408321019562717967993214671811456,7679750485682809507632693816842565,0
2782152161149741496618896727283115,1712093637630609632418936246250936,11128608644598965986475586909132460,34689178286796114732819795977545391,1293,1255,44514434578395863945902347636529840,374306470554052481726089484327101603,645,1040,178057738313583455783609390546119360,970971094812273131998522962903959583,0
8627275268631919552236714566975,5309092473004256569288482218423,8834329875079085621490395716582400,27537701631971822406079896118797943,1293,1255,8627275268631919552236714566975,72543771180114800075485796911694,645,1040,552145617192442851343149732286400,3010919039400511758246698326544949,0
266804244826536378294371267425,164187227585560797922118461939,273207546702373251373436177843200,851624283954372066474615839871299,1293,1255,2134433958612291026354970139400,17947716268369184382132629268611,645,1040,17075471668898328210839761115200,93114680531984233613806732770807,0
2116159585290584987449655196365,1302252052486513438083416111378,1083473707668779513574223460538880,3377339906271535082294429168749709,1293,1255,33858553364649359799194483141840,284704854224856947673005334097019,645,1040,135434213458597439196777932567360,738539687997918914523992862380229,0
41994327615038627904079296780895,25842663147716070734431027352536,167977310460154511616317187123580,523610050525172435423523428498681,1293,1255,671909241840618046465268748494320,5649852215727680783797048358557303,645,1040,2687636967362472185861074993977280,14656020192844504405306414816767363,0
1338105765128853507743919039564251,823449701617755750084307945370624,171277537936493248991221637064224128,533897989617555359137797518650851809,1293,1255,21409692242061656123902704633028016,180026690539064214220817038044972107,645,1040,85638768968246624495610818532112064,466998907406110323625756335809682303,0
42732585060995472827099244825507415,26296975422151052059756420484990872,85465170121990945654198489651014830,266408014252838305490567939265714331,1293,1255,683721360975927565233587917208118640,5749176236415488021052934325779203631,645,1040,2734885443903710260934351668832474560,14913672038473921520305693001729668251,0
330488742565215208804188538567745,203377687732440065209421047344086,169210236193390186907744531746685440,527455720723663694759370143813239343,1293,1255,5287819881043443340867016617083920,44463446861946239274650333227872203,645,1040,21151279524173773363468066468335680,115340570006282011850184933389782113,0
1274045490861988264718754151493,784027994376607917322568702333,1304622582642675983072004251128832,4066735294935769005570837441279037,1293,1255,1274045490861988264718754151493,10713007488157246790810199043289,645,1040,81538911415167248942000265695552,444641871852187435480071047316567,0
622381155109518040094703236128,383003787759703287912790467091,637318302832146473056976113795072,1986645278535126785251739141870795,1293,1255,9958098481752288641515251778048,83734202871579844939851039963733,645,1040,19916196963504577283030503556096,108605510464788677075873353087653,0
4865146533834805928047078506656,2993936328513725765152160465183,4981910050646841270320208390815744,15529688520185432399255594639285431,1293,1255,77842344541356894848753256106496,654549328023232051674516531104489,645,1040,155684689082713789697506512212992,848968061441358918487475402530425,0
9685069189635309925643432568013,5960042578237111885267102478110,4958755425093278681929437474822656,15457531708624972152154387453479427,1293,1255,154961107034164958810294921088208,1303014305079301882716686489822095,645,1040,619844428136659835241179684352832,3380089112412636001052822573804013,0
9653341759544476544684970479215,5940518005873522115506745264794,4942510980886771990878704885358080,15406909108213609312815747136764937,1293,1255,154453468152711624714959527667440,1298745745452189195235911827086837,645,1040,617813872610846498859838110669760,3369016239367891764706081379520687,0
152164959522322933814780251001815,93639975090660236598064492346704,19477114818857335528291872128232320,60714779923257984411287465581676623,1293,1255,2434639352357166941036484016029040,20472039497310282137836687144403767,645,1040,9738557409428667764145936064116160,53105570322001727373173407586157867,0
599927750284883386152100186851055,369186307867620424741260987034456,1199855500569766772304200373702110,3740249851840107047300262161619553,1293,1255,9598844004558134178433602989616880,80713356331659108413769503942192263,645,1040,38395376018232536713734411958467520,209374782660179867990755301236988883,0
37347543112005619440490277820505,22983103453541912134129463471746,19121942073346877153531022244098560,59607949156410274399635357791377813,1293,1255,597560689792089911047844445128080,5024680978439777560147515208852183,645,1040,2390242759168359644191377780512320,13034292409532472195172612656820353,0
1160091395169419430333775645322,713902397027334799710191329337,1187933588653485496661786260809728,3703097366434167142969945860067153,1293,1255,18561462322710710885340410325152,156076911111087881877601417612361,645,1040,1160091395169419430333775645322,6326123322805422232973721680997,0
566384286567255948374371745758,348544176349080467827389904081,579977509444870091135356667656192,1807953534642708368017180229330825,1293,1255,9062148585076095173989947932128,76200470337402161228574481547653,645,1040,9062148585076095173989947932128,49417028477448127544782689975189,0
1106023823529890967579052605383,680630045249163443541008813303,1132568395294608350800949867912192,3530560971639847699751703794859127,1293,1255,2212047647059781935158105210766,18600342901742198945269009121173,645,1040,70785524705913021925059366744512,386002310257679356891654439317917,0
17474534805210972390584298370757,10753559880129825525393885118034,8946961820268017863979160765827584,27890516429191523315716903396614605,1293,1255,279592556883375558249348773932112,2350997021977903903091358183526067,645,1040,1118370227533502232997395095728448,6098612580968212901814797702315229,0
138454323812490924564565390866445,85202660807686693844861567235688,4430538361999709586066092507726240,13811434006789354606904009082079099,1293,1255,2215269180999854793033046253863120,18627431664819392601886021264306549,645,1040,8861076723999419172132185015452480,48320558484702109392919462588823289,0
684341837709266073893126716403,421133438590317439943911491146,350383020907144229833280878798336,1092262163962985112197728322044625,1293,1255,10949469403348257182290027462448,92070297742057864284067729940873,645,1040,43797877613393028729160109849792,238835298746320214110920544407171,0
27029203830861883652495750322155,16633356203607307293723101204906,13838952361401284430077824164943360,43140857866567273444775497247308193,1293,1255,432467261293790138439932005154480,3636467489291856527049297854718113,645,1040,1729869045175160553759728020617920,9433192033063391660296297353301083,0
8613118189756807350582134699576635,5300380424465725772776114829738296,8613118189756807350582134699576635,26850139363466670920282899636062359,1293,1255,137809891036108917609314155193226160,1158795666875041928067591929494018483,645,1040,551239564144435670437256620772904640,3005978215044491743590568377453833583,0
67163094513653105581967341583135,41331135085324973785926794146487,68775008781980780115934557781130240,214396183964654528056892581289213047,1293,1255,67163094513653105581967341583135,564751211331634222574624442003836,645,1040,4298438048873798757245909861320640,23439919726285797249740404169685141,0
66840210892308603334182732651785,41132437472189895513896771095217,68444375953724009814203118235427840,213365809537371269320053516903400177,1293,1255,66840210892308603334182732651785,562036194731171654860048599416276,645,1040,4277773497107750613387694889714240,23327233343059280238789557217930531,0
8508178277005811069205512783627983,5235802016618958841557931928231512,17016356554011622138411025567255966,53046215037168935115856851435221533,1293,1255,136130852432092977107288204538047728,1144677212480463480664314873212729191,645,1040,544523409728371908429152818152190912,2969354185697144124557411700689092659,0
2113918647873514990058833533841339,1300873014076008771950007462901144,67645396731952479681882673082922848,210875890305161873294878154056890523,1293,1255,33822698365976239840941336541461424,284403361854279983464176681641527507,645,1040,135290793463904959363765346165845696,737757599888841374159431827476295471,0
525066706510590469331148082833259,323117973237286329856253666435128,4200533652084723754649184662666072,13094654590902690117835633294981855,1293,1255,8401067304169447509298369325332144,70641666687666139982262951002016739,645,1040,33604269216677790037193477301328576,183248278524093084372520555452258783,0
16257414178533135890006408104202,10004562571405003192484891951039,723808352992083963102893995595776,2256391515113025922913234060947025,1293,1255,260118626856530174240102529667232,2187247485599579236954543456669907,645,1040,260118626856530174240102529667232,1418459371149858619796686202603541,0
1003488337024850135775467002298,617531284322984480987627230163,44677045961454197349307748276224,139276249310277802061934840830909,1293,1255,16055813392397602172407472036768,135007776626804637019427519964239,645,1040,16055813392397602172407472036768,87554356416166266473134198902903,0
7926297476579890720602031066573,4877721524049161787822963114886,4058264308008904048948239906085376,12651287847346039519257889416594775,1293,1255,126820759625278251529632497065168,1066391864949507675810360204512743,645,1040,507283038501113006118529988260672,2766277787871146873294025294735261,0
31391642234599962588864254975419,19317933682830739312744065682264,1004532551507198802843656159213408,3131553452658397202469462614994553,1293,1255,502266275753599401421828079606704,4223383238490358063867993570683667,645,1040,2009065103014397605687312318426816,10955683014679037080871096861179311,0
31136272893838797133392650159977,19160783319285406752839416099960,1992721465205683016537129610238528,6212173508071843508812962932393321,1293,1255,498180366301420754134282402559632,4189026240312860596599450561118465,645,1040,1992721465205683016537129610238528,10866559115263157712993752574975237,0
61882525915278166203671807996789,38081554409401934740752739386560,7920963317155605274069991423588992,24693114849332036456026158979520999,1293,1255,990120414644450659258748927948624,8325579807104500218284688279616325,645,1040,3960481658577802637034995711794496,21597001295842210576387005500288529,0
246923636530204321372050292431953,151953007095510296911566514361624,15803112737933076567811218715644992,49265269621951059252010137478361503,1293,1255,3950778184483269141952804678911248,33220726073777654753342154977340617,645,1040,15803112737933076567811218715644992,86176348155900088071654114113478285,0
17588130274397288246453076801985,10823464784244481172918294796832,2251280675122852895545993830654080,7018240877658244354653002539150999,1293,1255,281410084390356611943249228831760,2366279981145808226799245238328561,645,1040,1125640337561426447772996915327040,6138257394925194049701532286077101,0
61519232634814476521929594319585,37857989313731971899931408488752,7874461777256252994806988072906880,24548196845953039024426412340939689,1293,1255,984307722157031624350873509113360,8276702888139060112165933809070721,645,1040,3937230888628126497403494036453440,21470211941691155556641996113007661,0
15366772369591123027784751978947,9456475304363764605538466685662,7867787453230654990225793013220864,24527396885427513833214444509077739,1293,1255,245868357913457968444556031663152,2067421907025339788327677287063461,645,1040,983473431653831873778224126652608,5363003495048789181940563357050283,0
1917339879847121155086115356769,1179901464521304900151265147164,490839009240863015702045531332864,1530164678758692723841477560481349,1293,1255,30677438077553938481377845708304,257955956882801261246684574808117,645,1040,122709752310215753925511382833216,669151610331401027919701908035861,0
30636627741558435192223411521703,18853309379420568690554182110982,15685953403677918818418386699111936,48900152535312002445441529518125263,1293,1255,490186043864934963075574584347248,4121804750313616426752149842485601,645,1040,1960744175459739852302298337388992,10692182958122351201113354201293039,0
30571754485148943538070244153655,18813387375476266141365817635718,15652738296396259091491965006671360,48796640419672464537645881270079439,1293,1255,489148071762383096609123906458480,4113076802214807152344849876338289,645,1040,1956592287049532386436495625833920,10669542191766404719355100207135039,0
951904283838563170794867658280,585787251592961738983573079513,974749986650688686893944482078720,3038738716895343015859142739713473,1293,1255,15230468541417010732717882532480,128067737481837376442683660396199,645,1040,30460937082834021465435765064960,166107295602853571564575290041187,0
15091134716280370460213731010744,9286852133095609210053440868611,15453321949471099351258860555001856,48175175338197674881749239012857723,1293,1255,241458155460485927363419696171904,2030338041264375908643038903307773,645,1040,482916310920971854726839392343808,2633402977300468617822023784962961,0
478035160570158577481940566564023,294175483427789786196709687973272,1912140642280634309927762266256092,5961049899392059451672682319704221,1293,1255,7648562569122537239711049065024368,64314114862751775510928633053129871,645,1040,30594250276490148958844196260097472,166834269084759586158555537085069179,0
3799272573565882189746676660013897,2338013891425157412326153824187912,121576722354108230071893653120444704,379013180009911369299050248204903229,1293,1255,60788361177054115035946826560222352,511148285404916859856342650847114961,645,1040,243153444708216460143787306240889408,1325946112591875473203341384799313733,0
30235007204717117813503582668930079,18606158279825911806179781105549016,60470014409434235627007165337860158,188514482982719799682175630983239859,1293,1255,483760115275473885016057322702881264,4067771341097420920041376171333886263,645,1040,1935040461101895540064229290811525056,10552017390112379021987397000970196547,0
117379755218694903072722261448631,72233695519196836760508525328171,120196869343943580746467595723398144,374712956608383586795517110827774539,1293,1255,469519020874779612290889045794524,3948022908230796629082786662842897,645,1040,7512304333996473796654224732712384,40965534087138535591343589939391269,0
14531617928159614170784428013145,8942534109636682325990872934213,14880376758435444910883254285460480,46389629262141398167588916744000293,1293,1255,58126471712638456683137712052580,488765378376053379961486769839031,645,1040,930023547402215306930203392841280,5071534596695645703434098360596939,0
28917458960466051693343558950385,17795359360286794423601439150274,14805738987758618466991902182597120,46157024623873926203684781821676757,1293,1255,462679343367456827093496943206160,3890510427743738948833076479863727,645,1040,1850717373469827308373987772824640,10092193057041391875701596319187897,0
28878556301022836586058930308523,17771419262167892823570725046454,14785820826123692332062172317963776,46094950731488353957001630280788119,1293,1255,462056900816365385376942884936368,3885276523800834678419420133629557,645,1040,1848227603265461541507771539745472,10078616028976540446522971172912195,0
57503440288968587537526257931103,35386732485519117593382961235636,14720880713975958409606722030362368,45892568236762579889448851254182735,1293,1255,920055044623497400600420126897648,7736424364919829394474041349667643,645,1040,3680220178493989602401680507590592,20068700421216905445017376702452491,0
1784928225044430086686437209653,1098417369258110411494979498949,1827766502445496408766911702684672,5698102839361270909892027483451973,1293,1255,3569856450088860173372874419306,30017687072992258741540181967199,645,1040,114235406402843525547931981417792,622939943077127213829820609737335,0
1764399847218667685410579258697,1085784521365333551539510127049,1806745443551915709860433160905728,5632591647508938837587428059097545,1293,1255,3528799694437335370821158517394,29672455027227021825155023930389,645,1040,112921590221994731866277072556608,615775539258930777225911730524339,0
6980609237456118090541379105767,4295759530742224891356430494328,223379495598595778897324131384544,696395970897624724917372306400267,1293,1255,111689747799297889448662065692272,939160424362571551569487244038879,645,1040,446758991197191557794648262769088,2436232594353190873428007012660011,0
3474869111375603776163266640021,2138380991615755358796989496314,1779132985024309133395592519690752,5546538390132222569694855485253761,1293,1255,55597905782009660418612266240336,467503542772393434872444398716827,645,1040,222391623128038641674449064961344,1212729305143273231253061006504093,0
27652891231617402285578660646865,17017163834841471857450032054438,14158280310588109970216274251194880,44139246462678792040261779324972439,1293,1255,442446259705878436569258570349840,3720377431267368679411739234309899,645,1040,1769785038823513746277034281399360,9650858922329710617965651601045009,0
13756162491818087996356704544505,8465330764195743231468534151511,14086310391621722108269265453573120,43914954160847700901861225359321991,1293,1255,110049299934544703970853636356040,925366466137654015642007587493389,645,1040,880394399476357631766829090848320,4800900651041741906721781300512423,0
13722106222852909497972771356099,8444373060217171851845806542317,14051436772201379325924117868645376,43806271422235190012881082331296509,1293,1255,109776849782823275983782170848792,923075527125241486505674594862143,645,1040,878214798262586207870257366790336,4789015013245483029525421521352605,0
217846787474161770261886975174079,134059561522561038011282349032072,13942194398346353296760766411141056,43465820229894162787370743317692419,1293,1255,3485548599586588324190191602785264,29308771541613821886392044725168551,645,1040,13942194398346353296760766411141056,76028527895642034467490007843337475,0
108009409084061660148374613840007,66467328667114842201432250556056,864075272672493281186996910720056,2693826424497536979078432042030979,1293,1255,1728150545344986562373993821440112,14531419681922530600108083663945823,645,1040,6912602181379946249495975285760448,37695283305880662439391443092123915,0
6664228508073819417717178740220,4101063697276194976099066928461,6824169992267591083742391029985280,21275013820166527820383788764855861,1293,1255,106627656129181110683474859843520,896595047840844300057783404337703,645,1040,213255312258362221366949719687040,1162907860237528684772422700141169,0
163923849145721958439222303540,100876214858905781183159425999,167858021525219285441763638824960,523316733117245949249379868807879,1293,1255,2622781586331551335027556856640,22054062399726336875218834913677,645,1040,5245563172663102670055113713280,28604711318312480192346738072651,0
3249051561561348568100777013085,1999416345576213719095110618818,1663514399519410466867597830699520,5186214673812014148088052197863909,1293,1255,51984824984981577089612432209360,437122397082202012417514492651739,645,1040,207939299939926308358449728837440,1133918980744630849077259175532469,0
25850905163105705180380951752389,15908249331141966160997277420004,6617831721755060526177523648611584,20631960492929733172201625179069599,1293,1255,413614482609691282886095228038224,3477940998297790906441330223811537,645,1040,1654457930438765131544380912152896,9021965788312356141527495966018201,0
2026794,1302935,16214352,26951173,157,153,1351196,4295537,77,119,144771,144913,0
368641689438,236982471137,368641689438,620038562783,157,153,245761126292,781413658427,77,119,184320844719,184686654895,0
116060089673,74609550417,7427845739072,12520728831857,157,153,464240358692,1476126341137,77,119,232120179346,232624365895,0
49002539234,31501399971,392020313872,662236133347,157,153,98005078468,311631874343,77,119,24501269617,24559019455,0
45098495209,28991666721,2886303693376,4881555678001,157,153,180393980836,573617317361,77,119,90196990418,90418708295,0
13885714273,8926459182,888685713472,1504738027687,157,153,55542857092,176618074997,77,119,27771428546,27842422085,0
12081197888,7766417607,386598332416,656039073301,157,153,12081197888,38417571073,77,119,12081197888,12114372425,0
7741385536,4976558799,247724337152,421446947117,157,153,7741385536,24618047801,77,119,7741385536,7764341185,0
554520010680,356473408591,17744640341760,30324039413921,157,153,184840003560,587837668117,77,119,554520010680,556379353213,0
667865180790,429336880661,667865180790,1146369919703,157,153,445243453860,1416071652919,77,119,333932590395,335180377339,0
417969156380,268691226031,13375013004160,22985738128311,157,153,104492289095,332337374329,77,119,417969156380,419575282383,0
1465418942,942043433,5861675768,10084238713,157,153,2930837884,9321654929,77,119,732709471,735592355,0
46673099772,30003754973,1493539192704,2572915280209,157,153,7778849962,24741424917,77,119,46673099772,46862255345,0
3142612829814,2020224609881,25140902638512,43378191921547,157,153,2095075219876,6663744404511,77,119,1571306414907,1577890422265,0
3070844346314,1974088033631,24566754770512,42410980857047,157,153,6141688692628,19534838323283,77,119,1535422173157,1541930139515,0
3037874967214,1952893573381,24302999737712,41966656206097,157,153,6075749934428,19325177251633,77,119,1518937483607,1525410510865,0
327563102145,210573419221,20964038537280,36233504962417,157,153,436750802860,1389193385523,77,119,655126204290,657969769271,0
29628403950,19046566717,237027231600,410111113043,157,153,19752269300,62827888203,77,119,14814201975,14879903813,0
72802022900,46800625889,2329664732800,4038647903249,157,153,18200505725,57893598016,77,119,72802022900,73137272617,0
136377824460,87670153453,4364090382720,7578485540153,157,153,22729637410,72301938883,77,119,136377824460,137026473289,0
2800389185,1800223096,179224907840,311418731907,157,153,11201556740,35631934189,77,119,5600778370,5627710161,0
65802206580,42300777479,2105670610560,3660158574979,157,153,10967034430,34886105319,77,119,65802206580,66120801827,0
17184084656,11046743019,549890708992,956198723497,157,153,17184084656,54662808361,77,119,17184084656,17267851805,0
71204973552,45773920883,2278559153664,3964221208609,157,153,23734991184,75501877499,77,119,71204973552,71555344565,0
70573394142,45367908683,1129174306272,1965017976527,157,153,47048929428,149664887743,77,119,35286697071,35461103530,0
168765713223,108490555472,10801005646272,18802705902917,157,153,225020950964,715805828169,77,119,337531426446,339210036775,0
351391134603,225890760277,22489032614592,39164833468207,157,153,468521512804,1490404553289,77,119,702782269206,706301565185,0
22656942394,14564947661,362511078304,631520579079,157,153,45313884788,144147756463,77,119,11328471197,11385524880,0
10542285304,6777075621,337353129728,587994173123,157,153,10542285304,33536246249,77,119,10542285304,10595856295,0
319565258296,205431522569,10226088265472,17829640661967,157,153,319565258296,1016579297141,77,119,319565258296,321198567075,0
211463177854,135938431571,3383410845664,5900400433299,157,153,422926355708,1345388646973,77,119,105731588927,106274005710,0
2392977358,1538317677,19143818864,33401713739,157,153,4785954716,15224904241,77,119,1196488679,1202678885,0
78212058202,50278349793,1251392931232,2185958199997,157,153,156424116404,497618806039,77,119,39106029101,39312403310,0
160106020062,102923572363,2561696320992,4478925660847,157,153,106737346708,339558837823,77,119,80053010031,80481982730,0
52992915594,34066300921,847886649504,1482780672709,157,153,35328610396,112389694261,77,119,26496457797,26638945070,0
2064814267,1327358113,132148113088,231191364743,157,153,8259257068,26275035803,77,119,4129628534,4151980825,0
19468181574,12515046761,155745452592,272537313637,157,153,12978787716,41289332311,77,119,9734090787,9786977125,0
57900676392,37221227683,1852821644544,3243095519429,157,153,19300225464,61399909309,77,119,57900676392,58216625185,0
1603890795,1031054962,102649010880,179723741629,157,153,2138521060,6803315661,77,119,3207781590,3225367367,0
800723626440,514741957409,25623156046080,44897828691439,157,153,266907875480,849128207163,77,119,800723626440,805169441747,0
6589469232182,4236012683253,6589469232182,11556744339017,157,153,13178938464364,41927388047429,77,119,3294734616091,3313292668795,0
136311544204,87627299511,4361969414528,7651826339063,157,153,34077886051,108415503266,77,119,136311544204,137082060415,0
8023768720,5158045649,256760599040,450452816619,157,153,8023768720,25526876939,77,119,8023768720,8069187207,0
11983428880,7703496071,383469724160,672840514701,157,153,11983428880,38124242981,77,119,11983428880,12051408753,0
133002118504,85499830461,4256067792128,7471923562163,157,153,133002118504,423138060989,77,119,133002118504,133763241415,0
2088577799594,1342632882651,2088577799594,3668901675089,157,153,4177155599188,13289476007243,77,119,1044288899797,1050321046165,0
2036915729134,1309421852601,1018457864567,1790540801237,157,153,4073831458268,12960902966953,77,119,1018457864567,1024415222375,0
1986604878194,1277079461751,1986604878194,3495500189039,157,153,3973209756388,12640920778343,77,119,993302439097,999185485465,0
472945155117,304030517188,30268489927488,53269677137743,157,153,7597512532,24171852097,77,119,945890310234,951510345125,0
148285760358,95324770817,1186286082864,2089058375299,157,153,1191050284,3789417229,77,119,74142880179,74587549345,0
455684986387,292934798563,29163839128768,51389643950363,157,153,1822739945548,5799236741963,77,119,911369972774,916886502445,0
5670977939582,3645559395153,5670977939582,9994923464567,157,153,11341955879164,36085718487329,77,119,2835488969791,2852705122495,0
349519553672,224686841733,11184625717504,19721943781819,157,153,349519553672,1112043545437,77,119,349519553672,351656610575,0
1423446561,915055169,91100579904,160706381849,157,153,1897928748,6038552003,77,119,2846893122,2864407615,0
484097269608,311199384227,15491112627456,27330597433381,157,153,161365756536,513410863661,77,119,484097269608,487080948545,0
7311649782706,4700255453079,7311649782706,12901360907101,157,153,14623299565412,46526438420167,77,119,3655824891353,3678397588505,0
10926392194334,7023973269681,21852784388668,38564092319503,157,153,21852784388668,69528363148913,77,119,5463196097167,5496991626295,0
1813181183834,1165593858051,1813181183834,3200241237749,157,153,3626362367668,11537915212403,77,119,906590591917,912210983725,0
3547049661818,2280201472227,7094099323636,12530661314071,157,153,7094099323636,22571381414531,77,119,1773524830909,1784642457925,0
20831811344318,13391613154737,20831811344318,36823827850103,157,153,41663622688636,132563052860801,77,119,10415905672159,10481898974815,0
1366674200944,878558800831,43733574430208,77321900723653,157,153,1366674200944,4348421897189,77,119,1366674200944,1375357389545,0
1317609956,847018019,42163518592,74580075647,157,153,658804978,2096169293,77,119,1317609956,1326035455,0
19704450032,12666891213,630542401024,1115858868079,157,153,19704450032,62695555687,77,119,19704450032,19831302395,0
50117258619,32217586961,3207504551616,5677226284391,157,153,805096524,2561659699,77,119,100234517238,100881335545,0
265392228258,170605831417,4246275652128,7517763341623,157,153,2131664484,6782564179,77,119,132696114129,133555471220,0
25727699941,16538898909,1646572796224,2916108367309,157,153,102910799764,327444748109,77,119,724723942,729438685,0
48917055594,31446035711,391336444752,693265298827,157,153,32611370396,103764289121,77,119,344486307,346736405,0
48358294314,31086835711,386866354512,685633334867,157,153,32238862876,102579636481,77,119,24179147157,24337989635,0
24857082571,15979222059,1590853284544,2820969249139,157,153,99428330284,316369748099,77,119,49714165142,50043201365,0
195894767018,125929721847,1567158136144,2780490625789,157,153,391789534036,1246639951571,77,119,97947383509,98600535655,0
35979977749,23129497926,2302718575936,4088682988051,157,153,143919910996,457945535801,77,119,71959955498,72444798665,0
35445858079,22786138926,2268534917056,4030240097281,157,153,141783432316,451150955291,77,119,70891716158,71372936195,0
121958796922,78400390223,975670375376,1735535227821,157,153,243917593844,776152863979,77,119,60979398461,61400236335,0
471216037238,302917938517,471216037238,839317229673,157,153,942432074476,2998902776741,77,119,235608018619,237262245915,0
349570253086,224718768669,2796562024688,4983282545453,157,153,699140506172,2224740835417,77,119,174785126543,176019042785,0
86536274954,55629227211,43268137477,77130523342,157,153,173072549908,550738621403,77,119,609410387,613733795,0
3203101100,2059089913,102499235200,182963109933,157,153,1601550550,5096433119,77,119,45114100,45439659,0
432363984700,277941888301,13835647510400,24731277879841,157,153,216181992350,687945157663,77,119,432363984700,435538610753,0
578109905616,371633490869,18499516979712,33083799204727,157,153,192703301872,613234288477,77,119,578109905616,582379788035,0
11908021680,7654978823,381056693760,681781716733,157,153,3969340560,12631604111,77,119,11908021680,11996473409,0
220801762620,141940668907,7065656403840,12648472536347,157,153,18400146885,58555099156,77,119,220801762620,222452472931,0
308174055586,198107230719,154087027793,275966348783,157,153,616348111172,1961428250767,77,119,154087027793,155245573985,0
581253974298,373654469347,581253974298,1041075696703,157,153,387502649532,1233165624497,77,119,290626987149,292813748525,0
36131878953,23227087967,2312440252992,4142710705637,157,153,48175838604,153312447059,77,119,72263757906,72808969675,0
1573807358,1011709257,6295229432,11283835217,157,153,3147614716,10016892401,77,119,786903679,792878755,0
519059631,333673219,33219816384,59571035119,157,153,692079508,2202470973,77,119,1038119262,1046043785,0
7922944632,5093199583,253534228224,454733608049,157,153,2640981544,8404671669,77,119,7922944632,7983561805,0
17755705832,11414108443,568182586624,1019251128909,157,153,17755705832,56505974767,77,119,17755705832,17891822985,0
9195186668,5911049067,294245973376,528007529251,157,153,2298796667,7315751467,77,119,9195186668,9265940795,0
6091206410,3915680943,48729651280,87466105867,157,153,12182412820,38769783251,77,119,3045603205,3069112867,0
1992830010,1281073763,3985660020,7159672993,157,153,1328553340,4228088097,77,119,996415005,1004178997,0
25712187,16528856,1645579968,2958531089,157,153,34282916,109105845,77,119,51424374,51829003,0
1459159853,938008182,93386230592,167927740667,157,153,5836639412,18575234737,77,119,2918319706,2941332865,0
8728514308,5611049067,279312457856,502327185671,157,153,4364257154,13889371549,77,119,8728514308,8797449415,0
6522328096,4192821369,208714499072,375420724667,157,153,6522328096,20757540791,77,119,91863776,92590625,0
195920683040,125945881937,6269461857280,11280045195587,157,153,195920683040,623526903967,77,119,2759446240,2781346361,0
583756479710,375262634241,291878239855,525474868774,157,153,1167512959420,3715698773297,77,119,291878239855,294211264639,0
1523653701470,979466988001,1523653701470,2744757809343,157,153,3047307402940,9698373505457,77,119,761826850735,767959142319,0
267656196106,172060352619,267656196106,482261183971,157,153,535312392212,1703692424347,77,119,133828098053,134907800165,0
44222735986,28428180699,353781887888,637687541123,157,153,88445471972,281489311327,77,119,22111367993,22290538055,0
224465,119714,179572,180885,261,173,359144,703277,129,192,359144,254371,0
5937054357,3166393400,152232163,154478807,261,173,47496434856,93001394953,129,192,47496434856,33637257655,0
5730745917,3056362856,146942203,149149457,261,173,45845967336,89769447793,129,192,2696821608,1909898975,0
5444748117,2903831576,1814916039,1842888191,261,173,43557984936,85289123593,129,192,2562234408,1814575175,0
158750531,84665824,158750531,161522274,261,173,1270004248,2486697599,129,192,1270004248,899394945,0
13783732893,7351215754,18378310524,18734316031,261,173,15752837592,30843884171,129,192,110269863144,78089382275,0
13593824223,7249931882,18125098964,18478636031,261,173,15535799112,30418888081,129,192,6397093752,4530197705,0
13348566753,7119128870,17798089004,18148435481,261,173,106788534024,209090189737,129,192,6281678472,4448454935,0
17194335799,9170172552,17194335799,17538688431,261,173,137554686392,269328971571,129,192,137554686392,97410790925,0
19424839,10359752,19424839,19823991,261,173,22199816,43466533,129,192,155398712,110046525,0
249680459,133160655,1997443672,2041884783,261,173,285349096,558695823,129,192,1997443672,1414472335,0
565567758,301630645,1508180688,1544239607,261,173,161590788,316379969,129,192,1131135516,800987555,0
90838908,48446519,242237088,248136397,261,173,363355632,711414191,129,192,363355632,257300525,0
537996348,286926029,1434656928,1469823007,261,173,2151985392,4213367321,129,192,126587376,89639275,0
4107901539,2190838945,10954404104,11229318731,261,173,4694744616,9191781083,129,192,1933130136,1368881755,0
10330599139,5509544456,10330599139,10597511031,261,173,11806399016,23115443833,129,192,82644793112,58521630705,0
9176889229,4894238600,9176889229,9428793531,261,173,73415113832,143735451841,129,192,73415113832,51984977535,0
65997650387,35197971808,65997650387,67905763698,261,173,527981203096,1033691916623,129,192,527981203096,373854924465,0
1573762707513,839321568952,524587569171,539803369459,261,173,12590101660104,24649126148477,129,192,12590101660104,8914836583235,0
193919575401,103421472368,64639858467,66528263648,261,173,1551356603208,3037267935229,129,192,1551356603208,1098486393475,0
983827553,524696199,7870620424,8103597831,261,173,7870620424,15409158087,129,192,462977672,327824225,0
11138896281,5940606775,29703723416,30609090749,261,173,89111170248,174461107199,129,192,5241833544,3711586345,0
340539929097,181616982968,113513309699,117052296371,261,173,2724319432776,5333616163213,129,192,2724319432776,1928993131315,0
10561012041,5632405501,28162698776,29044077599,261,173,84488096328,165408866339,129,192,84488096328,59822911685,0
45194673,24103249,120519128,124304507,261,173,361557384,707848067,129,192,361557384,256005125,0
848516423,452531106,3394065692,3502252953,261,173,6788131384,13289578767,129,192,6788131384,4806392065,0
204427982,109025561,1635423856,1688522889,261,173,408855964,800440357,129,192,408855964,289491725,0
403577614,215236037,3228620912,3334129653,261,173,807155228,1580210239,129,192,807155228,571507275,0
76797480213,40957632124,51198320142,52878943073,261,173,614379841704,1202802126977,129,192,614379841704,435011642975,0
50716833237,27048298288,16905611079,17463175216,261,173,57962095128,113475131039,129,192,405734665896,287279883815,0
5616382303,2995328528,5616382303,5801926272,261,173,6418722632,12566230141,129,192,44931058424,31813354005,0
18875442897,10066649051,50334514392,52000891273,261,173,151003543176,295626432463,129,192,151003543176,106917692425,0
73693966713,39302445779,196517244568,203102823217,261,173,589551733704,1154187714727,129,192,589551733704,417428611825,0
6140938073611,3275082386984,6140938073611,6349177268619,261,173,49127504588888,96178424856919,129,192,49127504588888,34784269530345,0
66325810518,35372813257,176868828048,183121022867,261,173,132651621036,259692760343,129,192,132651621036,93921089915,0
61298827398,32691793105,163463539728,169469468267,261,173,122597654796,240007025423,129,192,122597654796,86801124755,0
5219226243871,2783509350280,5219226243871,5411202725919,261,173,41753809950968,81740584896059,129,192,2456106467704,1738962283445,0
1917472585221,1022623100216,639157528407,662910712043,261,173,15339780681768,30030273002809,129,192,902340040104,638868076055,0
78270034599,41742824776,26090011533,27069572557,261,173,626160276792,1225812755171,129,192,626160276792,443327271005,0
233083084257,124307410424,77694361419,80622225371,261,173,1864664674056,3650386240453,129,192,1864664674056,1320197610235,0
230831097957,123106368344,76943699319,79857382871,261,173,1846648783656,3615111169753,129,192,1846648783656,1307439292135,0
226480540797,120786104728,75493513599,78379676671,261,173,258834903768,506709168359,129,192,1811844326376,1282791836015,0
4646312839,2477960806,18585251356,19301244699,261,173,5310071816,10395255233,129,192,37170502712,26316745705,0
37097686637,19784851778,148390746548,154113080217,261,173,296781493096,580993707373,129,192,17457734888,12360084595,0
55564855368,29633718527,148172947648,153891079717,261,173,222259421472,435105608261,129,192,13074083616,9256454215,0
3467310408,1849177823,9246161088,9603261637,261,173,13869241632,27151079141,129,192,13869241632,9819422615,0
6908118561,3684221318,9210824748,9567242537,261,173,55264948488,108189187369,129,192,55264948488,39127546375,0
6889311831,3674191210,9185749108,9541681087,261,173,55114494648,107894600399,129,192,55114494648,39021000065,0
881642837463,470195635352,293880945821,305269548059,261,173,7053142699704,13807547167027,129,192,7053142699704,4993616825485,0
54990877518,29327601517,146642340048,152330863967,261,173,109981755036,215305118843,129,192,109981755036,77866917215,0
53475777,28519570,71301036,74072779,261,173,427806216,837491633,129,192,427806216,302885855,0
213270558,113740925,568721488,590862607,261,173,426541116,835014583,129,192,426541116,301989955,0
6786348051,3619278007,18096928136,18803454749,261,173,7755826344,15183112247,129,192,54290784408,38437676855,0
2243329907,1196406893,1380510712,1434632673,261,173,2563805608,5018999779,129,192,17946639256,12706129715,0
831578397,443495159,170580184,177306481,261,173,6652627176,13023399763,129,192,6652627176,4710013285,0
821630097,438189479,2191013592,2277930253,261,173,6573040776,12867571063,129,192,6573040776,4653653185,0
817665777,436075207,2180442072,2267148653,261,173,6541326216,12805474583,129,192,6541326216,4631194145,0
268925149,143422373,2151401192,2237530053,261,173,2151401192,4211630071,129,192,2151401192,1523165745,0
25478834529,13588294693,67943558744,70681530071,261,173,203830676232,399022438091,129,192,203830676232,144309162845,0
101774640171,54278141020,67849760114,70585840721,261,173,814197121368,1593885887759,129,192,814197121368,576439558865,0
101586169881,54177625076,67724113254,70457659771,261,173,116098479864,227276246707,129,192,812689359048,575371823035,0
67562870319,36032421808,22520956773,23431053532,261,173,77214708936,151156686893,129,192,540502962552,382667730245,0
12629009097,6735263896,4209669699,4380049831,261,173,101032072776,197781808013,129,192,101032072776,71529089075,0
522360203,278583489,4178881624,4348638081,261,173,4178881624,8180626437,129,192,4178881624,2958575875,0
192908283,102881210,2546644,2650891,261,173,1543266264,3021107107,129,192,1543266264,1092601645,0
24244518639,12930003109,640119304,666563371,261,173,193956149112,379688400881,129,192,193956149112,137316444215,0
1021878556699,544984644520,78606042823,81873213447,261,173,1167861207656,2286198912353,129,192,8175028453592,5787712248985,0
126779501303,67613585560,9752269331,10159135509,261,173,144890858632,283637174741,129,192,1014236010424,718051934445,0
3947074849,2105039572,78159898,81426837,261,173,31576598792,61814051021,129,192,31576598792,22355365075,0
11806358337,6296523700,77929758,81191887,261,173,94450866696,184896019373,129,192,94450866696,66868570355,0
46644718833,24876385336,15548239611,16203132499,261,173,373157750664,730487947157,129,192,373157750664,264184406315,0
61425406129,32759159144,61425406129,64028735871,261,173,491403249032,961961252341,129,192,491403249032,347897533515,0
244892346931,130605028840,244892346931,255288491859,261,173,1959138775448,3835168768799,129,192,1959138775448,1387005413665,0
183500423007,97863726584,61166807669,63764649071,261,173,1468003384056,2873731970203,129,192,1468003384056,1039297563685,0
183289017417,97750978760,61096339139,63692683721,261,173,1466312139336,2870420587693,129,192,1466312139336,1038099908755,0
732303590193,390549266680,244101196731,254480535259,261,173,836918388792,1638332773571,129,192,5858428721544,4147570169195,0
45004446333,24001587476,30002964222,31289542723,261,173,51433652952,100685041951,129,192,360035570664,254891932615,0
2765370663,1474815776,921790221,961654214,261,173,22122965304,43307138227,129,192,22122965304,15662175565,0
2758996953,1471416520,919665651,959483689,261,173,22071975624,43207303037,129,192,22071975624,15626067395,0
1374726069,733163018,1832968092,1912466303,261,173,10997808552,21528898501,129,192,10997808552,7785997195,0
342944271,182897563,914518056,954224489,261,173,2743554168,5370676709,129,192,2743554168,1942322675,0
683960997,364767119,1823895992,1903197253,261,173,5471687976,10711161163,129,192,5471687976,3873725485,0
681246507,363319415,1816657352,1895801053,261,173,5449972056,10668642553,129,192,5449972056,3858347455,0
339550371,181087513,905467656,944977139,261,173,2716402968,5317516109,129,192,2716402968,1923095675,0
86294636451,46022271038,115059515268,120098379917,261,173,690357091608,1351412030179,129,192,690357091608,488741978125,0
456573806237,243497875640,456573806237,476648804193,261,173,3652590449896,7150135607473,129,192,3652590449896,2585865328655,0
455049069167,242684696168,455049069167,475090506843,261,173,520056079048,1018036118749,129,192,3640392553336,2577227469365,0
8091651337,4315402316,16183302674,16897560231,261,173,9247601528,18102633139,129,192,64733210696,45828030075,0
437287823,233212286,1749151292,1826811303,261,173,499757512,978297481,129,192,3498302584,2476623665,0
20777583459,11081001226,27703444612,28939695823,261,173,166220667672,325383657611,129,192,166220667672,117675614405,0
10364095152,5527329329,27637587072,28872367723,261,173,41456380608,81152497079,129,192,2438610624,1726408765,0
10348011792,5518751683,27594698112,28828520273,261,173,41392047168,81026536309,129,192,2434826304,1723728935,0
164095738737,87514733672,54698579579,57155247221,261,173,187537987128,367112208739,129,192,1312765909896,929366931595,0
2601325234347,1387325781560,867108411449,906233151311,261,173,2972943124968,5819629781809,129,192,20810601874776,14732737945705,0
216451357381,115436753860,432902714762,452450379093,261,173,247372979864,484240248407,129,192,1731610859048,1225882778815,0
3376567579,1800774060,6753135158,7058319687,261,173,3858934376,7553980713,129,192,27012540632,19123345985,0
10112280387,5393030420,6741520258,7046442187,261,173,80898243096,158360700823,129,192,80898243096,57271338505,0
40409507883,21550994756,26939671922,28158762223,261,173,323276063064,632822316607,129,192,323276063064,228860938465,0
10338742167423,5513805726536,3446247389141,3602244992669,261,173,82709937339384,161907093658267,129,192,82709937339384,58553889280165,0
10330945916373,5509647797656,3443648638791,3599587419919,261,173,82647567330984,161784977479817,129,192,82647567330984,58509722709815,0
114240,64249,19040,19931,61,44,6720,10489,29,44,114240,64249,0
28331520,15930947,4721920,5170093,61,44,1666560,2598467,29,44,28331520,15930947,0
85438976,48041417,42719488,47095189,61,44,85438976,133192281,29,44,85438976,48041417,0
146958976,82631083,73479488,81581351,61,44,146958976,229056603,29,44,146958976,82631083,0
341407296,191960497,18967072,21156961,61,44,341407296,532070081,29,44,341407296,191960497,0
198658800,111696239,1379575,1546084,61,44,198658800,309565663,29,44,198658800,111696239,0
171192400,96249847,42798100,48372277,61,44,171192400,266708199,29,44,171192400,96249847,0
21035728,11826529,2629466,2998097,61,44,21035728,32765169,29,44,21035728,11826529,0
48862464,27470725,8143744,9311035,61,44,48862464,76102613,29,44,48862464,27470725,0
198997248,111875993,33166208,38022887,61,44,198997248,309913897,29,44,198997248,111875993,0
398105792,223811095,199052896,229042255,61,44,398105792,619942279,29,44,398105792,223811095,0
4063472,2284407,253967,293333,61,44,507934,794917,29,44,4063472,2284407,0
343112896,192886385,171556448,199408865,61,44,686225792,1092320909,29,44,343112896,192886385,0
8678912,4878851,4339456,5077447,61,44,17357824,28117915,29,44,8678912,4878851,0
675840,379919,112640,132161,61,44,450560,735181,29,44,675840,379919,0
189419520,106480007,31569920,37116233,61,44,126279680,207146293,29,44,189419520,106480007,0
182908224,102818591,10161568,11978263,61,44,121938816,201402401,29,44,182908224,102818591,0
4054080,2278913,675680,797747,61,44,2702720,4482487,29,44,4054080,2278913,0
4309920,2422717,239440,282991,61,44,2873280,4778233,29,44,4309920,2422717,0
172301024,96854021,86150512,102019627,61,44,344602048,575977663,29,44,172301024,96854021,0
49997808,28104319,347207,412844,61,44,4166484,7037495,29,44,49997808,28104319,0
46218096,25978979,641918,768143,61,44,7703016,13224191,29,44,46218096,25978979,0
21113448,11867377,7037816,8485691,61,44,28151264,49261639,29,44,21113448,11867377,0
80543424,45270773,13423904,16251047,61,44,53695616,94916059,29,44,80543424,45270773,0
7156032,4022131,1192672,1446769,61,44,4770688,8475485,29,44,7156032,4022131,0
6894336,3874985,1149056,1398455,61,44,4596224,8232523,29,44,6894336,3874985,0
94027008,52847647,15671168,19117313,61,44,62684672,112930317,29,44,188054016,106149775,0
6348464,3568071,793558,972163,61,44,3174232,5778337,29,44,3174232,1833825,0
2614656,1469509,435776,535811,61,44,1743104,3201639,29,44,5229312,3081325,0
3805824,2138951,634304,782129,61,44,2537216,4692541,29,44,7611648,4553375,0
25083840,14097263,4180640,5184797,61,44,16722560,31363417,29,44,10033536,6186103,0
168896,94919,84448,105103,61,44,337792,638947,29,44,337792,212075,0
18655,10484,149240,185933,61,44,596960,1131953,29,44,119392,75349,0
219924,123595,48872,60995,61,44,586464,1116733,29,44,1759392,1120255,0
1276632,717443,141848,177623,61,44,1702176,3267001,29,44,5106528,3305875,0
621180,349087,138040,173329,61,44,1656480,3200047,29,44,993888,652193,0
17706240,9950311,983680,1238803,61,44,11804160,22963429,29,44,7082496,4715051,0
25684224,14433439,4280704,5409601,61,44,17122816,33582413,29,44,51368448,34772815,0
32105280,18041641,5350880,6774779,61,44,21403520,42164319,29,44,12842112,8771921,0
5774880,3245191,962480,1219979,61,44,3849920,7604319,29,44,2309952,1586321,0
13990464,7861925,777248,985445,61,44,9326976,18433667,29,44,27980928,19238945,0
12696192,7134575,705344,895235,61,44,8464128,16770101,29,44,25392384,17547335,0
487808,274119,243904,310243,61,44,975616,1942855,29,44,975616,681135,0
2202240,1237511,367040,468209,61,44,1468160,2943229,29,44,880896,623251,0
91125120,51205813,15187520,19404947,61,44,60750080,122241207,29,44,36450048,25981433,0
90684192,50957917,15114032,19321253,61,44,60456128,121798449,29,44,181368384,129592795,0
114140064,64137709,19023344,24375581,61,44,76093376,154130313,29,44,228280128,164862115,0
111303520,62542981,55651760,71507267,61,44,222607040,453784247,29,44,44521408,32559251,0
107491360,60399763,53745680,69328541,61,44,214982720,442184681,29,44,42996544,31999373,0
55145152,30985731,27572576,35692907,61,44,110290304,228686735,29,44,110290304,83375415,0
51648576,29020895,8608096,11153845,61,44,34432384,71550033,29,44,103297152,78415355,0
599592,336901,199864,259723,61,44,799456,1672215,29,44,2398368,1843805,0
5312048,2984717,1328012,1730177,61,44,5312048,11175713,29,44,5312048,4129225,0
4795844,2694651,9591688,12518623,61,44,38366752,81042187,29,44,38366752,30052275,0
9417768,5291527,3139256,4105991,61,44,12557024,26652259,29,44,37671072,29777825,0
14460216,8124679,4820072,6309257,61,44,19280288,40992973,29,44,57840864,45870575,0
36531072,20525417,2029504,2658901,61,44,24354048,51884339,29,44,73062144,58160945,0
4771584,2680951,265088,347843,61,44,3181056,6800821,29,44,9543168,7647175,0
9459456,5314841,1576576,2070919,61,44,6306304,13513947,29,44,18918912,15226985,0
115712,65013,57856,76081,61,44,231424,497149,29,44,231424,187125,0
1631232,916493,30208,39883,61,44,1087488,2357063,29,44,3262464,2682125,0
81153792,45594863,1502848,1990153,61,44,54102528,118047773,29,44,162307584,135091775,0
16658688,9359381,2776448,3678059,61,44,11105792,24251503,29,44,33317376,27771845,0
17474880,9817889,2912480,3862691,61,44,11649920,25504231,29,44,6989952,5853769,0
20801520,11686751,144455,192056,61,44,1733460,3815563,29,44,1040076,879737,0
21175200,11896559,1176400,1567657,61,44,14116800,31230671,29,44,8470080,7231009,0
13586400,7633013,251600,335633,61,44,9057600,20084597,29,44,5434560,4659163,0
13068918,7342267,1936136,2584091,63,44,69700896,154726991,30,45,209102688,179627525,0
2387844378,1341516875,1061264168,1416711095,63,44,12735170016,28282681897,30,45,38205510048,32845928995,0
1122431664,630593851,23383993,31220338,63,44,93535972,207791817,30,45,280607916,241378775,0
1037755344,583021451,86479612,115474777,63,44,345918448,768675113,30,44,1037755344,893122675,0
18234072432,10244084363,84417002,112725107,63,44,3039012072,6753664517,30,44,9117036216,7847635775,0
28581235128,16057222843,1058564264,1413558761,63,44,38108313504,84691480277,30,44,114324940512,98412363335,0
57156827088,32111273351,4763068924,6360465307,63,44,19052275696,42342709379,30,44,57156827088,49203752785,0
144310868,81075271,288621736,385425403,63,44,1154486944,2565908311,30,44,1154486944,993930655,0
324656709,182395331,865751224,1156143109,63,44,3463004896,7696990281,30,44,10389014688,8944787075,0
28304377608,15901677173,9434792536,12599500039,63,44,37739170144,83881386947,30,44,113217510432,97480805185,0
27373677240,15378799643,9124559080,12185355409,63,44,36498236320,81125402549,30,44,21898941792,18856016891,0
57126161680,32094034641,3570385105,4768110964,63,44,14281540420,31744679179,30,44,2856308084,2459527587,0
5367030352,3015249189,335439397,447990436,63,44,1341757588,2982779527,30,44,1341757588,1155616635,0
1297059572,728700279,2594119144,3464768947,63,44,10376476576,23070765679,30,44,10376476576,8939387895,0
55191165168,31006913339,2299631882,3071502509,63,44,9198527528,20452591855,30,44,27595582584,23775521165,0
4753687140,2670665431,1056374920,1411002127,63,44,12676499040,28188155761,30,44,7605899424,6554036159,0
491467680,276110833,27303760,36476659,63,44,327645120,728874517,30,44,196587072,169528763,0
18276720,10268009,1523060,2035223,63,44,6092240,13559703,30,44,3655344,3155177,0
564425568,317098703,31356976,41905309,63,44,376283712,837675611,30,44,1128851136,974744105,0
9467254440,5318777323,1051917160,1405795333,63,44,12623005920,28101899339,30,44,7573803552,6540192901,0
19253428320,10816725379,3208904720,4288476851,63,44,12835618880,28576047111,30,44,7701371328,6650697449,0
487492928,273877205,243746464,325775245,63,44,974985856,2170985737,30,45,974985856,842229665,0
2968105920,1667502361,494684320,661319059,63,44,1978737280,4408312919,30,45,1187242368,1026552281,0
392800795,220677971,3142406360,4201793777,63,44,12569625440,28015755557,30,45,2513925088,2175449881,0
4972033680,2793319451,414336140,554040647,63,44,1657344560,3694270767,30,45,994406736,860648753,0
642466570,360941679,2569866280,3436436599,63,44,10279465120,22914274339,30,45,2055893024,1779500367,0
10144565272,5699277831,10144565272,13566070639,63,44,40578261088,90464654155,30,45,40578261088,35130271155,0
9807862184,5510114589,9807862184,13116496481,63,44,39231448736,87472153733,30,45,39231448736,33971368605,0
56481805264,31731807171,14120451316,18884258551,63,44,56481805264,125939290999,30,45,56481805264,48912341775,0
58389889456,32803777709,14597472364,19522488229,63,44,58389889456,130197836821,30,45,58389889456,50567549725,0
14117115900,7931076779,9411410600,12586906979,63,44,37645642400,83945163679,30,45,22587385440,19562625841,0
633015400,355631679,633015400,846604381,63,44,2532061600,5646241681,30,45,506412320,438604533,0
9816045480,5514710231,363557240,486233567,63,44,13088060640,29185920883,30,45,7852836384,6801720797,0
2154325,1140519,2027600,2054381,157,153,689384,1231683,77,119,202760,126713,0
3138598075,1661593059,3138598075,3222476167,157,153,1004351384,1794291993,77,119,5021756920,3137996731,0
78466933235,41540846287,36925615640,37977457269,157,153,125547093176,224290123453,77,119,7385123128,4614759339,0
23079106143,12218202919,1357594479,1398712241,157,153,184632849144,329843871197,77,119,10860755832,6786498475,0
164730812022,87209351465,310081528512,319708664195,157,153,47065946292,84082291321,77,119,19380095532,12109863635,0
5797188201,3069060847,92755011216,95698287751,157,153,6625357944,11836016297,77,119,46377505608,28979346905,0
21343969074,11299599403,683007010368,705608522873,157,153,42687938148,76260269849,77,119,42687938148,26673631805,0
59152977874,31315853193,1892895291968,1958031906263,157,153,59152977874,105673675137,77,119,29576488937,18480745220,0
16066892525,8505882847,15121781200,15653285853,157,153,5141405608,9184814987,77,119,1512178120,944873169,0
1023095275,541630917,962913200,997541033,157,153,327390488,584861157,77,119,96291320,60166559,0
3766821070,1994169603,7090486720,7356395269,157,153,376682107,672911976,77,119,44315542,27689767,0
695963170,368445367,1310048320,1361137541,157,153,39769324,71044117,77,119,16375604,10231891,0
25739766640,13626722153,48451325440,50353910169,157,153,2941687616,5255037973,77,119,1211283136,756838833,0
1099829744,582253551,35194551808,36599027791,157,153,4399318976,7858928313,77,119,4399318976,2748787715,0
5232882408,2770302857,167452237056,174532267537,157,153,20931529632,37391554091,77,119,20931529632,13078240505,0
27010027992,14299174483,50842405632,53092911259,157,153,108040111968,192998141209,77,119,6355300704,3970802435,0
26394134312,13973116013,49683076352,51907782949,157,153,15082362464,26942402657,77,119,6210384544,3880244285,0
25568791248,13536173605,48129489408,50319202165,157,153,14610737856,26099818453,77,119,6016186176,3758889905,0
3051783152,1615618255,5744532992,6027063615,157,153,12207132608,21805735129,77,119,718066624,448633395,0
21195559956,11220944267,678257918592,713850447847,157,153,84782239824,151444870487,77,119,84782239824,52968964565,0
1563328079,827626833,25013249264,26336900189,157,153,12506624632,22340290041,77,119,12506624632,7813674895,0
20530314052,10868758969,656970049664,691999553029,157,153,82121256208,146690968129,77,119,82121256208,51306165155,0
165742887078,87744348545,5303772386496,5589958053595,157,153,331485774156,592122075103,77,119,331485774156,207098462755,0
392485134159,207781677527,392485134159,414158069051,157,153,3139881073272,5608629193261,77,119,3139881073272,1961648776075,0
151677832851,80298225190,4853690651232,5127458789915,157,153,1213422662808,2167469398979,77,119,1213422662808,758082489965,0
15984997839,8462453888,511519930848,540661720633,157,153,127879982712,228424230331,77,119,127879982712,79892344645,0
113782506513,60236422841,227565013026,240604190941,157,153,910260052104,1625939380627,77,119,910260052104,568678829365,0
140398063026,74326679017,4492738016832,4751834773847,157,153,140398063026,250783609813,77,119,70199031513,43856254730,0
2138499836,1132120533,4025411456,4261432409,157,153,8553999344,15279357297,77,119,503176432,314353075,0
91969779,48688720,173119584,183501685,157,153,735758232,1314219791,77,119,43279896,27038305,0
859876218,455217337,1618590528,1719010351,157,153,429938109,767952167,77,119,50580954,31599035,0
25736702220,13624964917,48445557120,51552358441,157,153,20589361776,36776164133,77,119,1211138928,756613807,0
156319978110,82755499841,294249370560,313314130643,157,153,62527991244,111685434377,77,119,3678117132,2297755393,0
1140530316,603794525,36496970112,38870829025,157,153,4562121264,8148699857,77,119,4562121264,2849996195,0
5432942172,2876188907,173854149504,185174737087,157,153,3104538384,5545214717,77,119,21731768688,13576014785,0
40925586905,21665924419,38518199440,41030105481,157,153,9354419864,16708519597,77,119,3851819944,2406261933,0
13763063320,7286137951,25906942720,27600296423,157,153,11010450656,19666445513,77,119,647673568,404606291,0
676092768,357922099,21634968576,23056405859,157,153,2704371072,4830435661,77,119,2704371072,1689435775,0
3318546400,1756831291,106193484800,113207009131,157,153,530967424,948390349,77,119,2654837120,1658487547,0
8223001225,4353238564,263136039200,280592225299,157,153,2631360392,4700011517,77,119,13156801960,8219090351,0
77888343058,41233911245,2492426977856,2658436656795,157,153,38944171529,69560142052,77,119,77888343058,48656968965,0
287378864,152137685,9196123648,9813256085,157,153,1149515456,2053202003,77,119,1149515456,718101505,0
2544700816,1347158207,81430426112,86945749887,157,153,1454114752,2597252351,77,119,10178803264,6358662915,0
2502798536,1324974947,80089553152,85559349227,157,153,1430170592,2554477271,77,119,10011194144,6253932715,0
4912383352,2600602129,157196267264,168033422089,157,153,19649533408,35096595979,77,119,19649533408,12274888505,0
14488362077,7670096919,231813793232,247931804177,157,153,16558128088,29574858069,77,119,115906896616,72405699685,0
29341727331,15533421079,234733818648,251221175291,157,153,33533402664,59894572007,77,119,234733818648,146634760295,0
6576012674,3481319889,210432405568,225393637999,157,153,939430382,1677924891,77,119,3288006337,2053956490,0
8027540598,4249752937,256881299136,275319598067,157,153,2293583028,4096574489,77,119,16055081196,10029262115,0
30568748084,16182990347,57541172864,61687951831,157,153,17467856048,31199335649,77,119,7192646608,4493081525,0
30354231476,16069424363,57137376896,61269586999,157,153,121416925904,216862472327,77,119,7142172112,4461543125,0
26481552146,14019239127,847409668672,909043060357,157,153,7566157756,13513867053,77,119,52963104292,33084679795,0
2172842952,1150295039,69530974464,74627443399,157,153,1241624544,2217651347,77,119,8691371808,5429252855,0
1218242712,644933095,2293162752,2462141935,157,153,4872970848,8703539749,77,119,286645344,179058695,0
239945208,127026059,451661568,485200307,157,153,959780832,1714245041,77,119,56457696,35267275,0
156452904,82825531,294499584,316611763,157,153,625811616,1117744633,77,119,36812448,22995395,0
37181082942,19683511177,69987920832,75268750171,157,153,74362165884,132815932217,77,119,4374245052,2732424265,0
187389216813,99203068975,2998227469008,3224878383925,157,153,1499113734504,2677518066227,77,119,1499113734504,936438296645,0
37292505915,19742495449,596680094640,641898036667,157,153,8524001352,15224425591,77,119,59668009464,37272244711,0
6476792140,3428786239,207257348480,222997408099,157,153,740204816,1322053253,77,119,5181433712,3236632873,0
1005507256,532311217,32176232192,34627720297,157,153,4022029024,7183592587,77,119,4022029024,2512395065,0
2251531000,1191950607,4238176000,4563056311,157,153,360244960,643418229,77,119,105954400,66185107,0
106600527250,56433838337,200659816000,216147384351,157,153,609145870,1087966613,77,119,627061925,391696839,0
535726247287,283611030305,8571619956592,9235388818065,157,153,612258568328,1093524617239,77,119,4285809978296,2677144132455,0
164840655870,87265888111,5274900987840,5683801714001,157,153,32968131174,58882717127,77,119,16484065587,10296815374,0
229048244190,121257083387,7329543814080,7898909043517,157,153,22904824419,40909117862,77,119,45809648838,28615085491,0
104876950528,55521370633,197415436288,212777223209,157,153,59929686016,107037227233,77,119,24676929536,15414476845,0
867005440,458988597,1632010240,1759514581,157,153,99086336,176972553,77,119,40800256,25485877,0
31638683170,16749366261,59555168320,64240316803,157,153,3163868317,5650792116,77,119,372219802,232506169,0
31336303626,16589285489,58985983296,63648671447,157,153,15668151813,27983875069,77,119,1843311978,1151417095,0
20212367481,10700327290,38046809376,41062769545,157,153,161698939848,288799712249,77,119,9511702344,5941435495,0
47212131613,24993865877,47212131613,50968336476,157,153,377697052904,674578551127,77,119,377697052904,235926011985,0
59650161936,31578485651,1908805181952,2062361695891,157,153,238600647744,426146143397,77,119,238600647744,149039398055,0
58476032592,30956897807,1871233042944,2023265289487,157,153,233904130368,417756329609,77,119,233904130368,146104928435,0
63800290063,33775528273,60047331824,64938783277,157,153,510402320504,911585294777,77,119,30023665912,18753832415,0
63491892961,33612261871,59757075728,64636689979,157,153,72562163384,129596851217,77,119,29878537864,18663153905,0
63046368385,33376399759,59337758480,64200232891,157,153,14410598488,25737454909,77,119,5933775848,3706431133,0
7809636120,4134377683,14700491520,15910608859,157,153,6247708896,11158441253,77,119,367512288,229559623,0
1939043256,1026518539,3649963776,3951455347,157,153,7756173024,13852545937,77,119,456245472,284984555,0
185471643458,98187633757,349123093568,378013624011,157,153,92735821729,165626298977,77,119,10910096674,6814765035,0
521451191863,276053277375,521451191863,564694526125,157,153,595944219272,1064356181811,77,119,4171609534904,2605705845395,0
86584224153,45837190025,346336896612,375111911675,157,153,98953399032,176730596941,77,119,692673793224,432663251245,0
215526984549,114098737213,215526984549,233472575569,157,153,1724215876392,3079443666671,77,119,1724215876392,1076991639545,0
91251386336,48307952321,171767315456,186096498433,157,153,365005545344,651898124447,77,119,21470914432,13411295765,0
2934834848,1553684367,5524395008,5986179791,157,153,11739339392,20966384721,77,119,690549376,431334715,0
50586252360,26780060981,1618760075520,1754759019421,157,153,5781285984,10325316997,77,119,40469001888,25277891617,0
386096440485,204397109176,156393494880,169626741029,157,153,88250614968,157614196819,77,119,617754304776,385862223739,0
495325332443,262222171395,6269940917,6803436065,157,153,3962602659544,7077128140497,77,119,3962602659544,2475115879495,0
75942620550,40203550463,2430163857600,2637511991833,157,153,1518852411,2712636370,77,119,15188524110,9487020799,0
8573500350,4538757403,16138353600,17517994669,157,153,171470007,306241328,77,119,100864710,63001807,0
46049081075,24378092539,2708769475,2941076796,157,153,14735705944,26317580993,77,119,4334031160,2707104003,0
5715646364,3025826703,10758863744,11684816819,157,153,22862585456,40831908903,77,119,1344857968,840017605,0
177908672,94183709,334886912,363765757,157,153,711634688,1270957619,77,119,41860864,26146865,0
44284864,23444121,83359744,90563833,157,153,177139456,316365303,77,119,10419968,6508445,0
1765804144,934805259,3323866624,3611574907,157,153,7063216576,12614666013,77,119,415483328,259515935,0
256761351,135927767,1027045404,1116449309,157,153,293441544,524075347,77,119,2054090808,1283005555,0
2539975284,1344645923,81279209088,88392822943,157,153,1451414448,2592164249,77,119,10159901136,6345953885,0
137839274812,72971186851,259462164352,282198099623,157,153,551357099248,984699702499,77,119,32432770544,20257747225,0
43794650487,23184591103,2576155911,2802705317,157,153,50051029128,89388807539,77,119,20609247288,12872658595,0
81378294942,43081110901,153182672832,166714514023,157,153,23250941412,41525013581,77,119,9573917052,5979908575,0
2284391660,1343759799,240462280,439079687,231,49,4568783320,13521588053,114,174,268751960,319143239,0
1115511481485595,656183223420943,117422261209010,214702185565759,231,49,17848183703769520,52822789373142443,114,174,17848183703769520,21194756424440653,0
26770447383681144,15747321964871851,17846964922454096,32639801070878667,231,49,3244902713173472,9603488293615413,114,174,35693929844908192,42386624582913321,0
478010677839123,281182751178932,159336892613041,291472574938762,231,49,231762752891696,685916103406439,114,174,2549390281808656,3027407338578683,0
3221769076228488,1895158276795531,2147846050818992,3929129239083435,231,49,4295692101637984,12713364737944803,114,174,4295692101637984,5101145212018029,0
790881362351587,465224329967899,1581762724703174,2893657679117905,231,49,12654101797625392,37450592148516419,114,174,12654101797625392,15026778113837557,0
46467073048264596,27333572330577895,30978048698843064,56678921055066887,231,49,15489024349421532,45840721530442885,114,174,15489024349421532,18393257614676393,0
18984856765379841,11167562781550850,6328285588459947,11580172448682161,231,49,101252569415359152,299663227176952295,114,174,101252569415359152,120237706900284433,0
4615328337147279,2714899016522825,3076885558098186,5630690285622793,231,49,24615084464785488,72849862397266205,114,174,24615084464785488,29230482008693227,0
1121652252948951,659795441597750,373884084316317,684241020785771,231,49,5982145349061072,17704528792824545,114,174,5982145349061072,7103814660418663,0
22614462133026696,13302624757105675,15076308088684464,27593024210116907,231,49,30152616177368928,89238532532688355,114,174,30152616177368928,35806319469488237,0
2372257015475133,1395445300325870,790752338491711,1447365355500583,231,49,12652037415867376,37444488072665275,114,174,12652037415867376,15024332028959069,0
15740067325797048,9258863113295233,10493378217198032,19207904398599393,231,49,20986756434396064,62111606123872449,114,174,20986756434396064,24921836668585455,0
4360685529467852,2565109129487585,8721371058935704,15965221976404547,231,49,4360685529467852,12905719249046905,114,174,4360685529467852,5178327444299693,0
4300818722961956,2529893360992613,8601637445923912,15746459517069647,231,49,8601637445923912,25457079635208731,114,174,8601637445923912,10214471038516969,0
12845717279009524,7556304265439565,25691434558019048,47032044648348679,231,49,25691434558019048,76035394558693585,114,174,25691434558019048,30508658076532547,0
6378729094983623,3752193577147179,12757458189967246,23354764842227201,231,49,102059665519737968,302051913371553559,114,174,102059665519737968,121196169866645441,0
6307313398973519,3710184344245743,12614626797947038,23093795786717645,231,49,100917014383576304,298670168268011983,114,174,100917014383576304,119839269862422089,0
96623349974915706,56837264564422649,64415566649943804,117936848591707033,231,49,257662266599775216,762567490366368289,114,174,257662266599775216,305974764404547383,0
30785282730833076,18108989800382167,20523521820555384,37579419222861815,231,49,10261760910277692,30370319901272599,114,174,10261760910277692,12185874593524487,0
7633277564362036,4490163262875475,15266555128724072,27954167176019161,231,49,1908319391090509,5647790000335640,114,174,3816638782181018,4532271069397997,0
30380518794073833,17870893367266861,1065983115581538,1951912404622655,231,49,14729948506217616,43594199434279577,114,174,162029433568393776,192410485024561061,0
30184098318914463,17755351911423601,1059091169084718,1939318627912235,231,49,14634714336443376,43312348143695207,114,174,160981857700877136,191166486956559131,0
7475928825024052,4397605181018389,14951857650048104,27379114656558175,231,49,14951857650048104,44250953763785773,114,174,14951857650048104,17755380503277479,0
7339770286188228,4317511922972617,4893180190792152,8960498377473449,231,49,4893180190792152,14481671627645603,114,174,4893180190792152,5810667840279721,0
7204417778771262,4237892801056111,4802945185847508,8795603119782863,231,49,19211780743390032,56858462658958451,114,174,19211780743390032,22814054480611669,0
7114271618318274,4184865647911165,4742847745545516,8685779543403293,231,49,18971390982182064,56147014596654005,114,174,18971390982182064,22528591232042371,0
7070259158023734,4158975965415745,4713506105349156,8632159253729633,231,49,18854024421396624,55799661148206035,114,174,18854024421396624,22389218241224341,0
3411424925440100,2006720539516931,6822849850880200,12496110880003817,231,49,3411424925440100,10096325047042291,114,174,3411424925440100,4051078933297151,0
2050674384968475,1206279047003246,683558128322825,1252049311302087,231,49,10936930053165200,32368528070828157,114,174,10936930053165200,12987643119123627,0
2710416788141496,1594362812600203,1806944525427664,3309781001824939,231,49,3613889050855328,10695530579083799,114,174,3613889050855328,4291506085288921,0
1608589501289256,946229116046185,1072393000859504,1964350670620617,231,49,2144786001719008,6347628303189885,114,174,2144786001719008,2546941037557587,0
399409772308599,234946924299610,133136590769533,243876040517949,231,49,2130185452312528,6304417091163825,114,174,2130185452312528,2529602858982807,0
132555589613265,77973876047591,88370393075510,161876114789159,231,49,706963144604080,2092301653418947,114,174,706963144604080,839521273450037,0
3685686630570840,2168050953704261,2457124420380560,4501010181578789,231,49,4914248840761120,14544026939420053,114,174,4914248840761120,5835688210972763,0
25538203191093816,15022472427357821,17025468794062544,31188319665149021,231,49,34050937588125088,100775881085621413,114,174,34050937588125088,40435611744242315,0
64856492189107140,38150877661212871,43237661459404760,79207706268757479,231,49,10809415364851190,31991141602433901,114,174,5404707682425595,6418110075158223,0
13653631013210545,8031547634208983,27307262026421090,50026615756824901,231,49,218458096211368720,646540421849040233,114,174,218458096211368720,259419792717878143,0
8727130610183188,5133606227822181,918645327387704,1683114629237845,231,49,17454261220366376,51656980994922817,114,174,17454261220366376,20727000766086131,0
9851871232705512,5795218356732151,345679692375632,633393288948717,231,49,13135828310274016,38876308746455583,114,174,13135828310274016,15598846276684017,0
45790045555403112,26935320842999917,30526697036935408,55934996396633677,231,49,61053394073870816,180691354089557801,114,174,61053394073870816,72501139061935015,0
3246138997459491,1909493522797874,1082046332486497,1982702472726889,231,49,17312741319783952,51238145486298853,114,174,17312741319783952,20558946808967171,0
2750664653113524,1618038026880239,1833776435409016,3360238625904399,231,49,916888217704508,2713588298369073,114,174,916888217704508,1088808300197805,0
1366010389726968,803535521194711,910673593151312,1668759084561015,231,49,1821347186302624,5390391477846843,114,174,1821347186302624,2162856843016629,0
7242642384276888,4260377861542933,4828428256184592,8847955138057973,231,49,9656856512369184,28580073940637749,114,174,9656856512369184,11467554647391035,0
2936489907851200,1727346999919637,5872979815702400,10762192520046559,231,49,11745959631404800,34762906070635553,114,174,11745959631404800,13948372832485183,0
29456573950180800,17327396393928733,19637715966787200,35986793228967677,231,49,39275431933574400,116238111041702659,114,174,39275431933574400,46639729179851549,0
21224312677768086,12484889776172833,14149541785178724,25930118102394689,231,49,56598167140714896,167505836477141603,114,174,56598167140714896,67210546087309957,0
2873539566727408,1690317387544511,5747079133454816,10532041655469085,231,49,11494158266909632,34017684607594079,114,174,11494158266909632,13649358218921377,0
2864491707451600,1684995117389597,5728983414903200,10498961505138679,231,49,11457966829806400,33910573846359293,114,174,11457966829806400,13606380815998723,0
9821890938381300,5777582889000311,6547927292254200,11999826986961559,231,49,3273963646127100,9689501445598907,114,174,3273963646127100,3887844760844227,0
18322155602824740,10777738560104597,12214770401883160,22385250407638773,231,49,12214770401883160,36150381824592753,114,174,12214770401883160,14505088220049723,0
20829354060487338,12252561178092829,13886236040324892,25448775686235197,231,49,55544944161299568,164388758951044289,114,174,55544944161299568,65959841718342871,0
48484789247780820,28520464184259349,32323192831853880,59237839912796021,231,49,2938472075623080,8696593107269041,114,174,32323192831853880,38383919973456481,0
11882147199886260,6989498333284177,7921431466590840,14518121115395633,231,49,720130133326440,2131270497255043,114,174,7921431466590840,9406731671093563,0
1098761587345521,646330343658997,732507724897014,1342614640241525,231,49,532732890834192,1576656585168929,114,174,5860061799176112,6958847263249037,0
1083735725205375,637491601236253,722490483470250,1324300717604957,231,49,525447624342000,1555095394923191,114,174,5779923867762000,6863683305578411,0
11316823156917000,6656954779068931,7544548771278000,13829099715400739,231,49,15089097542556000,44657136331098763,114,174,15089097542556000,17918365406436293,0
8441099690853576,4965352745026813,5627399793902384,10315126992391389,231,49,11254799587804768,33309289714257729,114,174,11254799587804768,13365120938786511,0
9602205140547324,5648355948724307,6401470093698216,11734153404648691,231,49,6401470093698216,18945554827875703,114,174,6401470093698216,7601772205048637,0
4228553970846765,2487384681520588,1409517990282255,2583765369580726,231,49,22552287844516080,66744919911557971,114,174,22552287844516080,26780935495250501,0
2095671697619220,1232748053832599,1397114465079480,2561087687078071,231,49,698557232539740,2067424252558913,114,174,698557232539740,829539628206253,0
2743912350325080,1614066083719729,1829274900216720,3353313760182161,231,49,332595436403040,984337203456347,114,174,3658549800433440,4344543170957447,0
1636553930886600,962678780058803,1091035953924400,2000051067601107,231,49,198370173440800,587089061541729,114,174,2182071907848800,2591219533043109,0
9307205995076100,5474827039875983,6204803996717400,11374584437060527,231,49,775600499589675,2295438689887049,114,174,1551200999179350,1842057701279753,0
15493221935983116,9113659935607321,10328814623988744,18934739839120121,231,49,5164407311994372,15284389800117697,114,174,5164407311994372,6132755385688385,0
23111286095880060,13594874134054529,15407524063920040,28245422767975521,231,49,1925940507990005,5699942664945312,114,174,3851881015980010,4574124938458629,0
18387685520255655,10816285568244217,12258457013503770,22472808290946233,231,49,98067656108030160,290237427925889989,114,174,98067656108030160,116455756025599619,0
18258533985571533,10740314077365661,12172355990381022,22315381898246045,231,49,97378847923048176,288198858070006447,114,174,97378847923048176,115637794849926761,0
4532361058333164,2666094732275647,3021574038888776,5539507062430431,231,49,3021574038888776,8942539481220963,114,174,3021574038888776,3588132029839137,0
853321776376356,501953984603833,568881184250904,1042972866085529,231,49,568881184250904,1683639860980607,114,174,568881184250904,675548841395053,0
7833537251403381,4607963075177258,2611179083801127,4787485446579077,231,49,41778865340818032,123647197095517331,114,174,41778865340818032,49612582911825349,0
1936602788189355,1139178107248091,1291068525459570,2367190927870939,231,49,938958927606960,2778908417609227,114,174,10328548203676560,12265195820332207,0
1924394333756895,1131996663475199,1282929555837930,2352308542211071,231,49,933039676973040,2761390033771903,114,174,10263436446703440,12187875467253523,0
51687503466616206,30404413711237619,34458335644410804,63181799494570963,231,49,137833342577643216,407926510989134659,114,174,137833342577643216,163677696007760453,0
12858500905175594,7563824038761351,25717001810351188,47154579703035701,231,49,102868007241404752,304444386677037383,114,174,102868007241404752,122156208762835201,0
17105647779840861,10062145722073777,11403765186560574,20910023811544625,231,49,91230121492484592,270001326727075279,114,174,91230121492484592,108336168962287817,0
17000912806195590,10000536914141431,596523256357740,1093807728659501,231,49,45335767483188240,134174077885719551,114,174,45335767483188240,53836423118986921,0
4226516254063330,2486186024153527,444896447796140,815791632625351,231,49,33812130032506640,100069142752554451,114,174,33812130032506640,40152053420350421,0
4217344359336369,2480790791969500,73988497532217,135671031222346,231,49,22492503249793968,66567989659051855,114,174,22492503249793968,26709946839123497,0
12624415150616874,7426126536291041,442961935109364,812254176186523,231,49,3060464278937424,9057638118574091,114,174,33665107068311664,39977463326058527,0
9429038384257327,5546493150074306,9429038384257327,17290117996164947,231,49,13714964922556112,40590308579552641,114,174,150864614148117232,179152396983565069,0
6243649232991384,3672734831550751,4162432821994256,7632836506406847,231,49,8324865643988512,24637968019714443,114,174,8324865643988512,9885814920491301,0
2072969599381656,1219393878201623,1381979732921104,2534225169555639,231,49,2763959465842208,8180113415690259,114,174,2763959465842208,3282214163980701,0
3100241036475635,1823671192253883,6200482072951270,11370317272725041,231,49,49603856583610160,146805761324187283,114,174,49603856583610160,58904800734294053,0
49326664120108830,29015684686021169,32884442746739220,60303764722781521,231,49,131537770986956880,389294382079591999,114,174,131537770986956880,156201690841270409,0
16326920769581961,9604071010865365,10884613846387974,19960689900589397,231,49,7916082797373072,23428149610820825,114,174,87076910771103792,103404222027507173,0
4064807951080756,2391063493135051,8129615902161512,14908626107330113,231,49,184763997776398,546820783406393,114,174,1016201987770189,1206744426989605,0
8123469724149084,4778511587444933,5415646482766056,9931591069344805,231,49,2707823241383028,8013974826716801,114,174,2707823241383028,3215552271905593,0
8111538421745328,4771493174277269,5407692281163552,9917045210283637,231,49,10815384562327104,32008817414592527,114,174,10815384562327104,12843317823047473,0
504566843243856,296804024503241,336377895495904,616884144528681,231,49,672755790991808,1991063492513523,114,174,672755790991808,798900535544205,0
4018286098032600,2363697697267417,2678857398688400,4912825305244473,231,49,5357714797376800,15856497286987041,114,174,5357714797376800,6362310536847951,0
8025127968318975,4720663495871207,5350085312212650,9811698349034983,231,49,42800682497701200,126671338871308469,114,174,42800682497701200,50826004047752659,0
3552443316624753,2089672532580004,62323566958329,114298552784854,231,49,18946364355332016,56072969103381103,114,174,18946364355332016,22498893535977737,0
15913338254988552,9360787179134887,558362745789072,1024024838773373,231,49,21217784339984736,62795381094950311,114,174,21217784339984736,25196215280888105,0
141107744604904,83004555385837,282215489209808,517587107861863,231,49,51311907129056,151860850738033,114,174,564430978419616,670264359534997,0
1712720024367429,1007482364054527,1141813349578286,2094156703940031,231,49,830409708784208,2457650335466349,114,174,9134506796626288,10847268647954601,0
24824815228774368,14602832440559273,871046148378048,1597607240879347,231,49,33099753638365824,97960826504316719,114,174,33099753638365824,39306109908642865,0
1294815541943520,761656198683089,45432124278720,83330356467499,231,49,1726420722591360,5109451990623047,114,174,1726420722591360,2050132596210457,0
53121465868547220,31247920997687729,1863911083106920,3418838089361739,231,49,35414310579031480,104810906664700821,114,174,35414310579031480,42054658529166951,0
10176403728,6584731823,3473545805824,7001901282645,1253,612,81411229824,271171233613,625,945,162822459648,232860160013,0
29396551708758288,19021298158667587,10034022983256162304,20237314202593415729,1253,612,235172413670066304,783331670898149129,625,945,470344827340132608,672662843494273225,0
106070262134176452,68633699005853773,36205316141798895616,73025614140151889291,1253,612,848562097073411616,2826460622152515191,625,945,1697124194146823232,2427139349955131575,0
96521699500084677,62455217302481623,2059129589335139776,4153457548958719151,1253,612,772173596000677416,2572019506905426041,625,945,1544347192001354832,2208645667497242425,0
95668425884843877,61903099080948823,2040926418876669376,4116761704885645901,1253,612,765347407078751016,2549282274232549241,625,945,1530694814157502032,2189120750282925625,0
94784040569732277,61330849759503223,1011029766077144288,2039363914462788763,1253,612,758272324557858216,2525716006245615641,625,945,1516544649115716432,2168883923817912025,0
88459905097891677,57238762101953623,3774289284176711552,7613501709317571427,1253,612,707679240783133416,2357196392915838041,625,945,1415358481566266832,2024172755117894425,0
82452989027739477,53351934057268423,1758997099258442176,3548406417024563651,1253,612,659623912221915816,2197129743607816841,625,945,1319247824443831632,1886720312019793225,0
71241330782096652,46097331664360723,24317040906955657216,49059434171977033541,1253,612,569930646256773216,1898372020353105641,625,945,1139861292513546432,1630171060157562025,0
15256131302701488,9871614368141287,5207426151322107904,10507071429471091229,1253,612,122049050421611904,406531048634323829,625,945,244098100843223808,349096593086607925,0
7492584034060944,4848142608196031,2557468683626135552,5160296824115852677,1253,612,59940672272487552,199655337600407677,625,945,119881344544975104,171448156513809725,0
14746810370853288,9542053765251337,5033577939917922304,10156555023991741979,1253,612,117974482966826304,392959143459880379,625,945,235948965933652608,337442124823284475,0
455092391598247716,294471547375138409,155338202998868553728,313443992746580052703,1253,612,3640739132785981728,12126874359093949003,625,945,7281478265571963456,10413597457903880075,0
3549529557707373453,2296754418669249247,18930824307772658416,38199678782049882041,1253,612,28396236461658987624,94584527896568003249,625,945,56792472923317975248,81221688685424851825,0
421468960202666916,272715209418144359,143861405082510307328,290303530354956146953,1253,612,3371751681621335328,11230908781259728453,625,945,6743503363242670656,9644213756936459525,0
12343296130500288,7986838668903337,4213178412544098304,8502382701936946979,1253,612,98746369044002304,328912556407792379,625,945,197492738088004608,282444029195196475,0
46060010293196352,29803536057485923,15721816846744354816,31729201391962179041,1253,612,368480082345570816,1227363874579756841,625,945,736960164691141632,1053962844525013225,0
43565682481481352,28189559238545923,14870419620345634816,30012376505130954041,1253,612,348525459851850816,1160897372687116841,625,945,697050919703701632,996886715400373225,0
10844159043527688,7016808789334237,3701472953524117504,7470564258789915479,1253,612,86753272348221504,288964961116100279,625,945,173506544696443008,248140222011184375,0
10733781084623688,6945387757120237,3663797276884885504,7394591745372705479,1253,612,85870248676989504,286023713064866279,625,945,171740497353979008,245614512830350375,0
42157953040482552,27278675482836373,14389914637818044416,29043439654978275791,1253,612,337263624323860416,1123385522343045791,625,945,674527248647720832,964674530807742175,0
83406868824640929,53969150388202196,28469544558810770432,57461184013597862707,1253,612,83406868824640929,277818484338769004,625,945,83406868824640929,119284258465516550,0
165886863203481933,107338558488099967,1769459874170473952,3571387304939703427,1253,612,1327094905627855464,4420397270790751889,625,945,2654189811255710928,3795887187532697425,0
165116251903244583,106839927646898617,14089920162410204416,28438493783877724541,1253,612,1320930015225956664,4399862745517640039,625,945,2641860030451913328,3778253775137105575,0
82336225307006229,53276381053440746,28104098238124792832,56724251133877653457,1253,612,329344901228024916,1097009186524146041,625,945,658689802456049832,942024637526762425,0
81973452909248979,53041645972599746,27980271926356984832,56474551052180969707,1253,612,327893811636995916,1092175777665198041,625,945,655787623273991832,937874091521414425,0
318866765880613191,206325554284844759,54419928043624651264,109842386689297133039,1253,612,2550934127044905528,8496861994674668353,625,945,5101868254089811056,7296432536136999425,0
1240570081029337989,802721816708667011,105861980247836841728,213679628567602336453,1253,612,9924560648234703912,33057546004229760637,625,945,19849121296469407824,28387204484222884925,0
1235423416199226639,799391621819484161,105422798182334006528,212793977116838912953,1253,612,9883387329593813112,32920402519434392287,625,945,19766774659187626224,28269436595757996575,0
1231811310124924089,797054376713207111,105114565130660188928,212172396029334296203,1253,612,9854490480999392712,32824150513359443737,625,945,19708980961998785424,28186783048346008025,0
298305075717886866,193020931241927309,101821465845038716928,205531537051120717453,1253,612,2386440605743094928,7948953410128489903,625,945,4772881211486189856,6825932335776980975,0
142195614509452458,92008926984299617,48536103085893105664,97976957925845566289,1253,612,1137564916075619664,3789095153302758539,625,945,2275129832151239328,3253775270421424075,0
139224604562707458,90086508784004617,47521998357404145664,95931821981921266289,1253,612,1113796836501659664,3709926473861613539,625,945,2227593673003319328,3185791519180279075,0
137997917865127758,89292770332853167,47103289297963608064,95087412583945712039,1253,612,1103983342921022064,3677238880186003589,625,945,2207966685842044128,3157722019247309125,0
267549073555715691,173119988671964759,45661708553508811264,92180164139521691789,1253,612,2140392588445725528,7129396384309478353,625,945,4280785176891451056,6122162093047329425,0
129667562367917133,83902540306793167,2766241330515565504,5584560907424449229,1253,612,1037340498943337064,3455259399711561089,625,945,2074680997886674128,2967103732674306625,0
63219842083651029,40906956618208796,21579039431219551232,43565465205498169207,1253,612,63219842083651029,210577871028513329,625,945,126439684167302058,180827639028017425,0
30642274743627477,19827354233986423,163425465299346544,329946870606708569,1253,612,245138197949019816,816526555378354841,625,945,490276395898039632,701168513659771225,0
90188454205089681,58357235038550269,15392162851001972224,31076540593353764499,1253,612,721507633640717448,2403257216151610523,625,945,1443015267281434896,2063727511179859675,0
89524654692548181,57927717707036269,15278874400861556224,30848054426947578249,1253,612,716197237540385448,2385568910859526523,625,945,1432394475080770896,2048538203631775675,0
29413061229295002,19031980783776823,10039658232932694016,20270388633279086291,1253,612,235304489834360016,783771629384609741,625,945,470608979668720032,673041192526826125,0
86867727419663106,56208529472166319,29650850959245006848,59867014422224439123,1253,612,694941819357304848,2314769610970895573,625,945,1389883638714609696,1987741404334904725,0
86758441223421381,56137814874619969,14806773968797249024,29895889219482555999,1253,612,694067529787371048,2311857455164951223,625,945,1388135059574742096,1985240676876880375,0
28315148103511302,18321566408488873,9664903885998524416,19514551829664874541,1253,612,226521184828090416,754515472673438291,625,945,453042369656180832,647918335355254675,0
13183704807823176,8530632517192649,4500037907736977408,9086818859163761083,1253,612,105469638462585408,351306984341647483,625,945,210939276925170816,301674728405855675,0
6205247673231288,4015160256474337,2118057872462946304,4277237555295136979,1253,612,49641981385850304,165351612767893379,625,945,99283962771700608,141990930161697475,0
146545305714487812,94823433045682613,50020797683878506496,101014645890283570371,1253,612,1172362445715902496,3905001691292157871,625,945,2344724891431804992,3353307664128136175,0
291370699463245449,188533981878620551,24863633020863611648,50211283611112675623,1253,612,2330965595705963592,7764172785440065817,625,945,4661931191411927184,6667259658804542425,0
48433965791891604,31339624903024871,16532126990299000832,33386186907632658457,1253,612,387471726335132832,1290622838276269957,625,945,774943452670265664,1108285176349062725,0
1507051084798497,975150701269228,514406770277886976,1038835961314622651,1253,612,1507051084798497,5019810263889397,625,945,3014102169596994,4310617447709525,0
144053433439124412,93211045103344463,49170238613887799296,99298991247703118121,1253,612,1152427467512995296,3838600621545200221,625,945,2304854935025990592,3296287709793098525,0
287346164213334849,185929870835440951,24520206012871240448,49518558826239443373,1253,612,2298769313706678792,7656930753619678217,625,945,4597538627413357584,6575168736323674825,0
286792570666239099,185571663246265201,12236483015092868224,24711635456873350749,1253,612,2294340565329912792,7642179113215279967,625,945,4588681130659825584,6562501201457276575,0
286240026134955849,185214134432026951,24425815563516232448,49328163349697959623,1253,612,2289920209079646792,7627455425996944217,625,945,4579840418159293584,6549857670540940825,0
284140423631729499,183855568106871601,12123324741620458624,24483383038085970249,1253,612,2273123389053835992,7571507192343118367,625,945,4546246778107671984,6501813779669914975,0
282056155720655649,182506924164873751,24068791954829282048,48608005149783041373,1253,612,2256449245765245192,7515967580468415017,625,945,4512898491530490384,6454120780348731625,0
93537656468160933,60524365908438967,1995470004654099904,4029966027074269979,1253,612,748301251745287464,2492503636084660889,625,945,1496602503490574928,2140365750098606425,0
6595751261059422,4267839048325103,2251349763774949376,4546800483822715351,1253,612,52766010088475376,175757386172160901,625,945,105532020176950752,150926597933382725,0
45747122263234854,29601079090959371,15615017732517496832,31536264194806424707,1253,612,365976978105878832,1219026357827454457,625,945,731953956211757664,1046803816002167225,0
91360074776058633,59115342461094667,3898029857111835008,7872518661391577833,1253,612,730880598208469064,2434477486276807589,625,945,1461761196416938128,2090537509459553125,0
91015654097688933,58892482022226967,1941667287417363904,3921437960116073729,1253,612,728125232781511464,2425299687824008889,625,945,1456250465563022928,2082656346333314425,0
712342912888240989,460927766838671261,121573190466259795456,245538751110617404781,1253,612,5698743303105927912,18981845078719417387,625,945,11397486606211855824,16300113806919341675,0
349628255407328682,226230047455855693,119339777845701523456,241033478209368769781,1253,612,2797026043258629456,9316565469132055631,625,945,5594052086517258912,8000332920320517775,0
348897796649981382,225757397671857643,119090447923193645056,240530525983737926531,1253,612,2791182373199851056,9297100890840941081,625,945,5582364746399702112,7983618288736843225,0
2041579754338652067,1321022193032859383,348429611407129952768,703755858491721502593,1253,612,16332638034709216536,54402100429474895761,625,945,32665276069418433072,46716241917200428625,0
249304327562318649,161314564775781751,21273969285317858048,42970288834309552623,1253,612,1994434620498549192,6643227652599663017,625,945,3988869240997098384,5704681154246379625,0
247161526703532699,159928046573542801,10545558472684061824,21300712284045643749,1253,612,1977292213628261592,6586128309614165567,625,945,3954584427256523184,5655648779113122175,0
245037071146419249,158553398860621351,20909830071161109248,42235714254913502373,1253,612,1960296569171353992,6529517814961470617,625,945,3920593138342707984,5607036187647547225,0
40470476292028104,26186778757870121,13813922574345592832,27903035156509679707,1253,612,323763810336224832,1078419256306487707,625,945,647527620672449664,926061620596000475,0
10004960225132376,6473797787928599,3415026423511851008,6898184116733995333,1253,612,80039681801059008,266602786998976933,625,945,160079363602118016,228937502975745125,0
19949070492424002,12908222073739573,6809282728080726016,13754468028974107541,1253,612,159592563939392016,531584101520869991,625,945,319185127878784032,456482614303006375,0
19916334318606627,12887039843630323,3399054390375531008,6865963226327039083,1253,612,159330674548853016,530711778733220741,625,945,318661349097706032,455733532846157125,0
1807347170299407,1169459932852493,77113479266108032,155766716965859357,1253,612,14458777362395256,48160490593750531,625,945,28917554724790512,41356441368337475,0
1798010656692657,1163418659344493,306860485408880128,619852377604461803,1253,612,14384085253541256,47911699955527531,625,945,28768170507082512,41142799747714475,0
310076172835155507,200637523447921768,105839333661066413056,213799178871356572781,1253,612,620152345670311014,2065654688191388489,625,945,1240304691340622028,1773821822094414025,0
4872734818122892737,3152946056386419163,25987919029988761264,52497758354239448039,1253,612,38981878544983141896,129844062991432210421,625,945,77963757089966283792,111499873565844044725,0
1200924111572008653,777068542186394947,102478857520811405056,207019773669334076531,1253,612,9607392892576069224,32001098338345609949,625,945,19214785785152138448,27480027876005818525,0
294553664234377257,190593547298316643,6283811503666714816,12694390512310797791,1253,612,2356429313875018056,7848989534327457581,625,945,4712858627750036112,6740095390848959725,0
145379236985510541,94068917976196109,24811389778860465664,50124198669318833789,1253,612,1163033895884084328,3873929435750150203,625,945,2326067791768168656,3326626207067121275,0
71891051467468233,46517739148408267,3067351529278644608,6196785332492135833,1253,612,575128411739745864,1915685254396649189,625,945,1150256823479491728,1645039991187074725,0
35707166309437854,23104637005602371,12188046100288120832,24622999181317814707,1253,612,285657330475502832,951491049303747457,625,945,571314660951005664,817065765174140225,0
567130750076934114,366966955642773761,193580629359593510912,391086800333968218937,1253,612,4537046000615472912,15112367864511757387,625,945,9074092001230945824,12977314412920481675,0
18037592977909350873,11671383682357169827,48100247941091602328,97176720446232746953,1253,612,144300743823274806984,480648845990258440109,625,945,288601487646549613968,412743475578511017325,0
36029929461661639221,23313483750859589879,384319247591057485024,776439842965760944499,1253,612,288239435693293113768,960091739462253207193,625,945,576478871386586227536,824451374946783841625,0
71954438694657512817,46558754412609507883,47969625796438341878,96913189934362862203,1253,612,575635509557260102536,1917374339758812836261,625,945,1151271019114520205072,1646490484361699105125,0
1103475541442105478,714013585068176647,376652984812238669824,760973114372954810999,1253,612,8827804331536843824,29404380437951895149,625,945,17655608663073687648,25250172878133863725,0
8435554903527576,5458300227283049,2879336073737412608,5817461027934587083,1253,612,67484439228220608,224782749166569883,625,945,134968878456441216,193025777906618075,0
6090837122720328,3941129899740047,2079005737888538624,4200502515625495549,1253,612,48726696981762624,162302910632511949,625,945,97453393963525248,139372998777219725,0
66711579060214308,43166315827404217,22770885652553150464,46007447111704169039,1253,612,533692632481714464,1777667541987886139,625,945,1067385264963428928,1526521344199351675,0
33319446556264404,21559641871813421,11373037757871583232,22978695341465591707,1253,612,266555572450115232,887865337585650007,625,945,533111144900230464,762429058405882775,0
529066489498015839,342337139983940111,90294014207661369856,182436851905902463031,1253,612,4232531915984126712,14098067225773361737,625,945,8465063831968253424,12106313597506486025,0
4195965671346974187,2715036608645411113,44756967161034391328,90431480706797460703,1253,612,33567725370775793496,111810154887258700871,625,945,67135450741551586992,96013786112143095175,0
8341108875271213899,5397188091324895001,177943656005785896512,359538410166403259437,1253,612,66728871002169711192,222266040429975887767,625,945,133457742004339422384,190864633262239196375,0
16583831728083842673,10730714638732243627,44223551274890247128,89355254433013288453,1253,612,132670653824670741384,441910382604512687909,625,945,265341307649341482768,379477960255970705125,0
8282409985371733899,5359206456699715001,176691413021263656512,357011859966766465687,1253,612,66259279882973871192,220701887581825307767,625,945,132518559765947742384,189521463007912616375,0
4136897955956782287,2676816322232188213,44126911530205677728,89160271925432007703,1253,612,33095183647654258296,110236173924246510971,625,945,66190367295308516592,94662176256398585275,0
4130459538594278637,2672650287469936063,11014558769584743032,22255427148622835707,1253,612,33043676308754229096,110064609029692634321,625,945,66087352617508458192,94514849948880948625,0
4123218288413661987,2667964772649120913,43980995076412394528,88865867064094784203,1253,612,32985746307309295896,109871651000759064671,625,945,65971492614618591792,94349152916247298975,0
256596059881586757,166032744491634268,87584788439581613056,176970680561650729031,1253,612,256596059881586757,854691371319877057,625,945,513192119763173514,733941890707889825,0
511432288677067839,330926774751555236,174568887868439155712,352729387066753820437,1253,612,511432288677067839,1703520952043647889,625,945,1022864577354135678,1462850141107253425,0
891691569,544922620,76091013888,147167778317,593,528,1188922092,3987658097,295,450,7133532552,9114088865,0
58615123554244842,35820352558326743,312613992289305824,610104086607479801,593,528,6795956354115344,22792653063454947,295,450,58615123554244842,74880950184989789,0
5174344607396016,3162099417360907,7612828847663104,14861316138813991,593,528,599924012451712,2012055445119459,295,450,20697378429584064,26440861956665779,0
1256072503506384,767599847258023,1848014717802496,3608552427789859,593,528,3349526676017024,11233796074713033,295,450,5024290014025536,6418500304425631,0
52872350816874984,32310880366224185,2255886968186665984,4406824684531948981,593,528,140992935511666624,472867546832994279,295,450,211489403267499936,270175085986987325,0
50459310547889586,30836244662310527,538232645844155584,1051889819348088361,593,528,134558161461038896,451285318601669037,295,450,25229655273944793,32230399649677468,0
46225338724899474,28248817465467071,493070279732261056,964474811020624069,593,528,123267569933065264,413416695283888557,295,450,23112669362449737,29525677609525954,0
50128379698844802,30634009087267573,1069405433575355776,2093636208401829049,593,528,133675679196919472,448321551515154231,295,450,100256759397689604,128073382470200783,0
49827206697317886,30449958921862945,531490204771390784,1040594602199210381,593,528,132872551192847696,445627873811861331,295,450,24913603348658943,31825953991921595,0
49588493356819650,30304078548854641,211577571655763840,414264703293624491,593,528,132235982284852400,443492832539566203,295,450,99176986713639300,126693848340924221,0
56931055675596600,34791199846367459,485811675098424320,951504004145276843,593,528,151816148468257600,509159943732825597,295,450,227724222702386400,290905695098382383,0
13820065113827760,8445595139368181,117931222304663552,231051361915245185,593,528,36853506970207360,123598832513163483,295,450,55280260455311040,70617350448031997,0
130028767724820,79462022742547,1109578817918464,2174408806376905,593,528,346743380599520,1162902189273621,295,450,520115070899280,664415150778589,0
1720048381257552,1051140650963159,73388730933655552,143854423420058983,593,528,4586795683353472,15383098718754969,295,450,6880193525030208,8788998757390223,0
18794925306302520,11485787396962351,160383362613781504,314401972995023143,593,528,50119800816806720,168090667219987953,295,450,75179701225210080,96037082000572987,0
74791671138566040,45706020093452257,638222260382430208,1251189166652232721,593,528,199444456369509440,668892156636549471,295,450,299166684554264160,382165330208048509,0
74276781550699116,45391365349306603,3169142679496495616,6213357455707649249,593,528,198071417468530976,664287023735328525,295,450,297107126202796464,379534028438570881,0
73821562425447924,45113175887414965,3149719996819111424,6175703743936162991,593,528,196857499801194464,660215579363507859,295,450,295286249701791696,377207668422934735,0
43231237410239445,26419088851771687,737813118468086528,1446787885350908795,593,528,115283299760638520,386633938008668991,295,450,345849899281915560,441798676311787163,0
50471799480893490,30843876665662079,107673172225906112,211166977284118565,593,528,134591465282382640,451388803780071597,295,450,25235899740446745,32237015194321156,0
41758129453394100,25518856223089483,12287449586286080,24104149778937509,593,528,111355011875717600,373458585868648989,295,450,167032517813576400,213371154784104421,0
4318042159632675,2638803472442929,2541192627278080,4986326004949009,593,528,11514779092353800,38617815304344057,295,450,34544337277061400,44127586705273421,0
2942286503216268,1798063925203849,125537557470560768,246521411015528927,593,528,7846097341910048,26313827284296015,295,450,11769146012865072,15033986963411023,0
5777010923132865,3530395464927983,2404739506214656,4725817653414111,593,528,15405362461687640,51665488114261279,295,450,46216087385062920,59036203092592567,0
74649992517887115,45619438586211878,31073818023705856,61071118229894991,593,528,49766661678591410,166904081230223641,295,450,597199940143096920,762859582303466047,0
5088696625729983,3109758961305520,434235445395625216,853451402498677819,593,528,6784928834306644,22754834420780649,295,450,40709573005839864,52002143884574375,0
251102047432489638,153451246870151317,2678421839279889472,5264457159080253003,593,528,669605459819972368,2245676833496262479,295,450,125551023716244819,160377966943573208,0
62481130063666215,38182911734583232,1066344619753236736,2096030462871659847,593,528,83308173418221620,279393148921796473,295,450,499849040509329720,638503085611970543,0
29807698941117465,18215815502691422,508718061928404736,999978545664942757,593,528,9935899647039155,33322322702772402,295,450,238461591528939720,304608776179515853,0
29690497294681407,18144192275330165,2533589102479480064,4980478595536006901,593,528,79174659452483752,265530346287201597,295,450,237523978357451256,303410896090763665,0
60722364438377574,37108110534422659,1295410441352054912,2547201854961749253,593,528,161926305169006864,543056143887093761,295,450,121444728876755148,155131829751021719,0
41344688241950774,25266197635209429,1323030023742424768,2602280107106357567,593,528,330757505935606192,1109267688522993613,295,450,20672344120975387,26406473901136241,0
68569020806020536,41903289260175839,2925611554390209536,5756056312552303539,593,528,182850722149388096,613229001399776833,295,450,274276083224082144,350354032370216363,0
64354081265000664,39327492938761751,2745774133973361664,5403556895353660411,593,528,171610883373335104,575533059926795337,295,450,257416325060002656,328816780982532467,0
9839884162992582,6013262364967537,52479382202627104,103285305221917951,593,528,26239691101313552,88000265869860723,295,450,9839884162992582,12569194578221371,0
5787637776164964,3536889646523533,246939211783038464,486033431847275231,593,528,15433700736439904,51760111555185243,295,450,23150551104659856,29571848902984351,0
18800314966570368,11489081025420241,802146771907002368,1578820666535468297,593,528,50134173244187648,168135326338632351,295,450,75201259866281472,96059921212502977,0
74813174137511040,45719160604306939,638405752640094208,1256623756444711495,593,528,199501797700029440,669070332024920277,295,450,299252696550044160,382256451225050443,0
74298210360142260,45404460522858781,634011395073213952,1248087345659604235,593,528,198128560960379360,664464584342090283,295,450,297192841440569040,379624835014615447,0
2845436723788668,1738877945525333,121405300214983168,239006687077922467,593,528,7587831263436448,25447333967061987,295,450,11381746895154672,14538677332333331,0
2833932321624399,1731847477641992,241828891445282048,476106212550367547,593,528,3778576428832532,12672220299017325,295,450,22671458572995192,28959772994576743,0
31016121447399159,18954295866891457,2646709030178061568,5211118515815730277,593,528,82709657193064424,277383466826343105,295,450,248128971579193272,316951501780219553,0
54624591105859221,33381693552908275,4661298441033320192,9178210095027810303,593,528,145665576282291256,488518645797908531,295,450,436996728846873768,558204334395577715,0
150973934222244206,92261845882808421,1207791473777953648,2378445562629826637,593,528,1207791473777953648,4050567838558428877,295,450,150973934222244206,192848551451983093,0
162535164415892074,99327041882664855,2600562630654273184,5121819488688996731,593,528,1300281315327136592,4360747907437083887,295,450,162535164415892074,207616118123909885,0
35082608951429614,21439371478865373,561321743222873824,1105631657803014071,593,528,280660871611436912,941250696891535589,295,450,35082608951429614,44813112407563139,0
2089847199414228,1277128804741369,89166813841673728,175648323895227267,593,528,5572925865104608,18689878850438735,295,450,8359388797656912,10677934136944963,0
336748024845903,205790453261353,28735831453517056,56612737182574189,593,528,39043249257496,130938968090559,295,450,2693984198767224,3441178126001417,0
3676563134312541,2246788512308513,313733387461336832,618152048433530723,593,528,426268189485512,1429570750051635,295,450,29412505074500328,37570206951192727,0
99328125958353564,60700519531906727,4238000040889752064,8350427846342394421,593,528,2085629941382752,6994552159302735,295,450,397312503833414256,507508878947177429,0
395741452612480818,241841991285319403,1055310540299948848,2079464606605096087,593,528,8309531813385424,27867569445478911,295,450,395741452612480818,505501757304167699,0
98453171597884764,60165825208838393,4200668654843083264,8277871461840291031,593,528,262541790927692704,880482703147887423,295,450,393812686391539056,503037632439453671,0
558292521604422,341178752538451,11910240460894336,23471048377941829,593,528,1488780057611792,4992899986842225,295,450,1116585043208844,1426272265525751,0
5029603849921596,3073646700663889,214596430929988096,422949582373202079,593,528,13412276933124256,44980528353663143,295,450,20118415399686384,25698261472543663,0
1653817803970406,1010666403808461,52922169727052992,104324296470396323,593,528,13230542431763248,44371004667770437,295,450,826908901985203,1056249814587419,0
2163867139789572,1322363210103653,92324997964355072,182020497970637703,593,528,5770312372772192,19351768404561091,295,450,8655468559158288,11056022520804551,0
23579091654090756,14409444440004713,1006041243907872256,1983690494963226859,593,528,62877577744242016,210870990155341695,295,450,94316366616363024,120474379511850251,0
23270162347559130,14220654311255183,24821506504063072,48951568412460055,593,528,2697989837398160,9048173565862203,295,450,23270162347559130,29723919169083449,0
89252210128335,54543015522361,1523237719523584,3005328004404585,593,528,10348082333720,34703998447951,295,450,714017681026680,912038903211689,0
5571979728145474,3405098610250467,1087215556711312,2145882321600743,593,528,1938079905441904,6499657133974525,295,450,5571979728145474,7117244783067971,0
8134727686743518,4971222310384065,6349055755507136,12532713230811499,593,528,65077821493948144,218248634627623129,295,450,4067363843371759,5195350375229405,0
137458309041051274,84002297175556791,2199332944656820384,4341752154344691941,593,528,1099666472328410192,3687901503159686351,295,450,137458309041051274,175578911036353193,0
213418283792414178,130422280191557159,2276461693785751232,4494324785404266273,593,528,24744148845497296,82983298009958435,295,450,106709141896207089,136302121438905196,0
29967578028400803,18313519293748607,2557233325090201856,5049105600772712669,593,528,3474501800394296,11652269020381293,295,450,239740624227206424,306226049897689513,0
2293638300013137,1401667803011339,195723801601121024,386473471997994971,593,528,6116368800035032,20512162971549219,295,450,18349106400105096,23437702112369791,0
207692848817949,126923403346942,17723123099131648,34997855547389197,593,528,69230949605983,232176334705725,295,450,1661542790543592,2122322289463793,0
99771643982406495,60971558155411897,1702769390633070848,3362830716970063865,593,528,266057717286417320,892263794537273721,295,450,798173151859251960,1019521374448992953,0
1343232081815538210,820864022240173571,358195221817476856,707464671508674925,593,528,3581952218174768560,12012599851912268553,295,450,1343232081815538210,1715733533631036263,0
2672090628609063378,1632944217671092051,14251150019248338016,28149416501104412389,593,528,7125575009624169008,23896646404549764441,295,450,2672090628609063378,3413104195993152193,0
5312892459726018906,3246767503866211127,3541928306484012604,6996761994738846841,593,528,14167713225936050416,47513453716522104357,295,450,5312892459726018906,6786235498881616211,0
328787211817850532,200925511466456315,14028254370894956032,27715651173217158013,593,528,876765898180934752,2940357626351206797,295,450,1315148847271402128,1679855896742698445,0
33217808682033972,20299771274359099,1417293170433449472,2800661111100005413,593,528,88580823152090592,297067950924888109,295,450,132871234728135888,169717693861637653,0
17946973117376694,10967594303926169,2334565608764448,4613911892379887,593,528,16384318719504,54947020656691,295,450,17946973117376694,22923799587961427,0
32437619090574156,19822988754484825,33756221492630016,66728417996544119,593,528,29613254904096,99311928127271,295,450,129750476362296624,165730792666004095,0
19640374429545564,12002450620711463,837989308993944064,1656748488805788181,593,528,52374331812121504,175644050224938033,295,450,78561497718182256,100346737084670261,0
40958252328213150,25030042213341859,174755209933709440,345514058311893279,593,528,109222006208568400,366289952004874097,295,450,81916504656426300,104632041851769029,0
48192633597024525,29451052831708229,822487613389218560,1626275838745643871,593,528,128513689592065400,430986924389263057,295,450,385541068776196200,492451628086185871,0
22906738280219439,13998561789768352,1954708333245392128,3865342647061691467,593,528,30542317706959252,102427477206569985,295,450,183253906241755512,234069953458596983,0
22804289125204701,13935953973918850,1945966005350801152,3848320232376172693,593,528,15202859416803134,50984669451084009,295,450,182434313001637608,233022892234961465,0
95350791547468356,58269926112736285,4068300439358649856,8045441036796165279,593,528,254268777459915616,852721785845736971,295,450,381403166189873424,487165299241555615,0
28105224518291684,17175414377510367,3597468738341335552,7114370752527063203,593,528,224841796146333472,754034741362407355,295,450,112420898073166736,143594918089285009,0
40209002373895368,24572167249309261,1715584101286202368,3392897647606321497,593,528,107224006330387648,359588868269613011,295,450,160836009495581472,205435301533641217,0
160062654379395768,97816063101259807,6829339920187552768,13507339244040046707,593,528,426833745011722048,1431438802753059329,295,450,640250617517583072,817789247256423019,0
638379153057178302,390120579699509893,3404688816304950944,6734233456456237131,593,528,1702344408152475472,5709017363156319791,295,450,638379153057178302,815398383338542039,0
76185070325765088,46557541324168655,3250563000565977088,6429570169731989767,593,528,203160187535373568,681322096501260033,295,450,304740281303060352,389243043811470095,0
19882629123998304,12150495144143099,848325509290594304,1678014926008792851,593,528,53020344330662144,177810073166103061,295,450,79530516495993216,101583852105792443,0
32520885674832900,19873873872910469,277511557758574080,548930466553843003,593,528,86722361799554400,290833813653048227,295,450,130083542699331600,166154915659494503,0
31094359072780275,19002107646939424,530677061508783360,1049709918085300051,593,528,41459145430373700,139038198780890621,295,450,248754872582242200,317733057159617051,0
44821509870851979,27390921724403978,3824768842312702208,7565856402390626507,593,528,14940503290283993,50104754810123496,295,450,358572078966815832,458001715134441607,0
93375893192245647,57063043805938354,194343322416381184,384456488869871511,593,528,31125297730748549,104382356814826978,295,450,747007145537965176,954146562574565051,0
64451175506557317,39386828070347737,134142283981127424,265377169894023331,593,528,171869801350819512,576385507344971533,295,450,515609404052458536,658583606351138543,0
18154954514538054,11094694028886055,387305696310145152,766256048737597343,593,528,48413212038768144,162359332903484509,295,450,36309909029076108,46378316107414145,0
50044130442954753,30582523061960722,4270432464465472256,8449755804788590569,593,528,33362753628636502,111885800732280371,295,450,400353043543638024,511366544709735773,0
1717927033087860,1049844260204491,14659644015683072,29009280741040785,593,528,4581138754900960,15363363816566813,295,450,6871708132351440,8777147134699717,0
4606092036978810,2814833921005271,2456582419722032,4861608812978255,593,528,12282912098610160,41192109015581253,295,450,4606092036978810,5883298125876863,0
83278401893764548,50892354870893989,3553211814133954048,7032474723665543847,593,528,222075738383372128,744755290619539715,295,450,333113607575058192,425480978256979303,0
1323582856286662482,808856160579721777,28236434267448799616,55891129912591171179,593,528,3529554283431099952,11836739943384358043,295,450,2647165712573324964,3381180400435649057,0
48842640530930316,29848279237001395,2083952662653026816,4125396558009667769,593,528,130247041415814176,436797226191062661,295,450,195370562123721264,249543230146359385,0
341145967336387500,208478083546202683,2911112254603840000,5763045215898258781,593,528,909722579563700000,3050850305391676989,295,450,1364583869345550000,1742957163182398321,0
599956733277262500,366640212479014993,5119630790632640000,10136155361582994951,593,528,1599884622072700000,5365378568111349719,295,450,2399826933109050000,3065249962664212291,0
641,427,1282,1357,63,50,1282,2345,30,48,641,529,0
1151877,766678,383959,430459,63,50,2303754,4203709,30,48,2303754,1881355,0
1486119,988721,990746,1142621,63,50,2972238,5416703,30,48,1486119,1207045,0
669043,444938,669043,791743,63,50,1338086,2435707,30,48,1338086,1081261,0
1562179,1038817,3124358,3717383,63,50,3124358,5685819,30,48,1562179,1260963,0
697091,463482,697091,837191,63,50,697091,1288313,30,48,1394182,1123213,0
901417,598909,1802834,2260859,63,50,3605668,7471399,30,48,3605668,2925253,0
3693063,2452118,1231021,1603171,63,50,1231021,2801494,30,48,1231021,1188399,0
1447941,961364,482647,630022,63,50,965294,2209139,30,48,965294,941235,0
2391697,1587944,2391697,3125272,63,50,4783394,10974767,30,48,4783394,4685099,0
3525249,2340470,1175083,1538683,63,50,1175083,2709475,30,48,1175083,1161096,0
1386723,920636,462241,606466,63,50,924482,2141741,30,48,924482,921117,0
5347965,3550202,356531,469841,63,50,1782655,4173496,30,48,1782655,1809183,0
10022565,6652462,668171,887531,63,50,3340855,7969351,30,48,3340855,3502448,0
4165713,2763770,462857,630007,63,50,462857,1168230,30,48,1388571,1601297,0
1760193,1167334,195577,272177,63,50,195577,518829,30,48,586731,733828,0
3403953,2257250,378217,528867,63,50,378217,1013960,30,48,1134651,1443227,0
943803,625810,104867,147267,63,50,497,1345,30,48,314601,406192,0
6464829,4286398,2154943,3035743,63,50,10213,27829,30,48,2154943,2812688,0
6342273,4204918,704697,995497,63,50,704697,1931873,30,48,2114091,2785864,0
252126,167137,56028,79703,63,50,112056,311873,30,48,336168,453613,0
120582,79925,26796,38371,63,50,53592,151285,30,48,160776,221777,0
1436589,952190,159621,228821,63,50,159621,451645,30,48,478863,662936,0
1428297,946678,476099,683099,63,50,476099,1349639,30,48,476099,661020,0
1420029,941182,157781,226581,63,50,157781,448117,30,48,473343,659104,0
350370,232213,15572,22407,63,50,155720,444157,30,48,467160,654793,0
653310,432899,29036,42241,63,50,290360,847611,30,48,871080,1265039,0
614880,407359,27328,40133,63,50,273280,813651,30,48,819840,1226719,0
153120,101441,20416,30001,63,50,204160,608647,30,48,204160,306081,0
152163,100805,33814,49739,63,50,67628,202035,30,48,202884,305123,0
151209,100171,33602,49477,63,50,67204,201189,30,48,201612,304165,0
1204917,798208,401639,591764,63,50,803278,2407933,30,48,803278,1214265,0
600558,397841,400372,590197,63,50,800744,2402867,30,48,800744,1212349,0
2096818,1389031,4193636,6184361,65,50,8387272,25188991,31,49,8387272,12714097,0
511583779,338897106,511583779,754442779,65,50,511583779,1536448759,31,49,511583779,775529740,0
383678197,254166425,767356394,1131640319,65,50,1534712788,4609269115,31,49,1534712788,2326560001,0
287751183,190619858,95917061,141451961,65,50,95917061,288074339,31,49,95917061,145408114,0
287722272,190600645,191814848,282880073,65,50,383629696,1152220195,31,48,383629696,581603237,0
71923104,47645201,15982912,23571287,65,50,31965824,96011709,31,48,95897472,145393265,0
95887836,63520531,21308408,31425733,65,50,42616816,128007039,31,48,127850448,193847947,0
31959295,21171306,6391859,9426899,65,50,31959295,95998639,31,48,31959295,48459472,0
19173650,12701503,1533892,2262265,65,50,76694600,230381303,31,48,76694600,116296889,0
71893725,47625677,1917166,2827585,65,50,95858300,287956709,31,48,95858300,145363567,0
1150270698,761991625,766847132,1131010157,65,50,1533694264,4607230195,31,48,1533694264,2325787853,0
4600963395,3047887154,102243631,150798071,65,50,511218155,1535716839,31,48,1533654465,2325757676,0
445426065,295070324,9898357,14599322,65,50,98983570,297364293,31,48,296950710,450352447,0
229966305,152339954,15331087,22612957,65,50,76655435,230302892,31,48,76655435,116267191,0
467035125,309384008,6227135,9186248,65,50,311356750,935729593,31,48,311356750,472471709,0
4518115875,2992984486,20080515,29626897,65,50,502012875,1509156176,31,48,1506038625,2286358489,0
4590867645,3041177974,102019281,150520421,65,50,510096405,1533470459,31,48,1530289215,2323204606,0
4666004595,3090951494,103688991,152984581,65,50,518444955,1558581904,31,48,1555334865,2361258761,0
388491390,257351797,17266284,25478599,65,50,172662840,519222533,31,49,517988520,786739777,0
7955585,5270073,3182234,4696499,65,50,31822340,95724323,31,49,31822340,48355529,0
1109003742,734644501,246445276,363728451,65,50,492890552,1482760549,31,49,1478671656,2247145633,0
218132523,144498866,24236947,35772147,65,50,24236947,72915491,31,49,72710841,110507216,0
36354475,24082516,1454179,2146282,65,50,72708950,218742683,31,49,72708950,110505779,0
76342475,50572006,3053699,4507097,65,50,76342475,229675964,31,49,76342475,116029607,0
1145017995,758500922,76334533,112667593,65,50,381672665,1148300231,31,49,381672665,580117858,0
1144902657,758424274,381634219,563290369,65,50,381634219,1148223172,31,49,381634219,580088639,0
1144783539,758345114,127198171,187747071,65,50,127198171,382714529,31,49,381594513,580058462,0
381556071,252756158,42395119,62577069,65,50,42395119,127562948,31,49,127185357,193343081,0
127172123,84243258,127172123,187714823,65,50,127172123,382662317,31,49,127172123,193333022,0
381477931,252704230,381477931,563096881,65,50,381477931,1147909900,31,49,381477931,579969847,0
2288808039,1516185808,762936013,1126169188,65,50,1525872026,4591560023,31,49,1525872026,2319849211,0
653928681,433184998,217976227,321755827,65,50,217976227,655926139,31,49,217976227,331402856,0
326938821,216575540,108979607,160867382,65,50,217959214,655892035,31,49,217959214,331389923,0
74300551149,49219233794,24766850383,36559361833,67,50,24766850383,74531248702,32,50,24766850383,37657419897,0
1611469161635,1067492450126,322293832327,475751129017,67,50,1611469161635,4849418121794,32,50,1611469161635,2450201503817,0
2342750133345,1551918039167,312366684446,461097430391,67,50,3123666844460,9400104323339,32,50,3123666844460,4749468487177,0
378061955034,250441203755,252041303356,372048773431,67,50,504082606712,1516945654145,32,50,504082606712,766447708879,0
756123304734,500882005235,168027401052,248032349077,67,50,336054802104,1011296563435,32,50,1008164406312,1532894804159,0
74372722641,49267041658,8263635849,12198303799,67,50,8263635849,24867934598,32,50,24790907547,37694118961,0
23265308351,15411737990,23265308351,34342910801,69,50,23265308351,70012790690,33,51,23265308351,35374477157,0
35451842619,23484516032,11817280873,17443995148,69,50,23634561746,71124030227,33,51,23634561746,35935948503,0
20107754139,13320065653,13405169426,19787952401,69,50,26810338852,80681027161,33,51,26810338852,40764707267,0
1286581115094,852275433715,857720743396,1266118969471,69,50,1715441486792,5162322514865,33,51,1715441486792,2608303337199,0
908927422458,602104680895,605951614972,894471670747,69,50,1211903229944,3647012500685,33,51,1211903229944,1842681422883,0
1929721686387,1278313789726,643240562129,949515607079,69,50,643240562129,1935721251818,33,51,643240562129,978038310207,0
5794341538581,3838370445506,643815726509,950364645859,69,50,643815726509,1937452166166,33,51,1931447179527,2936738647373,0
5626389119355,3727113005134,125030869319,184563555409,69,50,625154346595,1881294023094,33,51,1875463039785,2851615663711,0
5468040425265,3622217401562,364536028351,538107642961,69,50,1822680141755,5485041210026,33,51,1822680141755,2771360113273,0
84203410269,55779225122,28067803423,41432118073,69,50,28067803423,84465211246,33,52,28067803423,42676711449,0
74294835693,49215445666,24764945231,36556625081,69,50,24764945231,74525834198,33,52,24764945231,37654764321,0
4253091807861,2817393787186,472565756429,697575148779,69,50,472565756429,1422105392146,33,52,1417697269287,2155589978713,0
74226712509,49170318026,8247412501,12174374751,69,50,8247412501,24819193196,33,52,24742237503,37620298355,0
81687066087,54112311430,27229022029,40193995579,69,50,27229022029,81941210410,33,52,27229022029,41401482203,0
4680544655259,3100553144830,520060517251,767685000701,69,50,520060517251,1565035837410,33,52,1560181551753,2372242551451,0
4824547794189,3195945729082,536060866021,791304204071,69,50,536060866021,1613187752592,33,52,1608182598063,2445231178519,0
5146253726073,3409054728346,1715417908691,2532208747541,69,50,1715417908691,5162275248638,33,52,1715417908691,2608285412061,0
5146238245557,3409044440762,1715412748519,2532202358869,69,50,1715412748519,5162264904196,33,52,1715412748519,2608281489051,0
1715407429587,1136344612222,571802476529,844065257879,69,50,571802476529,1720751413826,33,52,571802476529,869425815111,0
14630332299,9691633000,4876777433,7198847408,69,50,9753554866,29351825455,33,52,9753554866,14830286907,0
837805034,554990737,1675610068,2473449343,69,50,3351220136,10084983617,33,52,3351220136,5095533503,0
47650133606,31565079757,95300267212,140677362787,69,50,190600534424,573583221077,33,52,190600534424,289808383739,0
52018847293,34459065131,104037694586,153575134061,69,50,208075389172,626171378341,33,52,208075389172,316379113447,0
283606869315,187870897156,18907124621,27909742526,69,50,189071246210,568981721801,33,52,189071246210,287483598433,0
850595542665,563463593122,56706369511,83707134421,69,50,283531847555,853247987156,33,52,283531847555,431112213063,0
2269291223385,1503256012129,100857387706,148881405011,69,50,1008573877060,3035187407331,33,52,3025721631180,4600700857819,0
2310012877887,1530231288709,513336195086,757768608811,69,50,1026672390172,3089681962011,33,52,3080017170516,4683325046971,0
4688665011459,3105931552582,520962779051,769026800601,69,50,520962779051,1567792949992,33,52,1562888337153,2376453326449,0
